dataset,ridge_k4_NTv3_650M_pre_R2,ridge_k4_NTv3_650M_pre_MSE,kmer_k4_MCC,kmer_k4_AUROC,kmer_k4_F1,kmer_k4_Accuracy,fm_NTv3_650M_pre_MCC,fm_NTv3_650M_pre_AUROC,fm_NTv3_650M_pre_F1,fm_NTv3_650M_pre_Accuracy,kmer_k5_MCC,kmer_k5_AUROC,kmer_k5_F1,kmer_k5_Accuracy,kmer_k6_MCC,kmer_k6_AUROC,kmer_k6_F1,kmer_k6_Accuracy,fm_hyenadna-medium-160k-seqlen-hf_MCC,fm_hyenadna-medium-160k-seqlen-hf_AUROC,fm_hyenadna-medium-160k-seqlen-hf_F1,fm_hyenadna-medium-160k-seqlen-hf_Accuracy,ridge_k4_hyenadna-medium-160k-seqlen-hf_R2,ridge_k4_hyenadna-medium-160k-seqlen-hf_MSE,ridge_k5_hyenadna-medium-160k-seqlen-hf_R2,ridge_k5_hyenadna-medium-160k-seqlen-hf_MSE,ridge_k6_hyenadna-medium-160k-seqlen-hf_R2,ridge_k6_hyenadna-medium-160k-seqlen-hf_MSE,ridge_k5_NTv3_650M_pre_R2,ridge_k5_NTv3_650M_pre_MSE,ridge_k6_NTv3_650M_pre_R2,ridge_k6_NTv3_650M_pre_MSE,n_train,n_test,n_classes,class_balance,seq_len_mean,seq_len_std,seq_len_min,seq_len_max,gc_content_mean,tok_NTv3_650M_pre_MCC,tok_NTv3_650M_pre_AUROC,tok_NTv3_650M_pre_F1,tok_NTv3_650M_pre_Accuracy,tok_hyenadna-medium-160k-seqlen-hf_MCC,tok_hyenadna-medium-160k-seqlen-hf_AUROC,tok_hyenadna-medium-160k-seqlen-hf_F1,tok_hyenadna-medium-160k-seqlen-hf_Accuracy,kmer_multi_k4_5_6_MCC,kmer_multi_k4_5_6_AUROC,kmer_multi_k4_5_6_F1,kmer_multi_k4_5_6_Accuracy,ridge_multi_k4_5_6_NTv3_650M_pre_R2,ridge_multi_k4_5_6_NTv3_650M_pre_MSE,ridge_multi_k4_5_6_hyenadna-medium-160k-seqlen-hf_R2,ridge_multi_k4_5_6_hyenadna-medium-160k-seqlen-hf_MSE,fm_DNABERT-2-117M_MCC,fm_DNABERT-2-117M_AUROC,fm_DNABERT-2-117M_F1,fm_DNABERT-2-117M_Accuracy,onehot_512bp_MCC,onehot_512bp_AUROC,onehot_512bp_F1,onehot_512bp_Accuracy,onehot_1024bp_MCC,onehot_1024bp_AUROC,onehot_1024bp_F1,onehot_1024bp_Accuracy,onehot_2048bp_MCC,onehot_2048bp_AUROC,onehot_2048bp_F1,onehot_2048bp_Accuracy
EMP/Yeast_H3,0.3697190284729004,99.78659057617188,0.6502389898680512,0.9111213023625174,0.8248500928187916,0.8251670378619154,0.7548902158556319,0.9444018264840184,0.8774423197253198,0.8775055679287305,0.6318674532287831,0.9018959698233076,0.8157460577126388,0.8160356347438753,0.6599388038043943,0.904206670637284,0.8298257276803328,0.8300668151447661,0.6436585652697211,0.8987361524717093,0.8203615130693754,0.8211581291759465,0.63623046875,0.001633153646253,0.652484655380249,0.0015649180859327,0.6518653035163879,0.0015802246052771,0.3936607837677002,96.77811431884766,0.4145350456237793,94.29983520507812,10475.0,4490.0,2.0,0.9519,500.0,2.3,290.0,500.0,0.3844,0.5131197926497486,0.8091872146118722,0.7516331255263566,0.7543429844097995,0.5160519778885696,0.810770299781616,0.7536834508074055,0.7561247216035635,0.6103227536309774,0.8995844748858448,0.8027968981736853,0.8040089086859689,0.4243373545551742,86.07902052144736,0.4243371924391004,86.07944963643082,0.6300758293706441,0.8902912447885647,0.8150377528062227,0.8151447661469933,-0.0171450886152742,0.4941371848322414,0.4912551464870306,0.4922048997772829,0.4110237807413849,0.7531262656343062,0.7015225120635005,0.7044543429844098,0.4412819486240339,0.774604725034743,0.7170881526413042,0.7195991091314031
EMP/Yeast_H3K14ac,0.378352552652359,93.73953247070312,0.3633473065783845,0.7592120191746439,0.6619566037625517,0.6912758446797781,0.5131740219570456,0.8271539304438265,0.7565575429117047,0.7606656580937973,0.3864247241018781,0.7911868390226688,0.6526601076923235,0.6960161371659103,0.3976585207951492,0.8228181115085008,0.6330929463240547,0.6921835602622289,0.2806214951602538,0.7048272321997113,0.6330506375601048,0.653857791225416,0.6133499145507812,0.0016196547076106,0.6354297399520874,0.001529796863906,0.6452277898788452,0.001493498799391,0.4013736248016357,90.45206451416016,0.4232700169086456,87.7040023803711,23133.0,9915.0,2.0,0.7606,500.0,1.6,290.0,500.0,0.3811,0.0477184505461863,0.5391174294382655,0.4893578976545768,0.5601613716591024,0.043664699857872,0.535311503393437,0.4894315216513089,0.5579425113464448,0.3760312874377186,0.772587855594528,0.6593329524452467,0.6949067070095815,0.4338100328925828,80.20493389899488,0.4338088611133513,80.20458040283025,0.3319182135282352,0.730884638395984,0.6591084831505784,0.6776601109430156,0.031569406392978,0.509314602491616,0.5124020175337716,0.534947049924357,0.0151087765804187,0.529998479387324,0.3669078293021517,0.5684316691880988,0.0252161372517463,0.522623922470974,0.3675843487541924,0.5690368129097327
EMP/Yeast_H3K36me3,0.3880302011966705,93.6833267211914,0.4178110054905303,0.7833218141366582,0.7059778863145578,0.7122790253225035,0.5520223328286477,0.8492533265542199,0.7744692952961457,0.7781175346392738,0.4437202686165719,0.798614503977948,0.7149401379307431,0.7240324892498805,0.4596250565941954,0.8173964585311126,0.7177243575293998,0.7298614429049212,0.3510467467975927,0.7389518325453055,0.6721059028233436,0.6797897754419494,0.6176653504371643,0.0016209644963964,0.6406227350234985,0.0015261014923453,0.6497713327407837,0.0014936024090275,0.4102843999862671,90.61666870117188,0.4334729611873626,87.3066177368164,24415.0,10465.0,2.0,0.8463,500.0,1.1,310.0,500.0,0.3814,0.0823228246548226,0.568900188146879,0.539802782241339,0.5479216435738175,0.0940302524711513,0.5684300967921465,0.5451055717988409,0.5542283803153368,0.4460077466711748,0.797345847623831,0.7180766382448587,0.7256569517439083,0.4439526599912743,80.16816373710124,0.4439551427959985,80.1684448364959,0.3925002766284089,0.7587381124611963,0.6956704661904489,0.6994744386048733,0.0218129279805451,0.5098461363393287,0.5097941868607228,0.5180124223602485,0.0612813744653874,0.5507924854233615,0.4227275330774958,0.5513616817964644,0.0393664149096571,0.5439409540395822,0.4102677679057044,0.5459149546106068
EMP/Yeast_H3K4me1,0.3817417621612549,93.15393829345705,0.3299346521568046,0.7277531975612456,0.6553141529098615,0.67003367003367,0.4579032056688147,0.7898250404494623,0.7279129565470994,0.7323232323232324,0.3495853630264314,0.7500860332382072,0.6579988086176656,0.6778198653198653,0.3697013732264936,0.770539620828705,0.6595002969170674,0.6845538720538721,0.2883595553577951,0.696974996339011,0.6379919260965401,0.6504629629629629,0.6133686304092407,0.0016691093333065,0.6359037160873413,0.0015744123375043,0.6451736688613892,0.0015403579454869,0.4039811193943023,90.06695556640625,0.4255402982234955,87.79573822021484,22173.0,9504.0,2.0,0.8346,500.0,1.6,290.0,500.0,0.382,0.1015573090422246,0.5732171877176502,0.5482702716837069,0.5593434343434344,0.0980350907790436,0.5737306414052483,0.5455652274782902,0.5583964646464646,0.3360834784283057,0.7429227281331814,0.6490794128002471,0.6710858585858586,0.4370682296530269,80.23932575133809,0.4370695483630376,80.23818408283113,0.3004060996199626,0.7036228610002893,0.6473818392071202,0.6558291245791246,0.0033314751975009,0.5020341704199244,0.4996930517151053,0.5112584175084175,0.0554628815548997,0.558959511249058,0.4132918176264596,0.5527146464646465,0.0565522014167621,0.5455222088085178,0.4118225192828506,0.5529250841750841
EMP/Yeast_H3K4me2,0.3796965777873993,92.78970336914062,0.2824098100137923,0.7137577169921949,0.6091953937263697,0.6660510592069527,0.3277396382129183,0.7369366523664174,0.6487410067799411,0.6850624660510592,0.2896240365970529,0.731294055849013,0.5895714368119462,0.666376969038566,0.2925228640029574,0.755549929612221,0.5522545806230188,0.6596414991852254,0.2662537329052003,0.6829658351893575,0.6121599322767368,0.6592069527430744,0.618223249912262,0.0015994558343663,0.6404998302459717,0.001508519751951,0.648087739944458,0.0014825420221313,0.4022888243198395,89.4922103881836,0.422222226858139,87.26455688476562,21478.0,9205.0,2.0,0.6912,500.0,1.6,290.0,500.0,0.3818,0.1863295151302954,0.6313198218881038,0.5876059029006298,0.6186854970124932,0.1806244293196357,0.6295864746071193,0.5845369624944093,0.6162954915806627,0.2821750957820748,0.724040300507419,0.596269725003618,0.6649646931015752,0.4319210379294998,80.69166007483085,0.4319210379294998,80.69166007483085,0.2314040008195934,0.6737833384757972,0.5736891555606471,0.645844649646931,0.0010217596979107,0.4980231060227579,0.4950275831986247,0.5354698533405757,0.0203085752702732,0.5894772590286868,0.3754989070341293,0.5918522542096687,0.0312090524709033,0.589471789361556,0.374404286285546,0.5921781640412819
EMP/Yeast_H3K4me3,0.3748781681060791,94.82418060302734,0.2671023546531975,0.6926387699913372,0.6157395438851525,0.6355072463768116,0.3680509487028043,0.7487677273351858,0.6830092714725595,0.6864130434782608,0.3223549350506919,0.7359162116881766,0.6317406076964759,0.657608695652174,0.3821194250634468,0.792659076464501,0.6448959540084898,0.6778079710144927,0.2014711558715121,0.647089415950433,0.5941961016750659,0.6056159420289855,0.6155552864074707,0.0016297163674607,0.6383172869682312,0.0015356588410213,0.647504448890686,0.0015025991015136,0.3986901044845581,91.24654388427734,0.4204743802547455,87.82159423828125,25759.0,11040.0,2.0,0.8771,500.0,1.5,290.0,500.0,0.3811,0.0483584387752901,0.5333947877986739,0.5196161807751235,0.5315217391304348,0.0500973468680744,0.5351228320796395,0.5210264283753417,0.5320652173913043,0.2997788366837894,0.7182282551077075,0.6251746760946301,0.6488224637681159,0.4308235491101159,81.01432853713679,0.4308235491101159,81.01432853713679,0.2127708709055569,0.6477904029188586,0.596362472319705,0.6110507246376812,0.0078761420266755,0.5080635419571584,0.5022287390029325,0.5097826086956522,0.0191577518915003,0.5197830565965237,0.4314241343816825,0.5313405797101449,0.0253775727446106,0.5289456233782384,0.432007640878701,0.5334239130434782
EMP/Yeast_H3K79me3,0.3877955377101898,93.4478988647461,0.5617634092419973,0.8564056422060189,0.7786707497407847,0.78166897827092,0.6335808217713691,0.8887258894415203,0.8158955513056626,0.8176144244105409,0.5733300037492575,0.8651960768533273,0.7830605371282557,0.786754507628294,0.5818747758543935,0.8710093840037343,0.7850023227225792,0.7897595931576514,0.5055766150645019,0.820788760656934,0.7511544101369763,0.7541608876560333,0.6158683896064758,0.001705513219349,0.6380413770675659,0.0016096086474135,0.6447353363037109,0.001585395890288,0.4079035818576813,90.37236785888672,0.4275358617305755,88.0279769897461,20185.0,8652.0,2.0,0.8802,500.0,1.2,310.0,500.0,0.3799,0.1906044492006434,0.6422287411270463,0.5929863616278617,0.5993989828941285,0.1836826311084446,0.639563340683868,0.5897268400432049,0.5959315765141008,0.5788114395608704,0.8641609928050606,0.7864879317766964,0.7897595931576514,0.4396553932718638,80.2152622682279,0.4396553932718638,80.2152622682279,0.5165480503327811,0.8241314297058177,0.7577448580889201,0.7597087378640777,0.0286238706065427,0.5168468888996196,0.5138322102313889,0.5181460933888118,0.0807600377150568,0.5603880760377935,0.4648007388638687,0.5507397133610726,0.0908685475096872,0.5689671157467768,0.4662866676401624,0.5539759593157652
EMP/Yeast_H3K9ac,0.6191460490226746,0.0016203726409003,0.3931747751902265,0.7775453340132585,0.694332521974355,0.7026994601079785,0.5235595339824798,0.839200641072339,0.7615017604383271,0.7654469106178764,0.4107064961888284,0.7967826327675384,0.6958172352419967,0.7107378524295141,0.433886777588675,0.8267735703358344,0.6897791415995569,0.7160167966406719,0.3813980991176015,0.7546028119763968,0.6904012549242474,0.6928614277144571,0.6191460490226746,0.0016203726409003,0.6394059658050537,0.0015368346357718,0.6453832983970642,0.0015179610345512,0.6394059658050537,0.0015368346357718,0.6453832983970642,0.0015179610345512,19447.0,8335.0,2.0,0.8023,500.0,1.3,290.0,500.0,0.3815,0.2125848519912841,0.6526050265899322,0.6059147994182653,0.60875824835033,0.2205191197595475,0.6552551030815181,0.6097232722494672,0.6122375524895021,0.4160982936238021,0.7789890872004079,0.7060838092197828,0.71373725254949,0.4346405594569766,79.50950929867524,0.4346405594569766,79.50950929867524,0.3726320654954728,0.7602695417789758,0.682122673111244,0.6931013797240552,-0.0037069143721033,0.4981345086326218,0.4962786997579552,0.5108578284343132,0.0668121822993978,0.5972249144022729,0.4150861271197456,0.563887222555489,0.0703319404960963,0.6074689007066365,0.405846315652455,0.564127174565087
EMP/Yeast_H4,0.6270288228988647,0.0016285676974803,0.7081212245762214,0.9208357185435104,0.8539368048578821,0.8561972152476603,0.8148623222454355,0.9536631762387472,0.9073008230045456,0.9082401278246977,0.6824589891710412,0.9162434501706376,0.8401897390223089,0.8436430038803926,0.6794565339985045,0.9171234449696126,0.8375255408839575,0.8418169367724264,0.6514773204899593,0.8976217132648082,0.8256376790353068,0.8274366582971924,0.6270288228988647,0.0016285676974803,0.6447699069976807,0.0015542679466307,0.6436280608177185,0.0015708249993622,0.6447699069976807,0.0015542679466307,0.6436280608177185,0.0015708249993622,10220.0,4381.0,2.0,0.7979,500.0,1.6,310.0,500.0,0.3786,0.2943698996912242,0.722528394555135,0.647017455135711,0.6503081488244693,0.3057587667725879,0.7237307093488419,0.6526696688322804,0.655786350148368,0.6733116005861987,0.9083435496317912,0.8364260051577836,0.8379365441679981,0.4390383019457959,82.54638155225932,0.4390383019457959,82.54638155225932,0.6834460272042501,0.9123965072079786,0.8405683124257348,0.8440995206573841,0.0277990510799672,0.5117013556437029,0.5119431188994192,0.526592102259758,0.0568168895218142,0.6540680076191634,0.4228466358841999,0.5628851860305866,0.0653371388035487,0.656339762002462,0.4121195634161655,0.5647112531385529
EMP/Yeast_H4ac,0.6141421794891357,0.0016265971353277,0.3557796212567258,0.7459935536737419,0.6690380565292993,0.6811027470916023,0.4760383942206153,0.8113439613765223,0.7378945365280323,0.7401505523511585,0.3864459445429409,0.7715162317393269,0.6777006016534545,0.693811711799785,0.4288807189345976,0.8118127732122649,0.6854996740352263,0.7082803793137159,0.2793311630119431,0.6969012018588725,0.6334318310107145,0.6448333170397889,0.6141421794891357,0.0016265971353277,0.6365740299224854,0.0015347237931564,0.6453511118888855,0.0015030594076961,0.6365740299224854,0.0015347237931564,0.6453511118888855,0.0015030594076961,23866.0,10229.0,2.0,0.852,500.0,1.2,290.0,500.0,0.3806,0.1431840227860627,0.5981490954759447,0.5661234073254129,0.5795287906931273,0.1494484995343604,0.6015531464872894,0.5691434612062278,0.582559389969694,0.3443420839698701,0.7477980848776806,0.6611872117162627,0.6752370710724411,0.4330752530013415,79.58449498948389,0.4330752530013415,79.58449498948389,0.3242398599832265,0.7186015148643554,0.6567213334041502,0.6664385570436993,0.0132859017165811,0.5048409775632849,0.5046619113923024,0.51461530941441,0.0705971081535166,0.5667752340230965,0.4410834330583212,0.5529377260729299,0.0706762704671435,0.5598437057903898,0.4347162354965953,0.5527422035389579
deep4mc/A.thaliana_4mC,0.7690191268920898,0.0017514089122414,0.1961400579652814,0.6363040471893684,0.5980435311746923,0.5980612594368421,0.1919454364417682,0.6309507299775319,0.5956157230467582,0.5958574683205027,0.2021958359642879,0.641110985294677,0.597016253366424,0.5997289932546124,0.1922746020527251,0.6374613073889168,0.5813027595576797,0.5913903241657609,0.1338374350161441,0.5925033616074062,0.566883804088678,0.5669103741977753,0.7690191268920898,0.0017514089122414,0.8183084726333618,0.0013818095903843,,,0.8183084726333618,0.0013818095903843,0.6307340662406178,10.24451968307378,156697.0,67157.0,2.0,1.0,41.0,0.0,41.0,41.0,0.4282,0.0318048256352301,0.519829875321058,0.5157882254121682,0.5158955879506232,0.0297669366934832,0.5197908111186841,0.5148749597230875,0.5148830352755484,0.204710346441115,0.6417977748676276,0.6012415555574369,0.6019774558124991,0.6466965582505569,8.521004413575906,0.6466965582505569,8.521004413575906,0.1068116293471023,0.5735177894140862,0.5534002997692606,0.553404708369939,0.601598243507496,0.8694457975520343,0.7995240876197136,0.7998421609065325,0.5933927036401108,0.8664957728986297,0.7953808483518918,0.7957174978036541,0.5852213135383902,0.8622993238740484,0.7913722192309061,0.7916970680643864
deep4mc/C.elegans_4mC,0.5551876782376335,12.069911303408938,0.216222180831382,0.64949669735022,0.6081089679153788,0.6081103357327325,0.1874836237704671,0.628655882277077,0.5937405529727418,0.5937414143634265,0.238212422449133,0.6664435239639801,0.6176605659783986,0.6185504698060333,0.2492864186727509,0.6735255227493737,0.6163558541549762,0.6213528215836035,0.1386030911357534,0.5968470644737948,0.5692521561888464,0.5692895214022748,,,,,,,0.601759384902588,11.295033117180935,0.625645359543842,10.945985248903606,84926.0,36398.0,2.0,1.0,41.0,0.0,41.0,41.0,0.415,0.0662270202436704,0.5476002433318955,0.533054782129337,0.5331062146271773,0.0691809825534914,0.5481358957205299,0.5345852470591577,0.5345898126270674,0.2445999915309422,0.6700969836375661,0.621077568428953,0.6218198802131986,0.6468525681466575,8.737657216385966,0.6468525681466575,8.737657216385966,0.1230119038788292,0.5806455045155141,0.5614189602541602,0.5614868948843343,0.6499458011431944,0.9031076416346088,0.824785822967079,0.8248255398648278,0.6289630236889234,0.8943313662824577,0.8142858666239483,0.814330457717457,0.6167500753472075,0.8879848259862367,0.8080063582027837,0.8080938513105116
deep4mc/D.melanogaster_4mC,0.5517574813080182,10.948906330702306,0.2289306099976899,0.6589830108522488,0.6144643377960193,0.6144649446494465,0.2026537280551684,0.6402592067101482,0.6011672071658161,0.6012730627306273,0.2372123246116766,0.6671457816478533,0.6169467227357095,0.617970479704797,0.2278619305122458,0.6614281041924811,0.6082919801357348,0.6118450184501845,0.1570768899533749,0.6108740989365613,0.5784851862019679,0.5785239852398524,,,,,,,0.5986575061754064,10.259657456708794,0.6275140329544363,9.87391264415048,126466.0,54200.0,2.0,1.0,41.0,0.0,41.0,41.0,0.4617,0.0247508710865078,0.5181552831524625,0.5120895029484998,0.5123616236162362,0.0256791206912086,0.518912207758609,0.512506389890882,0.5128228782287823,0.2434085429787509,0.6688073787121636,0.6209795633747652,0.6214206642066421,0.6457371671360933,7.79713173608102,0.6457371671360933,7.79713173608102,0.125568228808979,0.5866061205593606,0.562296220994954,0.5626752767527675,0.7051885898322773,0.918657367138247,0.8496501202473477,0.8501660516605166,0.6921077353247318,0.914921535654471,0.8432242162029238,0.8437453874538745,0.6831392987744439,0.9102256695851092,0.8387875791851613,0.8393173431734318
deep4mc/E.coli_4mC,0.5259419069584435,9.367258826572334,0.0,0.6685262818445663,0.4545587804163002,0.833378124160172,0.0,0.6214618593377788,0.4545587804163002,0.833378124160172,0.0,0.6928748270589092,0.4545587804163002,0.833378124160172,0.0,0.6863134680800158,0.4545587804163002,0.833378124160172,0.010385982373169,0.6157779488406445,0.4573966300180034,0.832303144316044,0.7308667898178101,0.0021254662424325,0.7742393612861633,0.0017863219836726,0.776438295841217,0.0017629063222557,0.5203463084668121,9.443371804236458,0.4797632478112789,9.98741153819879,8681.0,3721.0,2.0,0.2,41.0,0.0,41.0,41.0,0.506,-0.0029531106049945,0.5101676358302732,0.4710469767595622,0.8151034668099973,-0.004163553885211,0.5101262860055549,0.4724957308285361,0.8124160171996775,0.0,0.6965515806555638,0.4545587804163002,0.833378124160172,0.5371430104875111,8.846707621091978,0.5371430104875111,8.846707621091978,-0.0103692386576493,0.5482019327792284,0.4543988269794721,0.8328406342381081,0.0,0.9226022302899168,0.4545587804163002,0.833378124160172,0.0,0.9167778864258148,0.4545587804163002,0.833378124160172,0.0,0.901513559621766,0.4545587804163002,0.833378124160172
deep4mc/G.pickeringii_4mC,0.5251212675490547,7.1633044147974525,0.0228919456076237,0.6592439308592295,0.4557316234369646,0.8334465030555825,0.0657643486241893,0.6545929770020851,0.4655244348041858,0.8340285187700068,0.0,0.6608807928919305,0.4545502645502645,0.8333495004365118,0.0,0.6676189677341896,0.4545502645502645,0.8333495004365118,0.0726505617048337,0.631338343223795,0.4698824652854121,0.8339315161509361,0.7241685390472412,0.0026991649065166,0.7782388925552368,0.0021670123096555,0.8043811321258545,0.0018917467677965,0.5580091481243555,7.097256008312884,0.5399875385880847,7.199849566148185,24053.0,10309.0,2.0,0.2,41.0,0.0,41.0,41.0,0.5803,0.0513998050674134,0.5425490289605129,0.4869892827619175,0.8235522359103696,0.052259755223625,0.5443756691526409,0.4881497886574029,0.823067222815016,-0.0044045598464682,0.668225702263882,0.4545214032488491,0.833252497817441,0.5735807892775227,6.289892761723324,0.5735807892775227,6.289892761723324,-0.0062292904365417,0.5856864311935941,0.4544925388930045,0.8331554951983704,0.0311500780793539,0.8585400646018134,0.455761160895579,0.8335435056746532,0.0,0.8562064233504241,0.4545502645502645,0.8333495004365118,0.0,0.8458837381459793,0.4545502645502645,0.8333495004365118
deep4mc/G.subterraneus_4mC,0.5195180422511817,7.933397134696238,-0.0066371600682268,0.6595846849016247,0.4544853824589507,0.8331314466101384,0.017289940495174,0.6345266912463392,0.4558468813837601,0.833314979994861,0.0,0.6731172654509554,0.4545509149881872,0.8333516866718056,0.0,0.6708106557362735,0.4545509149881872,0.8333516866718056,0.0199660919190079,0.6063006577368241,0.4570778154847489,0.8330947399331938,,,,,,,0.5607875206247424,7.619989748494393,0.5771167414973996,7.457655735391392,63567.0,27243.0,2.0,0.2,41.0,0.0,41.0,41.0,0.5433,0.0162765668878274,0.5494877202861467,0.4652029246071979,0.8282127518995706,0.0204798952209456,0.5477193043051035,0.4666085721798896,0.8282127518995706,-0.0046929224498767,0.6767025879674735,0.4545181506917886,0.833241566640972,0.589802402228987,6.499082593720729,0.589802402228987,6.499082593720729,-0.0054190195484109,0.5630597539846565,0.4545072283849265,0.8332048599640275,-0.0027093605789716,0.8259479864583482,0.4545399939933927,0.833314979994861,0.0,0.8177061348215929,0.4545509149881872,0.8333516866718056,0.0,0.8120742935834325,0.4545509149881872,0.8333516866718056
enhancers/enhancer,0.2044455034302279,287.5828619934266,0.5083022996014029,0.8575999999999999,0.7479584635547938,0.75,0.5072943541423918,0.850875,0.7519403153364779,0.7525,0.5208746559314252,0.8575249999999999,0.7487293701102165,0.7525,0.4697092511615889,0.8262,0.7111540941328176,0.72,0.5300265019876657,0.832475,0.7649941248531213,0.765,0.5891889929771423,0.0083380118012428,0.6649622321128845,0.0066366083920001,0.7185924649238586,0.0054645389318466,0.2145429152246643,289.4532684686837,0.2236543721699734,279.69617405077605,14968.0,400.0,2.0,1.0,199.3,0.4,199.0,200.0,0.4401,0.5810468272831243,0.8077249999999999,0.7898108297467721,0.79,0.5758716655905819,0.8111749999999999,0.7873391752512837,0.7875,0.5326700420873823,0.8543,0.7644110275689223,0.765,0.2491881335144935,284.9839246220111,0.2491881335144935,284.9839246220111,0.5131137862772546,0.83315,0.7542566262945409,0.755,0.4983060154204244,0.85485,0.746662402568492,0.7475,0.4652639984302397,0.848875,0.7284726587052168,0.73,0.501607721190705,0.8555750000000001,0.749599358974359,0.75
enhancers/enhancer_strength,0.2044455034302279,287.5828619934266,0.473895749303635,0.8753694444444443,0.4948362467349809,0.64,0.5192178681519504,0.8601666666666666,0.5658971009662356,0.685,0.4661662382004545,0.8545416666666666,0.4855321918993177,0.635,0.4287374326540295,0.7864416666666666,0.4759717712151388,0.6275,0.5197416439608005,0.8446972222222221,0.5816131662688943,0.69,0.5891889929771423,0.0083380118012428,0.6649622321128845,0.0066366083920001,0.7185924649238586,0.0054645389318466,0.2145429152246643,289.4532684686837,0.2236543721699734,279.69617405077605,14968.0,400.0,3.0,0.5,199.3,0.4,199.0,200.0,0.4401,0.5396999441560504,0.8015083333333334,0.6032495938007749,0.7025,0.5276310070361379,0.8048388888888889,0.5933408029878618,0.695,0.5363831291467198,0.8615472222222221,0.5957316773654032,0.6975,0.2491881335144935,284.9839246220111,0.2491881335144935,284.9839246220111,0.5073422963483419,0.8317638888888889,0.5876367353624338,0.6875,0.5850667668297763,0.8661222222222222,0.5835164011166171,0.7275,0.5985791675775775,0.8743875,0.5752447758799337,0.7325,0.6060271825476208,0.8801416666666667,0.5903962996986253,0.7375
genomic_benchmark/coding,0.2715654395587368,209.65064244135115,0.7477382191867453,0.9474391104,0.8736948179801178,0.87372,0.8681710417900512,0.97852672,0.9337351633030636,0.93376,0.7159511643016548,0.9381893376,0.8578130786695639,0.85784,0.6545025154855207,0.9144225984,0.8270853296402707,0.82712,0.7254360662141138,0.9399808576,0.8624824700358905,0.86252,,,,,,,0.3118843259112793,205.561685073844,0.3394036897386295,203.8485303965389,75000.0,25000.0,2.0,1.0,200.0,0.0,200.0,200.0,0.4697,0.5099177661039972,0.844827216,0.7544272861563975,0.7546,0.5118318999566088,0.8458018496,0.755212585049974,0.75544,0.7462755450551847,0.946276544,0.8731169783569694,0.87312,0.3404104750077517,199.30453569146005,0.3404104750077517,199.30453569146005,0.700102106231775,0.9251069824,0.8497947326986754,0.84984,0.5454657221107547,0.867204096,0.7719774642336983,0.7722,0.5623570528904601,0.8738401727999998,0.7802629867998806,0.78052,0.5605562005936541,0.8725014144000001,0.7793891570000527,0.77964
genomic_benchmark/enhancer_cohn,0.3931268075712414,169.36070792467052,0.4082676478885972,0.7870252710405019,0.7040539368062817,0.7040875071963155,0.478123220729566,0.8179598988323159,0.7390615950552819,0.7390616004605642,0.3960654262495107,0.7792106607220213,0.697542630262221,0.697754749568221,0.3769908999218447,0.7702378454770018,0.6872676887633042,0.6878238341968912,0.42205076504349,0.7933961438686398,0.7109758295502051,0.7109959700633276,0.6350206136703491,0.0084907431155443,0.701899528503418,0.0067912610247731,0.7575298547744751,0.0053696474060416,0.4580267922204172,155.4631487061686,0.5183490884761676,141.12502015025342,20843.0,6948.0,2.0,0.9999,500.0,0.0,500.0,500.0,0.4303,0.3088751895159655,0.7240278055355864,0.6544277118260926,0.6544329303396661,0.3149133228558743,0.7238118332118618,0.6574539920738292,0.6574553828439839,0.3936813088183461,0.7765093702076351,0.6966753278451692,0.6967472654001151,0.5259753194100681,128.86431116869366,0.5259753194100681,128.86431116869366,0.4755899861832298,0.8167351994535275,0.7377504226692411,0.7377662636729995,0.0782962368713811,0.5459951033568222,0.5391470015994331,0.5391479562464019,0.3144155011605739,0.709236042130885,0.6562204455497112,0.6567357512953368,,,,
genomic_benchmark/enhancer_ensembl,0.369762645002551,192.6035999587104,0.6914749372221595,0.9358437451682022,0.8437396591533199,0.844107200516629,0.6245442264098119,0.8988291480427955,0.8090257703548085,0.8097836616080077,0.6799531158257769,0.9237011996881792,0.8377350356831335,0.8381659670649015,0.618627944227811,0.8898803981771605,0.8078989291529591,0.8082337746206005,0.4387761862914956,0.792525415191866,0.7179862258879066,0.7185340652244108,,,,,,,0.4201158349665006,184.95037126864187,0.4469516050400337,178.84215552520766,123872.0,30970.0,2.0,1.0,268.9,122.6,2.0,573.0,0.434,0.4869979462714274,0.8120772578877617,0.737694026149081,0.7397158540523087,0.4889642776678007,0.8135890691346809,0.7381738263480053,0.7403616402970616,0.6812332211457465,0.9224826383693993,0.8380244481886066,0.8385211494995156,0.4297329585727679,152.93033943444686,0.4297329585727679,152.93033943444686,0.5043217964670981,0.8244526826037759,0.7518033120932206,0.7519212140781402,,,,,,,,,,,,
genomic_benchmark/human_vs_worm,0.5174061077821689,233.41021363069743,0.8805642858929225,0.9856814208,0.9402798546650544,0.94028,0.904706574338526,0.9905636288,0.9522761343668836,0.95228,0.8526549413739801,0.9792732480000002,0.926319354439656,0.92632,0.7812284901125139,0.959867248,0.8902330568056328,0.89028,0.7481882395308985,0.9491770496000002,0.8736100823108776,0.87368,,,,,,,0.5419011733162512,229.40192660270984,0.5418111398162773,229.5394573348731,75000.0,25000.0,2.0,1.0,200.0,0.0,200.0,200.0,0.3711,0.2744980279875387,0.6852479456,0.6333176494224542,0.63556,0.2725302051559962,0.6857550304000001,0.6319919984083435,0.63444,0.8817665011120253,0.9855670144,0.9408797820592284,0.94088,0.5021154491652893,223.0149973475709,0.5021154491652893,223.0149973475709,0.8463505201888939,0.97892624,0.9219354278216928,0.92204,,,,,,,,,,,,
genomic_benchmark/open_chromatin_region,0.3817152463111561,206.39544323268817,0.3447417055691516,0.7358937465217315,0.6691429194476761,0.6707198443579766,0.3576398843866114,0.743301001468921,0.6755472067105228,0.6771000228885329,0.34561111052306,0.7375677782684251,0.6695728228395765,0.6711490043488212,0.3521533704456454,0.7411256576785998,0.6734771523570391,0.6747253376058595,0.313117242348927,0.7115839580486565,0.6527665779808477,0.654755092698558,,,,,,,0.4322182262739277,196.1114934892508,0.463068114445204,186.30714561266427,139804.0,34952.0,2.0,1.0,326.3,108.1,71.0,593.0,0.4166,0.1585730197939634,0.6091843230733438,0.5748645164087638,0.5780785076676584,0.157598151702849,0.6086650172193121,0.5747792749178231,0.5777065690089265,0.353829560892561,0.7441274266808624,0.6740334266007064,0.6754119935912108,0.4314026405100574,167.52580753869515,0.4314026405100574,167.52580753869515,0.3120404050672563,0.7143126045510619,0.6533553844809704,0.654755092698558,,,,,,,,,,,,
genomic_benchmark/promoter_notata_251bps,0.3217902013851055,201.784264021942,0.7709718857136543,0.9770055497968994,0.877120715190685,0.8771308390524685,0.7502437008896053,0.9464682560557888,0.8693757776403748,0.8693823334071287,0.7835145339749172,0.9789033625036644,0.8841021069647375,0.8841044941332743,0.7647858884649208,0.9593065112496316,0.8722129446766282,0.8722603497896834,0.6971812124573378,0.9289783567552988,0.8438935471038551,0.8439229577152978,0.7503069639205933,0.0053522735834121,0.8032159805297852,0.0041147479787468,0.8426409959793091,0.0032194592058658,0.3737972914797258,196.23655821472164,0.4218714464461596,189.22622501267907,27097.0,9034.0,2.0,0.8381,251.0,0.0,251.0,251.0,0.5605,0.440733377592792,0.7975014182594764,0.7192687630763577,0.7199468673898606,0.4429246451212796,0.7970214945651704,0.7205187186358368,0.7212751826433473,0.7693805905907788,0.9722308622647152,0.8761214745161072,0.8761346026123533,0.4151311308758378,186.8473441816376,0.4151311308758378,186.8473441816376,0.6996026325723033,0.9275463407176676,0.8492123466379584,0.8497896834181979,,,,,,,,,,,,
genomic_benchmark/regulatory_region_type,0.3573728361553951,156.47650976815072,0.8302014479728175,0.971232488046906,0.8848877588078553,0.8861781574342003,0.4939675420989897,0.8351098884988546,0.660891340408508,0.6636979536672847,0.8239442868325784,0.9667114456237343,0.8812208460237047,0.8818463777658413,0.7264651934699327,0.9469085807938264,0.8146244292053764,0.8130230623949544,0.6277014191186208,0.8950126583348114,0.7371928212372696,0.7473879368599795,,,,,,,0.4096972206111027,149.57235137871388,0.4470556562824563,143.82999111631815,150000.0,57713.0,3.0,0.8175,430.0,184.3,71.0,802.0,0.4611,0.2334037319748293,0.6732824552884669,0.4624381700907554,0.4910505432051704,0.2336685432186463,0.6719013589920843,0.4606249120066898,0.4909812347304766,0.6092721328611319,0.8942639996224463,0.73629844658018,0.7360213470102057,0.4680812014778847,130.0528506443476,0.4680812014778847,130.0528506443476,0.4640878509152559,0.821575436123107,0.6401861115574027,0.6443435621090569,,,,,,,,,,,,
iDHS-EL/DNase_I,0.1509781981994477,255.76611414328235,0.5541318506816152,0.8533086658086658,0.7744002722168661,0.8300653594771242,0.6389314857477728,0.8472758472758473,0.8187877869744253,0.8594771241830066,0.5968101769219415,0.856123981123981,0.7952069716775598,0.8464052287581699,0.5968101769219415,0.857947232947233,0.7952069716775598,0.8464052287581699,0.4862053058802824,0.7990401115401117,0.7382985200110166,0.8071895424836601,0.3877102732658386,0.0171294789761304,0.4050403237342834,0.016656506806612,0.3936883807182312,0.0169415455311536,0.121641707482218,257.4739333638892,0.17872688615066,254.381726570146,711.0,306.0,2.0,0.3799,242.6,12.1,220.0,275.0,0.5103,0.3559616835938681,0.757024882024882,0.6581551228854133,0.7712418300653595,0.3504237668829487,0.7305341055341056,0.6589699719026166,0.7679738562091504,0.5910240894493848,0.8532282282282282,0.7935222672064777,0.8431372549019608,0.1729139548469644,255.49996484618583,0.1729139548469644,255.49996484618583,0.5232173000558866,0.8406263406263407,0.7499394673123487,0.8235294117647058,,,,,,,,,,,,
iDNA_ABF/5mC,0.527942676547649,10.132615116053524,0.4741182736614529,0.8165896159317212,0.7248066572037999,0.7292110874200426,0.4600748284171476,0.7921206194232511,0.7287501549624674,0.7292110874200426,0.3952028703016922,0.7832665201086254,0.696918119925729,0.697228144989339,0.3174979732177252,0.7120841684986422,0.6514382618778237,0.6552949538024165,0.279512072958448,0.6925049301694038,0.6395539729964483,0.6396588486140725,0.7854350805282593,0.0031847734935581,0.8081049919128418,0.0028457776643335,0.8033928871154785,0.0029175635427236,0.5470265995363995,10.153017676123474,0.5136587313453531,11.168845473184904,3281.0,1407.0,2.0,1.0,41.0,0.0,41.0,41.0,0.5355,0.1543652233538526,0.591812281779387,0.576969973819754,0.5771144278606966,0.1415384462488686,0.5928953025992499,0.5706030963256397,0.5707178393745558,0.4400001945285283,0.7925166494245441,0.7188154087526872,0.7192608386638237,0.5466530855123849,9.335604719718017,0.5466530855123849,9.335604719718017,0.237676803752389,0.6528392926419242,0.617594347620337,0.6183368869936035,,,,,,,,,,,,
iDNA_ABF/6mA,0.5380459967782464,11.11323620573175,0.5176495660077043,0.8359695371610477,0.7587461309646268,0.7587711325213597,0.4538004517421886,0.8025239812787422,0.725828223538943,0.7262315942555899,0.4921725576073377,0.8298362304670622,0.7447839285194532,0.7452281403381203,0.4595367926555976,0.8131903501804187,0.7178256353165126,0.722323213961098,0.351193904475718,0.7394699864687226,0.6736851862143416,0.6746046173423014,0.7947001457214355,0.0025536708999425,0.8385608196258545,0.0020130944903939,0.8588035106658936,0.0017560811247676,0.5894364458910482,9.976036837653288,0.6011942401051408,9.910410115344868,25668.0,11002.0,2.0,1.0,41.0,0.0,41.0,41.0,0.4884,0.207142804896122,0.6296661832171382,0.6023807785483254,0.6031630612615888,0.2102283870103318,0.6300163368686977,0.6039449149853968,0.6047082348663879,0.5150049317252411,0.8410126618085106,0.7574968335246921,0.7574986366115252,0.6204891225910726,8.041389761968707,0.6204891225910726,8.041389761968707,0.3040954952494629,0.705730355714274,0.6513010396042798,0.651699690965279,,,,,,,,,,,,
iPro-WAEL/Promoter_Arabidopsis_NonTATA,0.2106862869647011,253.8949141652189,0.7911991840381203,0.9609213781605576,0.8955650581147458,0.8955687270674569,0.8707534943573685,0.9814974259227864,0.9347589178547931,0.934801016088061,0.8053905478625556,0.9590410080644648,0.9026169501247828,0.9026248941574936,0.7781905225664866,0.9520809938907886,0.8890747911606789,0.8890770533446232,0.7045303106245182,0.9315876365267866,0.8520670887496111,0.852102737792831,0.6286675333976746,0.0022698696702718,0.6452945470809937,0.0021752184256911,0.6462222337722778,0.0021818811073899,0.2114252660721155,254.2103611790562,0.1907215613652122,257.03918125087426,8267.0,3543.0,2.0,1.0,251.0,0.0,251.0,251.0,0.3743,0.5010122564792093,0.813725777608396,0.7504867560917007,0.7504939316963025,0.4999708503279643,0.8147472191171279,0.7498991341792678,0.7499294383290996,0.76526529049296,0.9491904944599028,0.8825775126975699,0.8825853796217894,0.2233154985837286,250.58707707317004,0.2233154985837286,250.58707707317004,0.6711812108148592,0.9147941566726532,0.8354174055239421,0.8354501834603444,,,,,,,,,,,,
iPro-WAEL/Promoter_Arabidopsis_TATA,0.1925396937406022,270.6867686013203,0.7875570194300952,0.9645856533036378,0.8929268536494257,0.9055597867479056,0.8136472308708954,0.9696290109708818,0.9067164202987138,0.9154607768469156,0.7559018149912003,0.9644193887651572,0.8760339040749783,0.8918507235338918,0.7508103188992693,0.9634527344716656,0.8720335696373035,0.8895658796648895,0.6926062281973004,0.9277303472737772,0.8440184630498737,0.8644325971058644,0.6245277523994446,0.0022274437360465,0.63154137134552,0.0022015532013028,0.613161563873291,0.0023499852977693,0.1737639867431872,274.5495037594906,0.1370642867607522,280.6515905381986,3063.0,1313.0,2.0,0.52,251.0,0.0,251.0,251.0,0.3709,0.5773620445534852,0.8632764167285326,0.7869878351710895,0.8141660319878141,0.5857301312945827,0.8612747979048091,0.7909604745584322,0.817974105102818,0.7277682547922706,0.9593102986059556,0.8615444784375283,0.8796648895658796,0.2028842741136003,266.14286474112856,0.2028842741136003,266.14286474112856,0.631186051005197,0.9105986554483214,0.8102445941155618,0.8385376999238385,,,,,,,,,,,,
iPro-WAEL/Promoter_B_amyloliquefaciens,0.5087505998899157,11.48064508930546,0.6135288988226918,0.878029726175054,0.8065229381169202,0.8066037735849056,0.6289622340583804,0.8934268168468102,0.8144488948227266,0.8144654088050315,0.6084191516409551,0.8786131740553583,0.803154967799124,0.8034591194968553,0.5477589755066715,0.8609811813336233,0.7735042735042735,0.7735849056603774,0.5603481780876542,0.8625090236642504,0.7797958214624882,0.779874213836478,0.7577548027038574,0.0017908996669575,0.7618271112442017,0.0017773908330127,0.718120813369751,0.0021998609881848,0.4588714214488746,11.764123589421892,0.3450176737841324,12.83226588850716,1483.0,636.0,2.0,0.9915,40.0,0.0,40.0,40.0,0.3935,0.4438332061066119,0.799773543110865,0.7216148377125193,0.7216981132075472,0.4410525484012637,0.8003767688854168,0.7199485454185632,0.720125786163522,0.6132195377619192,0.8805909634801182,0.8065918199327022,0.8066037735849056,0.4870509468529141,11.257312566229915,0.4870509468529141,11.257312566229915,0.4748347285718927,0.8054745211277355,0.7374155411669596,0.7374213836477987,,,,,,,,,,,,
iPro-WAEL/Promoter_GM12878,0.5315394401550293,44.94631576538086,0.8741820493704899,0.9786512396694216,0.9370909007723504,0.9370909090909092,0.8930911452803341,0.9861590743801654,0.946545447477084,0.9465454545454546,0.8705454545454545,0.975084429752066,0.9352727272727271,0.9352727272727271,0.8603636363636363,0.9736679669421489,0.9301818181818182,0.9301818181818182,0.8487847395039496,0.9761139834710744,0.924361075892288,0.9243636363636364,0.3768040239810943,0.0278377495706081,0.3806616067886352,0.0276629347354173,0.3865718245506286,0.0273106694221496,0.5615978240966797,43.189449310302734,0.5737141966819763,42.75578689575195,10992.0,2750.0,2.0,1.0,1622.9,647.6,102.0,2999.0,0.5194,0.6852054572756742,0.9036331900826444,0.8416370669741831,0.8418181818181818,0.6959079613274282,0.9028339834710742,0.8471232163051627,0.8472727272727273,0.8756365952097087,0.9757149090909092,0.9378181735957916,0.9378181818181818,0.5890606258603314,40.86143279427803,0.7314656913819957,0.0086826901794678,0.8699196448098527,0.9797532561983472,0.9349052949732342,0.9349090909090908,,,,,,,,,,,,
iPro-WAEL/Promoter_HUVEC,0.5315953493118286,45.86637878417969,0.902472192133314,0.9816754315294854,0.9510289089745014,0.9510395707578806,0.9170199829724496,0.990466159352718,0.9584129606236302,0.9584171696847752,0.8972594628352032,0.9814482693163228,0.9483410989446116,0.9483568075117372,0.8953108855173527,0.9804208663561966,0.9473328549304056,0.9473507712944332,0.8853136632968016,0.9817811406781848,0.9426558775751872,0.942655935613682,0.4331402480602264,0.0247063860297203,0.4331738352775574,0.024697721004486,0.4350407421588897,0.0245784632861614,0.5577736496925354,45.18812942504883,0.5737759470939636,44.536075592041016,11928.0,2982.0,2.0,1.0,1323.2,588.5,101.0,2997.0,0.537,0.7450364787657475,0.9267233177738464,0.8717914202568664,0.8718980549966465,0.741887235749709,0.9270879018803184,0.8700949775852899,0.8702213279678068,0.9027624370358904,0.9818549121691922,0.9510210418316654,0.9510395707578806,0.5890517670319806,42.33406071507473,0.7342435205597817,0.0090222989437821,0.8894610570282147,0.9854116876533064,0.9446641187471596,0.9446680080482898,,,,,,,,,,,,
iPro-WAEL/Promoter_Hela-S3,0.5204549431800842,50.24807357788086,0.8780232803569717,0.9817394145030404,0.9386697860962568,0.9386920980926432,0.9089927146351158,0.988331452457142,0.9543528101359816,0.9543596730245232,0.8748898917318654,0.9799032400567232,0.936956270173419,0.9369891008174388,0.872274208715494,0.9767547832413932,0.935589035705518,0.9356267029972752,0.8549762460537971,0.978176113119854,0.927449277733016,0.9274523160762944,0.4016942381858825,0.0264201611280441,0.397071897983551,0.0266564711928367,0.403218150138855,0.0263020172715187,0.5512765049934387,48.0029182434082,0.5669175982475281,46.671024322509766,11736.0,2936.0,2.0,1.0,1165.2,535.1,101.0,2999.0,0.5446,0.7813310917300349,0.9327620017224864,0.8895017458757606,0.8896457765667575,0.7814885872903136,0.9337605984898544,0.8894906549677765,0.8896457765667575,0.8829151663096828,0.9801542813444304,0.9410508479493986,0.9410762942779292,0.5789008332362832,44.86885012028046,0.6535042387111625,0.0131722580397732,0.8740368100557829,0.9823746742495676,0.9369869882237504,0.9369891008174388,,,,,,,,,,,,
iPro-WAEL/Promoter_NHEK,0.443789392709732,65.37113189697266,0.7525661843691549,0.9407429888825488,0.8745011358752379,0.8747553816046967,0.809728479210133,0.966128729592794,0.904567555123622,0.9045988258317026,0.7402719939039719,0.9358668969558176,0.8680858465476766,0.8683953033268101,0.7375107559353511,0.9337175102730152,0.8671761981619364,0.8674168297455969,0.7083188855982293,0.92778635192114,0.853627074234762,0.8537181996086106,0.4505346715450287,0.0241357907652854,0.4460076093673706,0.0242649689316749,0.443560928106308,0.0242911837995052,0.4835348129272461,63.04385757446289,0.5064006447792053,61.63413619995117,8170.0,2044.0,2.0,1.0,499.9,302.4,200.0,2400.0,0.5898,0.6154389420872055,0.8691344242707404,0.806447514308831,0.8067514677103719,0.6152516546526282,0.8681190903833853,0.8064768347704114,0.8067514677103719,0.7564960338958867,0.9388731660800932,0.8764620556271874,0.8767123287671232,0.5194238902242122,58.67161448323953,0.5849465260413231,0.0167862286774594,0.7134850950841,0.9352800042891992,0.8554592317990649,0.8556751467710372,,,,,,,,,,,,
iPro-WAEL/Promoter_R_capsulatus,0.5210859179496765,4.9486517906188965,0.4064053451604786,0.7897321935331767,0.7029916545716632,0.702992125984252,0.3925980414606801,0.786945536148753,0.6942396770936514,0.695748031496063,0.3841810173182615,0.7786986814081809,0.6910298507462687,0.6919685039370079,0.366185345859809,0.7598215681963052,0.6750722017006079,0.68,0.261053777917028,0.6911454070758316,0.630508809541455,0.6305511811023622,0.7140178680419922,0.0031632645986974,0.765308141708374,0.0025828382931649,0.7833713293075562,0.0023534321226179,0.5584328174591064,4.734110355377197,0.5525049567222595,4.770019054412842,7406.0,3175.0,2.0,0.9689,40.0,0.0,40.0,40.0,0.6478,0.1068580077513206,0.5790037808999067,0.5530133999991467,0.5530708661417323,0.104829520877169,0.5785423809270547,0.5520982142857143,0.5521259842519685,0.4063633078554318,0.7812464030647278,0.7031414392059554,0.7033070866141732,0.5894300864403079,4.073923642127362,0.792402641656278,0.0022696732400041,0.2148998215564245,0.6483834529467285,0.6074496696506465,0.6075590551181103,,,,,,,,,,,,
mouse/mouse_TFBS_1,0.3797192573547363,58.97493362426758,0.4416049518270179,0.7903619028264661,0.7204329132690882,0.7205761316872428,0.4977350282999436,0.8235157242290301,0.7446739595230971,0.7460905349794239,0.5006563550661874,0.8294887296990636,0.7470515197387444,0.7481481481481481,0.4979019079262202,0.8287889718708192,0.7452552756977535,0.7465020576131687,0.1227737121125661,0.5894453758742739,0.5610668137922059,0.5613168724279836,0.6743367910385132,0.0036686796229332,0.6940644979476929,0.0034694096539169,0.6962244510650635,0.0034584198147058,0.3995900154113769,57.53564453125,0.3601136207580566,60.52372741699219,5668.0,2430.0,2.0,1.0,101.0,0.0,101.0,101.0,0.5904,-0.6593164295158482,0.0754007688529865,0.1703344011933657,0.1703703703703703,-0.660977889071133,0.0755850226083422,0.1695017559262511,0.1695473251028806,0.5080456333865855,0.8356422632051348,0.7520187119806767,0.7526748971193415,0.4349727234519245,55.49988301622647,0.7022804926534022,0.0033886351806112,0.2041656438326814,0.6511466747955088,0.6020084784129728,0.6020576131687243,,,,,,,,,,,,
mouse/mouse_TFBS_2,0.5001840591430664,48.96160888671875,0.6819068481034495,0.9254835858181694,0.8409527584765975,0.8409528987297978,0.7824600778603458,0.9591054433785056,0.8872586786814696,0.8877576236840805,0.6982134667906812,0.9321361775412724,0.8490481851067946,0.8490584688380368,0.651620085254239,0.917240801405681,0.8250826922231365,0.8252360005930905,0.6483780983939404,0.9032741108547588,0.8204792968449419,0.8212820639549251,0.7430776953697205,0.0036520536523312,0.7738982439041138,0.0032130503095686,0.7924691438674927,0.0029515521600842,0.5562260746955872,47.98710250854492,0.5828137993812561,48.62700271606445,47209.0,20233.0,2.0,1.0,101.0,0.0,101.0,101.0,0.3764,-0.5060651663691139,0.1652017090042548,0.246941067911314,0.2470221914693817,-0.5067802437543772,0.1645057590915431,0.2465780151851898,0.2466762220135422,0.7037870446911748,0.9388468579150238,0.8471828864315509,0.8480205604705184,0.5689125021507517,45.22067813590033,0.7700028973783819,0.0033788620406435,0.5415465352722932,0.8510184889775002,0.770698694142381,0.7707210991943854,,,,,,,,,,,,
mouse/mouse_TFBS_3,0.684784471988678,41.33359146118164,0.6808964187417977,0.933489808421506,0.8402524394649376,0.8402848423194303,0.7302262775333672,0.9482700809696488,0.8621855284679492,0.8626653102746694,0.7613526697459722,0.960202341330949,0.8798547410114268,0.8799593082400814,0.7478708514374496,0.9588528471842764,0.8738449691991786,0.873855544252289,0.5798248609721258,0.9007542264832016,0.7892238258360101,0.7894201424211598,0.8021003007888794,0.0036758442874997,0.8123784065246582,0.003486115951091,0.8078533411026001,0.0036098579876124,0.709123432636261,41.91108322143555,0.7014920115470886,43.575714111328125,2293.0,983.0,2.0,1.0,101.0,0.0,101.0,101.0,0.478,-0.683050365860488,0.0627514778202772,0.158415677586662,0.1586978636826042,-0.6827996082757517,0.0603670955243157,0.1585724710059049,0.1586978636826042,0.7610583597709173,0.9594406636530723,0.8786763371303697,0.8789420142421159,0.6411799121953367,42.01184176644674,0.756919016937204,0.0054128315522941,0.5572455569174114,0.8609068931829849,0.7766801350643422,0.7772126144455748,,,,,,,,,,,,
mouse/mouse_TFBS_4,0.249241828918457,65.2861328125,0.4921598828379329,0.8235294117647058,0.7450910487055726,0.7454545454545455,0.4864725645678073,0.8087609345414144,0.7357822785110297,0.7384615384615385,0.6261643186147426,0.8720873824390092,0.8087393001007049,0.8097902097902098,0.6676825915302869,0.8875717884919332,0.8317171907362079,0.8321678321678322,0.110565383046915,0.5877032377196689,0.5549304707319365,0.5552447552447553,0.6458360552787781,0.0029942353721708,0.6401703357696533,0.0030625485815107,0.6129438877105713,0.0033624717034399,0.2425802499055862,67.73161315917969,0.271383136510849,69.25116729736328,1667.0,715.0,2.0,1.0,101.0,0.0,101.0,101.0,0.4772,-0.6741524633109,0.0677785080512652,0.1627700236539937,0.1636363636363636,-0.6753093924151506,0.0680367118914605,0.1620612075317874,0.1636363636363636,0.6366190030459526,0.8790901835594572,0.8126668308298448,0.813986013986014,0.3086535243074226,65.16228724695242,0.6345633432139794,0.0031142105512544,0.2285882879074884,0.6508771106207847,0.6133499482742406,0.6139860139860139,,,,,,,,,,,,
mouse/mouse_TFBS_5,0.4454415142536163,47.09689712524414,0.3870082880854226,0.7621672488057013,0.6934094914792038,0.6934513274336284,0.3736845519231785,0.759304189834756,0.6856508753886237,0.6861946902654867,0.3916988592317517,0.7690893883624403,0.6956766999809084,0.6957522123893806,0.3676950603017631,0.7541373012765291,0.6829454391755455,0.6833628318584071,0.1804180978059844,0.6208739290469105,0.589814597477009,0.5900884955752213,0.6924563646316528,0.0036717434413731,0.7200968861579895,0.0033658626489341,0.7318862080574036,0.0032289740629494,0.4495979249477386,46.92451095581055,0.4260237216949463,49.155029296875,13180.0,5650.0,2.0,1.0,101.0,0.0,101.0,101.0,0.6212,-0.6116242504659308,0.103026705301903,0.1941407918017609,0.1943362831858407,-0.6119087590957297,0.1027958963113791,0.1940095945770615,0.1941592920353982,0.396824344731457,0.7718782676795364,0.6980916206255017,0.6982300884955752,0.468646729785619,45.96863359256066,0.7342434033338561,0.0032172003771883,0.1773996016300258,0.6263906648915342,0.5886094192545805,0.5886725663716814,,,,,,,,,,,,
prom/promoter_all_300bps,0.3431881368160248,117.51461791992188,0.7615961382717149,0.948332479765496,0.8804007960977009,0.8804549805732305,0.8163483946320028,0.9624411951370224,0.9077817881507304,0.9078213863393207,0.7301055046732726,0.9382166862492632,0.8644199384979987,0.8645193986147869,0.6437114143591518,0.910734630198393,0.817135576708742,0.818176699138465,0.7348549704779673,0.938617469958978,0.8673845062123888,0.8673911819359198,0.6885271072387695,0.00369972595945,0.7188997864723206,0.0033488124608993,0.7455388307571411,0.0030411328189074,0.3694277703762054,113.97235870361328,0.3808757066726684,114.11774444580078,41437.0,17759.0,2.0,1.0,300.0,0.0,300.0,300.0,0.5781,0.4856903668881719,0.8008984213687729,0.737460417939042,0.7393434314995214,0.4842050632550914,0.8009553301189465,0.7366359089295016,0.738555098823132,0.7269704983874363,0.9365243263028769,0.8633757072645772,0.8633932090770877,0.3835861810307277,106.60391347010687,0.7486135268410673,0.0030190309332659,0.724131161640061,0.9303289013757534,0.8620371407595168,0.8620417816318486,,,,,,,,,,,,
prom/promoter_all_70bps,0.4998039007186889,33.68379211425781,0.5596850011280262,0.8660280951917115,0.7784880716416828,0.7788726842727631,0.5991591479862485,0.8794773184322965,0.7994488962466528,0.7994819528126583,0.5260252842561606,0.8396169687256803,0.7621660272911592,0.7624303170223549,0.4056852382609066,0.7657850629940675,0.7012983262437975,0.7019539388479081,0.5070722748004998,0.8311947019944824,0.7524416322843759,0.7528013964750268,0.715694785118103,0.0040376656688749,0.7584062814712524,0.0034426706843078,0.7870063781738281,0.0030298070050776,0.5373725295066833,32.196136474609375,0.5458667278289795,32.30011367797852,41437.0,17759.0,2.0,1.0,70.0,0.0,70.0,70.0,0.5855,0.3696994445085707,0.7301165557662629,0.6805275420233614,0.6825271693225969,0.3703436562000946,0.7292803890442983,0.6809894379231901,0.6829213356607917,0.5364931681025037,0.8574407334747745,0.7665253444854685,0.7670476941269215,0.559808193912855,28.75572277907177,0.7896162049664377,0.0029992682679551,0.4819187746957705,0.8175452200708423,0.7401176509875714,0.7404133115603356,,,,,,,,,,,,
prom/promoter_notata_300bps,0.336831659078598,117.70503997802734,0.8550715120202524,0.9792976660942908,0.9257358185046908,0.9258793969849246,0.9082459354591892,0.988710812226964,0.9539488873675798,0.9539572864321608,0.8257422634928858,0.9720564032473926,0.9112778194738403,0.91143216080402,0.7357986627015785,0.9459342882755488,0.8639606253009444,0.8645728643216081,0.8069765055398188,0.9652670229287138,0.9026060848621869,0.9027010050251256,0.6912046074867249,0.0033443535212427,0.7194852232933044,0.0030495498795062,0.740764856338501,0.0028308061882853,0.3597498834133148,114.93415069580078,0.3682328760623932,115.15178680419922,37146.0,15920.0,2.0,1.0,300.0,0.0,300.0,300.0,0.5835,0.5513100830590487,0.8373866111335573,0.7679637020414,0.7702261306532663,0.5522215482603587,0.8370308199287896,0.768494304293751,0.7707286432160804,0.8135107770802383,0.9693318192722408,0.9053850608411746,0.9055276381909548,0.372720253755505,107.64244413892747,0.7420615489720342,0.002831971628403,0.8064568776782168,0.961694512133532,0.9026373701805708,0.9027010050251256,,,,,,,,,,,,
prom/promoter_notata_70bps,0.5025193691253662,32.368865966796875,0.6193367727750063,0.8910589852528976,0.8091819673794476,0.8092964824120603,0.6506914089814118,0.9006207071791117,0.8253055777869558,0.8253140703517587,0.5431623408298308,0.8558095281684805,0.7710837368500547,0.7712311557788945,0.415204721077309,0.7792304802909017,0.706634976086352,0.707035175879397,0.5437886802211586,0.8507645798085908,0.7713093066724532,0.7714824120603015,0.7112364768981934,0.0039942977018654,0.7544124126434326,0.0034071104601025,0.7810558676719666,0.0030308808200061,0.5338903069496155,31.31876945495605,0.5373355150222778,31.509462356567383,37146.0,15920.0,2.0,1.0,70.0,0.0,70.0,70.0,0.5952,0.4137706389977911,0.7596957147546779,0.7031594266542789,0.7047110552763819,0.4142324987722494,0.7585957267493245,0.7034282079616951,0.704962311557789,0.567942171849715,0.8742801475972829,0.7825107416201749,0.7829145728643216,0.5499695104812733,27.937654112495967,0.7822602426153756,0.0030275590013214,0.5110201490059794,0.8364595827756875,0.7549785895840204,0.7551507537688442,,,,,,,,,,,,
prom/promoter_tata_300bps,0.3090770244598388,120.84241485595705,0.4393059015294429,0.7837127835538753,0.7195092120236672,0.7195652173913043,0.525089652567045,0.8397300330812855,0.762479724905629,0.7625,0.4666421571512529,0.7931161389413989,0.7330555863342567,0.7331521739130434,0.440500862381152,0.7796047967863894,0.7200186378475354,0.720108695652174,0.4652272851845217,0.8064656190926275,0.73260585237792,0.7326086956521739,0.6893544793128967,0.0050511918962001,0.7243223190307617,0.0044602993875741,0.7469050884246826,0.0040844958275556,0.3329728543758392,118.21902465820312,0.3505945205688476,118.29340362548828,4290.0,1840.0,2.0,1.0,300.0,0.0,300.0,300.0,0.5319,0.2435358139399517,0.6765288279773157,0.6216944345976605,0.6217391304347826,0.2663737512581259,0.6764278119092628,0.6331043829846692,0.6331521739130435,0.4582070183025424,0.7864951559546314,0.7286272854659719,0.7288043478260869,0.3358633715327004,113.99189298244954,0.7375012468568318,0.0042288293221927,0.3340275161418543,0.7260916824196598,0.6666823289800967,0.6668478260869565,,,,,,,,,,,,
prom/promoter_tata_70bps,0.4535986483097076,41.38521194458008,0.4956568587826203,0.8261501654064273,0.7478248952027184,0.7478260869565218,0.4682595845841795,0.8108973298676749,0.7334487521522772,0.7336956521739131,0.5065408903767932,0.8353845699432891,0.7532562052212707,0.7532608695652174,0.5447663881557602,0.8481870274102079,0.7722405630765368,0.7722826086956521,0.4145360265275025,0.7784481332703215,0.7059934026055802,0.7065217391304348,0.7286007404327393,0.0032770577818155,0.7664499878883362,0.0028302078135311,0.7838557958602905,0.0026338919997215,0.4794200360774994,41.41545486450195,0.4806110858917236,44.63633346557617,4290.0,1840.0,2.0,1.0,70.0,0.0,70.0,70.0,0.5023,0.2445896371173456,0.6711820652173912,0.6222637531233098,0.6222826086956522,0.2445896371173456,0.6740684073724007,0.6222637531233098,0.6222826086956522,0.5315924008980265,0.841608577504726,0.7657453014806337,0.7657608695652174,0.4820157223554203,39.069118400076654,0.7827820491896389,0.0026385695186227,0.3609924190815959,0.7365252835538751,0.6803804049838347,0.6804347826086956,,,,,,,,,,,,
splice/acceptors,0.4159913957118988,89.66248321533203,0.5234672000959323,0.8327134493413564,0.7583561429912604,0.7596934174932372,0.7699919062014157,0.9388951681393544,0.8840949069968619,0.8842801322512774,0.5393905300222336,0.8407523355197773,0.7650447891129024,0.7667568379921852,0.5475248940925188,0.8443989989338826,0.7698270689542317,0.7712654042681094,0.4352440444520017,0.7892826746896514,0.7116549109621128,0.7144574691914638,0.6905818581581116,0.0033455719240009,0.7341989278793335,0.002845254028216,0.7661346793174744,0.0024833064526319,0.4821111261844635,82.63993835449219,0.5375951528549194,77.41101837158203,15525.0,6654.0,2.0,0.984,600.0,0.0,600.0,600.0,0.4357,0.1886136184706267,0.6271515693608717,0.5892120306186144,0.5933273219116321,0.1798274769699265,0.625623768995862,0.5859139468243615,0.5892696122633003,0.5480017222950074,0.844919408756618,0.7694882553570046,0.7711151187255786,0.5427750256392446,71.03580544804122,0.7644638886978989,0.002515727147051,0.4017862648181348,0.7641807610993657,0.6960057829376012,0.698527201683198,,,,,,,,,,,,
splice/donors,0.3982876539230346,95.94292449951172,0.5279125486071893,0.8385713759711328,0.7626712137744545,0.7630461165048543,0.769592055733883,0.9408655510143968,0.8845266149230204,0.8845570388349514,0.5462599307924165,0.8444515630177842,0.7717708281469269,0.7721480582524272,0.5537163620766578,0.8473942339555948,0.7755994543704812,0.7759405339805825,0.4485900251385795,0.8023597150115984,0.7171204257148676,0.7198118932038835,0.6966260075569153,0.003478190395981,0.7390289306640625,0.0029577554669231,0.7714531421661377,0.0025642025284469,0.4703118801116943,89.28258514404297,0.5341780185699463,81.53221893310547,15381.0,6592.0,2.0,0.9975,600.0,0.0,600.0,600.0,0.4357,0.1763037755658406,0.6270075297323171,0.5867443825597034,0.5876820388349514,0.176484526899133,0.6275810965057623,0.5870289689943802,0.5878337378640777,0.5436919814054072,0.8457858352663943,0.7701550283199626,0.7706310679611651,0.5242133450699994,72.99650929392665,0.771363196959518,0.0025867476552254,0.3989118269643137,0.7732199270959903,0.696653483644428,0.6978155339805825,,,,,,,,,,,,
splice/splice_site_type_DNABERT,0.4082070887088775,85.23110961914062,0.2268994143841081,0.7846815772373908,0.3614274084198316,0.5991086432381092,0.566486674087751,0.8645906838177405,0.6960494143600607,0.7525389055307956,0.2238488726192558,0.8031703673892284,0.3507877396028787,0.5969167823482137,0.1746790294495853,0.7918899824534565,0.3048975187539017,0.5823043764155769,0.2633308168578648,0.7674596173026003,0.4284146263788361,0.6146708555563674,0.7055234313011169,0.0056367395445704,0.7621973752975464,0.0044290767982602,0.8034116625785828,0.0035709291696548,0.4698315560817718,80.13787078857422,0.5226407051086426,73.46044158935547,31933.0,13687.0,3.0,0.3903,400.0,0.0,400.0,400.0,0.472,0.1431004629799849,0.6219714995777402,0.3797332197918421,0.5668882881566449,0.1343767356050084,0.6233764004668445,0.3685638484720595,0.5661576678600132,0.2200931558326996,0.7827699302041505,0.3480459858642443,0.5959669759625923,0.5228594274411081,68.12643579714828,0.8043085119026033,0.0035486016742985,0.1690975892708722,0.7000741058405667,0.3210788996687164,0.5839848030978301,,,,,,,,,,,,
splice/splice_site_type_NT,0.3838025033473968,75.1077651977539,0.2218988263621867,0.6895744259680664,0.4781310635180395,0.4808354627263637,0.5431944651785678,0.8516500210367027,0.6937340273288569,0.6947005888234641,0.2122215882743552,0.6819243522663411,0.4724065749694082,0.4746139317853571,0.2033679696557003,0.6739401405194855,0.4663900978985283,0.4687256971447617,0.3414893308223501,0.7465848023441168,0.557239325155621,0.5591600933229641,0.7003806829452515,0.0049689272418618,0.7439106702804565,0.0041649360209703,0.7731910347938538,0.0036257901228964,0.4252577126026153,72.1131820678711,0.4535203874111175,69.88506317138672,20999.0,9001.0,3.0,1.0,400.0,0.0,400.0,400.0,0.4679,0.1475398422918161,0.6133223169439918,0.4315802276452123,0.431507610265526,0.1365875882780042,0.6117436816009086,0.4242507922066338,0.4241750916564826,0.2211503685553424,0.687456506264716,0.4800715432498952,0.4806132651927564,0.4587004769666508,63.99429935904917,0.7694301493034088,0.0036940587532036,0.2234742227482256,0.6748821535300906,0.4788825339588052,0.4809465614931674,,,,,,,,,,,,
tf/Human_TFBS_1,0.4519811570644378,30.146997451782227,0.5718813178307669,0.8632148143786369,0.7851149707378695,0.7853403141361257,0.5804360507117924,0.8727935834009316,0.7895168326150603,0.7897033158813264,0.5468602746952076,0.8528724330973498,0.772996864343985,0.7731239092495636,0.5066854482025854,0.8319721384553712,0.7532018885335349,0.753248012410316,0.5070164882808926,0.8308631935695034,0.7512437523866096,0.7519875896839248,0.6715200543403625,0.0071126949042081,0.7542310357093811,0.0051532951183617,0.7984305620193481,0.0041297199204564,0.5036187767982483,29.721525192260746,0.5175875425338745,30.780105590820312,24064.0,10314.0,2.0,1.0,101.0,0.0,101.0,101.0,0.6622,0.0612759920712808,0.5513316983427757,0.5306377516135843,0.5306379678107427,0.0618630474718174,0.5503507303292478,0.5309084444078105,0.5309288345937561,0.5555159617746263,0.8573364138026413,0.7768347083102582,0.7770990886174132,0.5377787889337431,28.718153472494688,0.7925437193584038,0.0042642963952674,0.466202962157214,0.8000206733316917,0.7327646433493615,0.7328873375993795,,,,,,,,,,,,
tf/Human_TFBS_2,0.4445339441299438,30.39495658874512,0.5284336774836105,0.8435005768782181,0.7637956783174744,0.7639257294429708,0.5480737725548114,0.859817448112913,0.7734444545792527,0.7736176290552949,0.5160266991915382,0.8361421895210539,0.7578564446055902,0.757906549683738,0.4941024749915352,0.8200821064254444,0.7464962550223073,0.746684350132626,0.4861181272538954,0.821862491700077,0.740172294106543,0.7411752703529891,0.6739029884338379,0.0071303849108517,0.7567698359489441,0.0051227235235273,0.8016604781150818,0.0040579987689852,0.4975111782550812,29.558380126953125,0.5146544575691223,30.485923767089844,22870.0,9802.0,2.0,1.0,101.0,0.0,101.0,101.0,0.6524,0.0555437671916944,0.5401102823458029,0.5275586069799068,0.5277494388900225,0.0596339256693029,0.5383779199502943,0.5295759674261367,0.5297898388084065,0.5331742322898274,0.8412299502398043,0.7659873125455605,0.7661701693531933,0.536840476710095,28.48195283062648,0.7949087458199895,0.0042088243043064,0.4324018229225532,0.7835754759167239,0.7159978765247512,0.7160783513568659,,,,,,,,,,,,
tf/Human_TFBS_3,0.4461440742015838,25.69673156738281,0.5149002093064681,0.8296099499780871,0.7565910402117298,0.7568639898428821,0.5033548376821587,0.8320117070418562,0.7513670149364751,0.7514680209490557,0.5099462178852662,0.8338162236226341,0.7544857868424582,0.7546421202983653,0.4769421072972115,0.8169219144338155,0.7384441934577095,0.7384542136168862,0.4379322663622323,0.7890177469485626,0.718135294969654,0.7184573877162355,0.6796982288360596,0.0068251527845859,0.7573140859603882,0.0050277644768357,0.7973709106445312,0.0041142748668789,0.4935664236545563,25.68899345397949,0.4988459050655365,26.431930541992188,14699.0,6301.0,2.0,1.0,101.0,0.0,101.0,101.0,0.673,0.0699802705601718,0.5557249147411001,0.532669304729896,0.5346770353912077,0.0700604512748348,0.5557984111871767,0.5336025582342375,0.5348357403586732,0.5101406467002811,0.8325402366595639,0.7544394935800094,0.7546421202983653,0.5183359888182429,24.794317612802743,0.7910080898568402,0.0042563398803467,0.37344257214772,0.7479395304085878,0.686712914360327,0.6867163942231392,,,,,,,,,,,,
tf/Human_TFBS_4,0.4247113168239593,64.01212310791016,0.3769829376565057,0.7652811285220358,0.6882545370822744,0.688360450563204,0.3803364174443229,0.7578731054809977,0.6862659876592647,0.6880191148025941,0.395256300350038,0.7787922614507424,0.6973385956898412,0.6974627375128001,0.3883242687504333,0.7710815192710299,0.6925407504622696,0.6932529297986119,0.3210739536880829,0.7235285680183392,0.6512577222413138,0.6560473318921379,0.6754828691482544,0.0064152358099818,0.7493548393249512,0.0047152768820524,0.7946770191192627,0.003694325685501,0.4923629462718963,62.33697128295898,0.5202347040176392,62.64068603515625,20505.0,8789.0,2.0,1.0,101.0,0.0,101.0,101.0,0.4748,0.0621089022439398,0.543061357327165,0.5297014553590674,0.5308908863351918,0.0653456643077832,0.5428156245744145,0.531177116812046,0.5324837865513711,0.3995032554508381,0.7769442040884171,0.6993324997919386,0.6995107520764592,0.5164469214893584,60.78463835946807,0.7894195692116527,0.0037991714467093,0.2322743372295551,0.6690750081686527,0.6148701385226452,0.6156559335533053,,,,,,,,,,,,
tf/Human_TFBS_5,0.4435242712497711,31.66171836853028,0.7116751234762081,0.93781052122531,0.8555269494089464,0.8555784796064116,0.6910601214565487,0.929132197891322,0.8448157761192566,0.8449452467862244,0.687860613233612,0.9271174180028512,0.8436188881425994,0.8436756070465006,0.6457807226181479,0.908948633087002,0.8228836458597801,0.8228852563085225,0.6495043991738318,0.9162090140192328,0.8229864123329653,0.8233613712109189,0.6728157997131348,0.0072164121083915,0.7611119151115417,0.0049605490639805,0.8086487650871277,0.0038285290356725,0.4998055398464203,30.643272399902344,0.5298661589622498,30.20556831359864,14699.0,6301.0,2.0,1.0,101.0,0.0,101.0,101.0,0.624,0.2730681054285038,0.6944285260914902,0.6336605662794722,0.6352959847643231,0.275654417992908,0.6972239097691335,0.6349203080118668,0.636565624504047,0.6919166302828959,0.9288475817704632,0.8456908845188293,0.8457387716235518,0.5503511984773518,28.70180776765784,0.8014166265754656,0.0039722726803451,0.5455120156696912,0.85544805629858,0.7727248638066826,0.7727344865894302,,,,,,,,,,,,
virus/covid_variants,0.8771900533917183,1.736838754486005,0.65530456624256,0.9370882484054656,0.7000633344071719,0.6940111268681138,0.447980785693265,0.8356839311738807,0.5139741304156256,0.5112904985273263,0.6707202293146162,0.943608224953558,0.7123065226875385,0.7077560815970328,0.6727182149074552,0.9442972776187564,0.7176713423841289,0.7077924439111305,0.5110222240348212,0.8647613906662639,0.568135865400936,0.5667793898403695,,,,,,,0.9055891691047524,1.304984838349997,0.9145329741589024,1.1573356924363782,64168.0,27501.0,9.0,0.6325,999.0,0.0,999.0,999.0,0.382,0.245762190244261,0.7441589253744092,0.3306719098847517,0.3323879131667939,0.2485212615190664,0.7433852542676846,0.333565512364684,0.3349696374677284,0.6114731942964609,0.928733240821226,0.6668870674527129,0.6452856259772372,0.950893823196061,0.6384738886151772,0.9893319751571972,2.0563089077778563e-05,0.3872960777143199,0.8038016401357816,0.4541685762360773,0.4577288098614596,,,,,,,,,,,,
