dataset,pca_fm_NTv3_650M_pre_MCC,pca_fm_NTv3_650M_pre_AUROC,pca_fm_NTv3_650M_pre_F1,pca_fm_NTv3_650M_pre_Accuracy,pca_kmer_k4_MCC,pca_kmer_k4_AUROC,pca_kmer_k4_F1,pca_kmer_k4_Accuracy,pca_kmer_k5_MCC,pca_kmer_k5_AUROC,pca_kmer_k5_F1,pca_kmer_k5_Accuracy,pca_kmer_k6_MCC,pca_kmer_k6_AUROC,pca_kmer_k6_F1,pca_kmer_k6_Accuracy,pca_kmer_k7_MCC,pca_kmer_k7_AUROC,pca_kmer_k7_F1,pca_kmer_k7_Accuracy,pca_kmer_k8_MCC,pca_kmer_k8_AUROC,pca_kmer_k8_F1,pca_kmer_k8_Accuracy,pca_fm_hyenadna-medium-160k-seqlen-hf_MCC,pca_fm_hyenadna-medium-160k-seqlen-hf_AUROC,pca_fm_hyenadna-medium-160k-seqlen-hf_F1,pca_fm_hyenadna-medium-160k-seqlen-hf_Accuracy,pca_fm_DNABERT-2-117M_MCC,pca_fm_DNABERT-2-117M_AUROC,pca_fm_DNABERT-2-117M_F1,pca_fm_DNABERT-2-117M_Accuracy
EMP/Yeast_H3,0.7360858800675404,0.9378002779432202,0.86765284451917,0.8679287305122494,0.6643112579375479,0.9104732975977764,0.8303185310379555,0.8311804008908686,0.6736478249606999,0.9096150486400636,0.8347201672101475,0.8356347438752784,0.6798982856945542,0.9097002183839588,0.8384963216311444,0.8391982182628063,0.3501391446413761,0.8725338495135995,0.5576506951508584,0.6118040089086859,0.2763868038764799,0.8262406194163192,0.4969309341601317,0.5728285077951002,0.6353288548081114,0.9001016478062339,0.816060972320485,0.8169265033407572,0.6135374898106826,0.8827242406194162,0.8067638965188135,0.8069042316258352
EMP/Yeast_H3K14ac,0.5031173296339098,0.8191515196840575,0.7515558199295461,0.7560262228946041,0.3482483442653183,0.7402652598539681,0.6634060157367225,0.6854261220373172,0.3260349986221768,0.748222732114809,0.6296851296908752,0.6725163893091276,0.320924074538819,0.7590097130171078,0.6124732919902027,0.6671709531013615,0.4126800182124664,0.7718991855353088,0.7057726619804741,0.713666162380232,0.4088427714474834,0.7824139651608897,0.6774410992040746,0.6785678265254664,0.281847994094239,0.7061960738012862,0.6313341417460411,0.6548663640948058,0.3001691277160669,0.727254984027763,0.616025201221676,0.6615229450327786
EMP/Yeast_H3K36me3,0.5371065737962755,0.8456282000526971,0.7644389226823325,0.770090778786431,0.4155138811031141,0.7808893217046823,0.7066551042309972,0.7110367892976589,0.4357895386514023,0.7875754945052842,0.7152988050593626,0.7210702341137124,0.4095867740901018,0.7943412203787094,0.6781607131383939,0.7010033444816054,0.239348747267212,0.7925019739313076,0.4781995286575042,0.5956999522216914,0.2072043829878959,0.8132019924238111,0.4469873106375764,0.5817486860965122,0.3597263258820196,0.739894626566916,0.675655299629643,0.6839942666029623,0.3660704225560146,0.7533534029222275,0.6785904152523261,0.6870520783564262
EMP/Yeast_H3K4me1,0.4492479359569429,0.7843936509523929,0.7212446154340697,0.7281144781144782,0.3041099544509342,0.7114880491036828,0.6436150361896642,0.6579335016835017,0.2949143643923225,0.7172845552702167,0.6234710389704785,0.6513047138047138,0.2613219154342219,0.7182861036006273,0.5654473362093266,0.6272095959595959,0.2001525032833121,0.7142151732808532,0.4752435264812379,0.5909090909090909,0.2830059914377885,0.7600049021533759,0.5676844161627609,0.6332070707070707,0.2959080535313785,0.6917727981384318,0.6376809764841018,0.6539351851851852,0.2909998777323165,0.6992824015372581,0.6303390488001386,0.6510942760942761
EMP/Yeast_H3K4me2,0.3067951449078964,0.7309057094827326,0.6207843234274952,0.6758283541553504,0.2707785924638162,0.6977712473859142,0.5977827022295463,0.6611624117327539,0.2366227085213367,0.7018669536679147,0.5351391373955069,0.6437805540467137,0.1791048214122996,0.6994303146338112,0.472032040611145,0.6219445953286258,0.2481265262535905,0.7011406600110583,0.5907751243734647,0.652362846279196,0.2757771155805473,0.7003437490446396,0.6013497277727832,0.602607278652906,0.2608659466632696,0.6820662702916105,0.6031916747770771,0.6573601303639326,0.1649897534960637,0.6667356479597213,0.4787964857070303,0.6199891363389463
EMP/Yeast_H3K4me3,0.3557191923139157,0.7404225611937266,0.6747305146148427,0.6804347826086956,0.2491911993961909,0.6852552031917912,0.6030611557491505,0.6265398550724638,0.2628655202978527,0.6974147628290618,0.5927163898432624,0.6286231884057971,0.2536668613047077,0.6913032098565068,0.5917571134726478,0.6255434782608695,,,,,,,,,0.2051114859685538,0.6439387979180937,0.5942986840714248,0.6074275362318841,0.1931603824954625,0.6347772858468826,0.5670222839137473,0.6000905797101449
EMP/Yeast_H3K79me3,0.6302251630724862,0.8851445694571871,0.8127305905702953,0.8153028201571891,0.537660729398488,0.8506601531271963,0.7672361698175497,0.7699953767914933,0.5491033714997523,0.8533495367017024,0.7730193224815056,0.7756588072122053,0.5565061512452979,0.857676962780541,0.7713806133625412,0.7769301895515488,,,,,,,,,0.5046945871292791,0.8245637430854005,0.7497607775203481,0.7534674063800277,0.5008338102309627,0.8216527435736475,0.747613509609052,0.7515025427646786
EMP/Yeast_H3K9ac,0.5021507491197327,0.8256701100021855,0.7481905363557155,0.7554889022195561,0.3946434353426704,0.7754102717272529,0.6957671231696416,0.7031793641271745,0.3858706762425207,0.7770498433743717,0.6872946713730279,0.6994601079784043,0.4032282450090952,0.7854642092226998,0.6996304227029618,0.70749850029994,,,,,,,,,0.380403420985182,0.7558325927005173,0.6899784812488485,0.6950209958008399,0.3272337037668634,0.7463332119181176,0.6432063888420743,0.6701859628074385
EMP/Yeast_H4,0.797479232059683,0.9474681732751764,0.8982829139845405,0.8991097922848664,0.6575818379491042,0.9104936160799472,0.8286754272121966,0.8313170509016207,0.6591683141171594,0.9096558373903014,0.8283581457060392,0.8322300844556038,0.6639017500461413,0.9039543407447934,0.8305977645929075,0.8345126683405615,,,,,,,,,0.6743025216042146,0.9057235123465234,0.8370069775586202,0.8386213193334855,0.648983368383046,0.9035440001621098,0.8209790781301078,0.8265236247432093
EMP/Yeast_H4ac,0.474485415553924,0.8011581056662249,0.7365155104568213,0.7397595072832144,0.3398367652343363,0.7405634160250465,0.6574625427259324,0.6727930393977906,0.3460965413977734,0.744002113327576,0.657379774276021,0.6749437872714831,0.3707605354081505,0.7566950062170952,0.6752437181365347,0.6879460357806237,,,,,,,,,0.2852036197039509,0.6971949546997338,0.6330046878103003,0.6474728712484114,0.2957870912149665,0.7098254996549221,0.6302706862621229,0.6511877993938802
deep4mc/A.thaliana_4mC,0.2070267948161183,0.6439493307898724,0.6034205256047467,0.6034813943445955,0.1776887092470257,0.6215365467801369,0.5888432970659923,0.588844051997558,0.1748966162001881,0.6200861731355711,0.587234133041158,0.587384784907009,0.1537375131527859,0.605001656287414,0.5752013074912363,0.5764253912473756,,,,,,,,,0.127123884333325,0.5884594080255003,0.5635536244084973,0.5635600160817189,0.1035639894508479,0.5718038974788096,0.551780262196613,0.5517816459937163
deep4mc/C.elegans_4mC,0.2130386283450589,0.6472654927444463,0.6065122747055638,0.6065168415847024,0.1910491844627209,0.6309798787483594,0.5954471611310513,0.5954997527336667,0.1792461511629575,0.6267633334095302,0.5896139743481845,0.5896203088081763,0.1530976861622937,0.6090077625695863,0.5760081302570261,0.5764052969943404,,,,,,,,,0.1234857792681114,0.5874307719256953,0.5617031830212841,0.5617341612176493,0.1070944585838887,0.5758116712022101,0.5535455178538662,0.5535468981812187
deep4mc/D.melanogaster_4mC,0.2244674576219609,0.659080196348089,0.6119786489544778,0.612140221402214,0.2001350826865298,0.6390272095968192,0.6000309888021662,0.6000553505535056,0.1929675431002531,0.6364346958783241,0.5962886792280642,0.5964206642066421,0.1638259390169112,0.6169340640786481,0.5810158643199163,0.581660516605166,,,,,,,,,0.1454637899167182,0.6050895671355239,0.5727269038441533,0.5727306273062731,0.1157118113965874,0.5794696382129874,0.5575187358292908,0.5577859778597786
deep4mc/E.coli_4mC,6.836978719077349e-06,0.5714524971133141,0.4570558932322162,0.8312281644719162,0.0,0.5820099655678189,0.4545587804163002,0.833378124160172,0.0,0.5251734612143846,0.4545587804163002,0.833378124160172,-0.0164018226311653,0.4649363888859993,0.4541587208449464,0.8320343993550121,,,,,,,,,-0.0103692386576493,0.6139179869136907,0.4543988269794721,0.8328406342381081,0.0,0.5314076624606007,0.4545587804163002,0.833378124160172
deep4mc/G.pickeringii_4mC,0.0061137183764901,0.5993466644642191,0.4560667709140166,0.8326704821030168,0.0,0.6165092905928437,0.4545502645502645,0.8333495004365118,0.0,0.5877423499617666,0.4545502645502645,0.8333495004365118,-0.0044045598464682,0.5187353253919654,0.4545214032488491,0.833252497817441,,,,,,,,,0.0536090774813717,0.6230842467324754,0.4615453994699462,0.8338345135318653,0.0044079798679275,0.5724035861229007,0.4555543509488822,0.8328644873411583
deep4mc/G.subterraneus_4mC,0.0059653699677465,0.588358910047208,0.4557122970613393,0.8328744998715266,0.0,0.6083045459070111,0.4545509149881872,0.8333516866718056,-0.0038316848035756,0.5879444700684825,0.4545290725612686,0.8332782733179165,-0.0066371600682268,0.523999816826397,0.4544853824589507,0.8331314466101384,,,,,,,,,0.0155267051246064,0.6057170635331045,0.4556295497924494,0.833314979994861,0.0,0.5491937353851623,0.4545509149881872,0.8333516866718056
enhancers/enhancer,0.5057655497795546,0.8525,0.7523126864691423,0.7525,0.5702566732674554,0.861125,0.7849516141131755,0.785,0.5650635732281833,0.8606,0.7824877649367776,0.7825,0.5164545768808172,0.842575,0.7571585041464559,0.7575,,,,,,,,,0.5500275020626718,0.8455124999999999,0.7749943748593715,0.775,0.5209385348055596,0.8346250000000002,0.7597838054248824,0.76
enhancers/enhancer_strength,0.5422240884402519,0.8737055555555555,0.584853787117987,0.7,0.5025240968854201,0.8723027777777778,0.5480606959608978,0.6725,0.5439185294821902,0.8756,0.5704944595922039,0.705,0.606885666337893,0.8628166666666667,0.5817435251598008,0.735,,,,,,,,,0.5176697231273487,0.8590055555555556,0.5787302901482526,0.6875,0.5335251046162972,0.8420583333333332,0.5654424428667553,0.7025
genomic_benchmark/coding,0.8600725615099394,0.9760642176,0.9297374368360364,0.92976,0.7601607881351137,0.9527783936,0.8800799378334397,0.88008,0.7590113989336622,0.9525722496000002,0.8793832053175084,0.8794,0.7490939556847193,0.9488635712,0.8740015027346061,0.87408,,,,,,,,,0.7088656428878856,0.934233584,0.8541521131215706,0.8542,0.7038095412169876,0.9279326720000002,0.8517779386283855,0.8518
genomic_benchmark/enhancer_cohn,0.4767095343409457,0.8175585706335973,0.7383349441580755,0.7383419689119171,0.424063993293662,0.7929479588316067,0.7119840700886269,0.7120034542314335,0.4154093490141763,0.7835204955373729,0.7076722883289956,0.707685664939551,0.4002573541513524,0.7739222595751183,0.6997524269161359,0.6999136442141624,,,,,,,,,0.4154733975951984,0.7896782546817894,0.7076497590833826,0.707685664939551,0.475373908132884,0.8130124215779759,0.7375866728496268,0.73762233736327
genomic_benchmark/enhancer_ensembl,0.6229286521091164,0.897189647527282,0.8084673739516985,0.8091701646754924,0.6774320580269594,0.9321202463579648,0.836270299073441,0.8367452373264449,0.6743455140261881,0.93575054509718,0.834591253129217,0.8350984824023249,0.6848886431236131,0.9352315389740966,0.8413907181954207,0.8415886341620924,,,,,,,,,0.4173269785263756,0.7784464242949081,0.7073841294938497,0.7079108814982241,0.5452051046908027,0.8469265902434147,0.7720760491579052,0.7722311914756216
genomic_benchmark/human_vs_worm,0.8988050928275805,0.9888566272,0.9493576028725176,0.94936,0.8910698223679909,0.9871034176,0.9454341886101292,0.94544,0.8889846723569659,0.9858244032,0.9443517173096044,0.94436,0.8867518429106325,0.9847473472,0.9432738645011844,0.94328,,,,,,,,,0.6022420092572176,0.8869456736000001,0.8004274975117492,0.8006,0.8734326901660724,0.985650048,0.9335357972086372,0.93376
genomic_benchmark/open_chromatin_region,0.3636414111987122,0.7446623033774705,0.6790252745862178,0.6803330281528954,0.3394054148763071,0.7317944156590046,0.6665650316481764,0.6681162737468528,0.3390987099057734,0.7340770445356156,0.664668278231943,0.6670862897688258,0.3267189990396488,0.7280948515679432,0.6579507815196817,0.6607061112382696,,,,,,,,,0.2862408424251575,0.6958524055827064,0.6389724611433216,0.641279468986038,0.3093149659280554,0.7123955262112469,0.6528634874923438,0.6538109407186999
genomic_benchmark/promoter_notata_251bps,0.7523854895718347,0.9465495111481246,0.8723115504405381,0.872371042727474,0.741577587461293,0.9628452322648412,0.8634027456303532,0.8634049147664379,0.8544569255083014,0.9799827462591169,0.9272091054823636,0.9277175116227584,0.8569267234736017,0.9947911781173367,0.923298104887922,0.925282266991366,,,,,,,,,0.6734092002362438,0.9175417395554484,0.8332045821967999,0.8332964356874032,0.683537347363149,0.9263122018228308,0.8416602080177963,0.8425946424618109
genomic_benchmark/regulatory_region_type,0.4745269090110082,0.8255308860399001,0.6415650109028123,0.6492124824562924,0.4084769716329516,0.7985620026660439,0.5791950559666122,0.599934156949041,0.4091941048562159,0.8000640005503606,0.5571628466230184,0.5944587874482352,0.4010088270558095,0.7962824655973776,0.5353907061614781,0.5873373416734531,,,,,,,,,0.5675690132305818,0.86225765804235,0.7041612920462809,0.711104950357805,0.4863079241443448,0.8281632128681279,0.6543759196221829,0.6587943790827023
iDHS-EL/DNase_I,0.4691174625841153,0.8262280137280138,0.7134785989747823,0.8071895424836601,0.458411152348311,0.862022737022737,0.7069901053303542,0.803921568627451,0.2164332887173091,0.850117975117975,0.509816807689148,0.7450980392156863,0.0,0.8341913341913342,0.4204545454545454,0.7254901960784313,,,,,,,,,0.5077606592570754,0.8114543114543115,0.7457264957264957,0.8169934640522876,0.266410089298844,0.8101673101673103,0.5553273526961306,0.7549019607843137
iDNA_ABF/5mC,0.4334566076421057,0.7852264645027803,0.7162321385516134,0.7164179104477612,0.38877887925008,0.7706400329755594,0.6943838273625508,0.6943852167732765,0.3618542260544254,0.7427704319151687,0.6808497094904502,0.6808813077469794,0.2780539373865081,0.7076854066985647,0.60180379341279,0.6233120113717129,,,,,,,,,0.2807462427414719,0.6946861260183629,0.6403679456870947,0.6403695806680881,0.168442406816923,0.6325811457390406,0.5842209082941638,0.5842217484008528
iDNA_ABF/6mA,0.4672078921112095,0.8105758464500232,0.7330169872439384,0.7332303217596801,0.4771040721990498,0.8157608203377013,0.7380524006307821,0.7382294128340302,0.4692287545715745,0.8161720757353665,0.7341549397797584,0.7343210325395383,0.4390805153061776,0.7997388453871701,0.7190363077676948,0.7192328667514998,,,,,,,,,0.3315105672093866,0.7258016679620083,0.6643593340712195,0.6650608980185421,0.3175051881932618,0.7050870194280752,0.6576964690991021,0.6582439556444283
iPro-WAEL/Promoter_Arabidopsis_NonTATA,0.843551002073785,0.975927056553222,0.9205882472587282,0.9206886819079876,0.7574599424139712,0.9564905111573088,0.8782926913829979,0.8783516793677675,0.7673580677223849,0.9583109745294454,0.882746233149623,0.882867626305391,0.7867024057192418,0.9546053612694108,0.8910600571112992,0.8913350268134349,,,,,,,,,0.7363255221878378,0.9428255643659512,0.8678612982094871,0.8679085520745131,0.6795180747066614,0.9131052969015478,0.8393197150843239,0.8394016370307649
iPro-WAEL/Promoter_Arabidopsis_TATA,0.7934194376857526,0.9645882310484204,0.896423628292564,0.907844630616908,0.76477015673529,0.9592406994968242,0.8810601116526455,0.8956587966488957,0.7143932659227582,0.9547476903406747,0.8480523107349683,0.8728103579588729,0.65168810836218,0.9545852924193682,0.8077631941573653,0.8446306169078446,,,,,,,,,0.6833456464377884,0.9353424276169264,0.8372054892900577,0.8606245239908606,0.488584484795843,0.88953332508455,0.7013984347651954,0.7768469154607769
iPro-WAEL/Promoter_B_amylolique,,,,,,,,,,,,,,,,,,,,,,,,,,,,,,,,
iPro-WAEL/Promoter_B_amyloliquefaciens,0.6063580583410034,0.8766848293662175,0.8013839869929016,0.8018867924528302,0.591253869666204,0.8512010126281855,0.7955954629510597,0.7955974842767296,0.5892474867045349,0.8648279817647814,0.7937554305178394,0.7940251572327044,0.3698491592034892,0.8576782729942742,0.5921940340117089,0.6383647798742138,,,,,,,,,0.601552033634861,0.8603334552970145,0.8002033289550821,0.800314465408805,0.4529248596161376,0.795971242941764,0.7263474416166332,0.7264150943396226
iPro-WAEL/Promoter_GM12878,0.8800840265788077,0.9817253553719008,0.9399971357310412,0.94,0.8683748894268519,0.9818679008264464,0.934181391720753,0.9341818181818182,0.8683822386022415,0.9804641322314048,0.9341811132125846,0.9341818181818182,0.8398061527678794,0.9751198677685952,0.9196108410749648,0.9196363636363636,,,,,,,,,0.8357857961549507,0.9724583140495868,0.9178108350577848,0.917818181818182,0.8606586723584729,0.9773841983471074,0.930169851256493,0.9301818181818182
iPro-WAEL/Promoter_HUVEC,0.9037140740938384,0.9878533440751822,0.9517024186582206,0.9517102615694164,0.8974571765928582,0.9844063261752496,0.9486900698979516,0.9486921529175052,0.8967426587321915,0.983746431191666,0.9483559712016626,0.9483568075117372,0.8863748837428218,0.982756813629373,0.9426215498039552,0.942655935613682,,,,,,,,,0.8819869829714524,0.979755573458637,0.9409782528019002,0.9409792085848424,0.893579052402736,0.9842344925803422,0.9466735498499363,0.9466800804828974
iPro-WAEL/Promoter_Hela-S3,0.9050026244377264,0.9868168521557068,0.952306316349846,0.952316076294278,0.8845246044014172,0.9826326760166012,0.942087343313729,0.9420980926430518,0.8789301464250507,0.9830516968720532,0.93936696647808,0.9393732970027248,0.8648919546477443,0.9811268923223128,0.9314677581917512,0.9315395095367848,,,,,,,,,0.864451244708127,0.977828321169509,0.932220323160651,0.9322207084468664,0.876256851153089,0.9813579802359508,0.9380025850046524,0.9380108991825612
iPro-WAEL/Promoter_NHEK,0.7980438180283691,0.9610965797465542,0.8981388840971384,0.898238747553816,0.7292983985607157,0.9367008015441116,0.8644502301306567,0.8644814090019569,0.7299412915851272,0.9346232206524944,0.8649706457925636,0.8649706457925636,0.7265297849746316,0.9261826892513432,0.8629663363415996,0.863013698630137,,,,,,,,,0.7088547842530359,0.9212764388923144,0.8541621973643886,0.8542074363992173,0.7123488309060604,0.9330722155629,0.8543952479164902,0.8546966731898239
iPro-WAEL/Promoter_R_capsulatus,0.3867122768420384,0.7806296154881155,0.6922935323383085,0.693228346456693,0.3775964659638066,0.7701172372679407,0.6881146916361454,0.6881889763779527,0.3795853781632087,0.7678560797235647,0.6827961415222747,0.6850393700787402,0.4133672825230542,0.7793126906623757,0.6695284490603873,0.6834645669291338,,,,,,,,,0.2757384005517607,0.6904262184729865,0.6377871909844848,0.6377952755905512,0.1955966464990572,0.6438897148885535,0.5969410779649847,0.5981102362204724
mouse/mouse_TFBS_1,0.4641519693447137,0.8160625920845398,0.7301615546519549,0.7308641975308642,0.4041157738367086,0.7773544005825671,0.7020574113413682,0.7020576131687243,0.4215158185457349,0.7899270097715457,0.7092699139035725,0.7098765432098766,0.4159322021841286,0.7764778404376027,0.7070143882147113,0.7074074074074074,,,,,,,,,0.0963009933042824,0.5849758674998731,0.54813712878229,0.5481481481481482,0.2116491255250808,0.6540439296177751,0.6056435088061667,0.605761316872428
mouse/mouse_TFBS_2,0.7529537120267965,0.950357263277854,0.8713438466014445,0.8720901497553502,0.584117429940156,0.8784610136531096,0.7920104094875959,0.7920229328325014,0.5520547844597067,0.8736160391196821,0.7744729425535923,0.7749221568724362,0.5309900586852597,0.8596121405651154,0.7638367217491213,0.7643453763653437,,,,,,,,,0.6228902691723918,0.8937783605989441,0.8098339365898908,0.8102110413680621,0.540435703144249,0.851565020615071,0.7698071537708308,0.7699303118667523
mouse/mouse_TFBS_3,0.7232564465436768,0.9523475402778466,0.8592041350105866,0.8596134282807731,0.6005681423293757,0.9047985693706224,0.7993804810078061,0.7995930824008138,0.6277532218211073,0.9178422996042588,0.8085606719398462,0.8097660223804679,0.600103629704686,0.9106643154007916,0.7829836408788948,0.7873855544252288,,,,,,,,,0.5768117861878863,0.8938411736459523,0.7884026294438097,0.7884028484231943,0.5585958262893217,0.8622356895666716,0.7792325804031153,0.7792472024415056
mouse/mouse_TFBS_4,0.4553321054107462,0.8062688762655901,0.7201598747568669,0.7230769230769231,0.4718263046051108,0.8023253994335164,0.7354967009264026,0.7356643356643356,0.4636201771117312,0.8056429275620864,0.7312366871319383,0.7314685314685314,0.4605276297618825,0.8314007167112654,0.7075699972398009,0.7160839160839161,,,,,,,,,0.138609548522518,0.5949838035772969,0.5688588522741511,0.5692307692307692,0.2689086000880073,0.6965126832856047,0.6288104445115583,0.6321678321678321
mouse/mouse_TFBS_5,0.3518650587048867,0.7491869371133213,0.6749053306603167,0.6753982300884955,0.3403274732034775,0.7376967342783303,0.6700155573583748,0.6700884955752212,0.344634310909973,0.7406451249118959,0.6714216132062972,0.6718584070796461,0.305455624013382,0.7101825984806955,0.6508675150043672,0.651858407079646,,,,,,,,,0.1609895068216555,0.6126942438718772,0.5799870391897866,0.580353982300885,0.1745406146582958,0.6241359542642337,0.5872243107769424,0.5872566371681416
prom/promoter_all_300bps,0.8056867352792491,0.9568361715415156,0.9024904210603516,0.9025282955121346,0.7682775455416299,0.9458465553908452,0.8839173114506076,0.883946168140098,0.7610187095589938,0.9418217864502636,0.8803814634814864,0.8803986710963455,0.7441688141972084,0.9373026076814508,0.8715337301199018,0.8716143927022918,,,,,,,,,0.730193292050275,0.9376153140977443,0.865079956965167,0.8650824933836365,0.7053485826509993,0.9220856809619622,0.8526306805765698,0.8526380989920603
prom/promoter_all_70bps,0.5794620584909478,0.8699223177169738,0.7895130096876264,0.7895714848809054,0.5808813550860628,0.8701932398949238,0.7897929697292803,0.7899656512191002,0.5622236707880451,0.86368989005336,0.7806598066870774,0.7807872064868517,0.5476433154931141,0.849605018775956,0.7734007316331771,0.773523283968692,,,,,,,,,0.4985176133395823,0.8248086384616399,0.7485726745179386,0.7488034236161946,0.4662711504102592,0.811633102299281,0.7327133176170773,0.732867841657751
prom/promoter_notata_300bps,0.887621028658606,0.9845206560440392,0.9437127645048092,0.943718592964824,0.851949800198583,0.9780155330673468,0.9258027974669591,0.9258165829145728,0.8476762540677274,0.9762589486376608,0.923735225684838,0.9237437185929648,0.8249062690878091,0.97337728213934,0.9124354930033164,0.9124371859296484,,,,,,,,,0.8073821897849204,0.9636754359107093,0.903285808225938,0.9033291457286432,0.777558798010615,0.9535755252392616,0.8884656823709851,0.8885050251256281
prom/promoter_notata_70bps,0.6213662768482898,0.8883716793767833,0.8106769457785434,0.810678391959799,0.617221624321468,0.8877667072801192,0.8083569534953733,0.8084170854271356,0.5981169088210089,0.8808096386454887,0.7989736417446386,0.7989949748743719,0.5728997277837306,0.8686398702052979,0.7859942287893096,0.7861180904522613,,,,,,,,,0.5385088542285849,0.8454726206408929,0.7689375484737393,0.7690326633165829,0.5048389371437207,0.8291308931592637,0.7520900257840284,0.7521984924623115
prom/promoter_tata_300bps,0.5339256354177517,0.8400129962192816,0.7667976120803421,0.7668478260869566,0.415383302931305,0.7747997400756144,0.7075503024587848,0.7076086956521739,0.4236399631695913,0.7747217627599244,0.7111358342170875,0.7114130434782608,0.3127446428976907,0.7523966209829868,0.6145103096663471,0.6369565217391304,,,,,,,,,0.4446600539929842,0.7997690217391304,0.7222529930678454,0.7222826086956522,0.3316865652930282,0.72085834120983,0.6656778222614963,0.6657608695652174
prom/promoter_tata_70bps,0.4929014106678387,0.8202014413988656,0.7452401154513858,0.7456521739130435,0.4685781987065432,0.8087635869565217,0.7342107898437895,0.7342391304347826,0.4387893296247342,0.7918484168241966,0.7178903101454355,0.7184782608695652,0.4159551524421713,0.789148747637051,0.6770156343156722,0.6902173913043478,,,,,,,,,0.4014454151634761,0.7761986058601135,0.699459922663482,0.7,0.3174033046996215,0.7172512996219281,0.6586892001739164,0.658695652173913
splice/acceptors,0.7644838098381808,0.932561346921812,0.8813939051372377,0.8815749924857229,0.4540265105446781,0.8005610668401366,0.7203607565828543,0.7233243162007815,0.4623279303373251,0.7963094270071014,0.7186517590482577,0.7239254583709047,0.4479296936378249,0.791754937568891,0.7015410939722866,0.711151187255786,,,,,,,,,0.4088263540604808,0.7744590357962452,0.6994829580260598,0.7019837691614067,0.3886023044931315,0.7568540503424225,0.6889314080661615,0.6917643522693117
splice/donors,0.7671309949042495,0.9376580047129864,0.8834873270798085,0.883495145631068,0.4616210679686834,0.8049092381899187,0.7281040535047851,0.7290655339805825,0.447554553145974,0.7985972421665011,0.7139757619310382,0.7176881067961165,0.4529360528491822,0.7987676276740674,0.7133593524824324,0.7182949029126213,,,,,,,,,0.4087459333204873,0.7759608693250856,0.695763301744468,0.6993325242718447,0.3844580077273134,0.7646540281306382,0.690336261023136,0.6911407766990292
splice/splice_site_type_DNABERT,0.5327149492556741,0.8588081014077198,0.6669836162212164,0.7370497552422006,0.2367396115534394,0.7584370433049914,0.3514330883144015,0.5984510849711405,0.2350929490253938,0.7640537311441274,0.3476746680322738,0.5974282165558559,0.2353415559409578,0.7603326343323135,0.3484235415919824,0.5976474026448455,,,,,,,,,0.2475863627433052,0.7481356810755736,0.4028722988979246,0.6083875210053336,0.1646874527431866,0.6993446766718399,0.2972014852601775,0.5798202674070285
splice/splice_site_type_NT,0.534028025127369,0.8406866814452026,0.6878693555073435,0.6887012554160649,0.2275881706571542,0.687454648088969,0.4823019218693172,0.4843906232640818,0.2119638367210455,0.6777415378565418,0.4741781544077366,0.4738362404177313,0.1813548588758998,0.650800315828488,0.4480746313593356,0.453282968559049,,,,,,,,,0.3130201265742604,0.7269416390540856,0.5385654178742602,0.5400511054327297,0.2149396515558667,0.673984140020377,0.4717633891427737,0.4741695367181424
tf/Human_TFBS_1,0.57448424522961,0.86455459517439,0.7860962630276522,0.7864068256738413,0.5464485304206885,0.8504501037031924,0.7711576879004903,0.7717665309288346,0.5489660326267127,0.8501160515410451,0.7695341529459636,0.7709908861741323,0.5324548808619466,0.8378665572912806,0.7583774264006647,0.7608105487686639,,,,,,,,,0.4958274213706185,0.8208372669253878,0.7460119093309833,0.7466550319953461,0.4499277401231292,0.7974120658633246,0.7244516456275389,0.7246461120806671
tf/Human_TFBS_2,0.53567832413035,0.8488666912769177,0.7670548623384561,0.7672923893083045,0.5051124421095835,0.8324048979423267,0.7507969784720174,0.7513772699449092,0.5081584975569088,0.8358755761548566,0.7491397642635456,0.750765149969394,0.5039210989950335,0.8287399633327521,0.7455738751762734,0.747704550091818,,,,,,,,,0.4703759058672638,0.8121672198699731,0.7325809939536547,0.7335237706590492,0.433567545386312,0.7807250776140902,0.7164607749973604,0.716588451336462
tf/Human_TFBS_3,0.4908893107588446,0.8231779278938912,0.7454338403295424,0.7454372321853674,0.4955051072248779,0.8148044712436968,0.7468964694510318,0.7471829868274877,0.4749575179141154,0.8121005677210057,0.7362866515349731,0.7367084589747659,0.4447137626414582,0.793812798154277,0.7198928848839783,0.7208379622282177,,,,,,,,,0.4182643160525002,0.7804275790502386,0.7085332130796682,0.7087763847008411,0.3699839279450564,0.7483513926040107,0.6849538488005877,0.6849706395810189
tf/Human_TFBS_4,0.3633750056163822,0.7541318884009273,0.670868430431272,0.6759585845943793,0.3481780641590848,0.7450649168402668,0.6737466588829883,0.6739105700307202,0.3654029035357923,0.7512113167039759,0.6792445819123502,0.6808510638297872,0.342762677179169,0.7319338139763447,0.6563583274793898,0.6637842757992946,,,,,,,,,0.3098144396290818,0.711439919882475,0.6500996120373284,0.6526339742860394,0.2323135066923917,0.660184407012769,0.6148380820465388,0.6156559335533053
tf/Human_TFBS_5,0.684110205863492,0.9268257494471396,0.8415115234597498,0.8416124424694493,0.6899224817940439,0.928532841677875,0.8443598027882344,0.844469131883828,0.6905574055038206,0.9282664611385651,0.8450657046114156,0.8451039517536899,0.6288774077838568,0.9208587850669728,0.7807913312937462,0.7892398032058403,,,,,,,,,0.6367647464339978,0.9104596676288202,0.8164186684666911,0.8168544675448342,0.5784462638012949,0.8757971518238101,0.7888105553065735,0.7889223932709094
virus/covid_variants,0.4238914138862726,0.8231044795510171,0.492606608151181,0.4900549070942875,0.5922518531583091,0.904676714957202,0.6424716627333608,0.6388131340678521,0.5990011100372665,0.907782603779828,0.6502093891742877,0.6447765535798698,0.45040467196923123,0.8544839885697646,0.5272111128420387,0.4887095014726737,,,,,,,,,0.509094349314484,0.8727157476455025,0.566189073210428,0.5652521726482673,0.3941512500713669,0.8090126993650253,0.4636653515216822,0.463837678629868
