dataset,biocat,gc_content_mean,seq_len_mean,n_train,n_test,n_classes,kmer_k4_MCC,kmer_k5_MCC,kmer_k6_MCC,kmer_k4_AUROC,kmer_k5_AUROC,kmer_k6_AUROC,best_k,delta_k6_k4
EMP/Yeast_H3,histone,0.3844,500.0,10475.0,4490.0,2.0,0.6502389898680512,0.6318674532287831,0.6599388038043943,0.9111213023625174,0.9018959698233076,0.904206670637284,6,0.009699813936343116
EMP/Yeast_H3K14ac,histone,0.3811,500.0,23133.0,9915.0,2.0,0.3633473065783845,0.3864247241018781,0.3976585207951492,0.7592120191746439,0.7911868390226688,0.8228181115085008,6,0.034311214216764696
EMP/Yeast_H3K36me3,histone,0.3814,500.0,24415.0,10465.0,2.0,0.4178110054905303,0.4437202686165719,0.4596250565941954,0.7833218141366582,0.798614503977948,0.8173964585311126,6,0.041814051103665095
EMP/Yeast_H3K4me1,histone,0.382,500.0,22173.0,9504.0,2.0,0.3299346521568046,0.3495853630264314,0.3697013732264936,0.7277531975612456,0.7500860332382072,0.770539620828705,6,0.03976672106968898
EMP/Yeast_H3K4me2,histone,0.3818,500.0,21478.0,9205.0,2.0,0.2824098100137923,0.2896240365970529,0.2925228640029574,0.7137577169921949,0.731294055849013,0.755549929612221,6,0.010113053989165122
EMP/Yeast_H3K4me3,histone,0.3811,500.0,25759.0,11040.0,2.0,0.2671023546531975,0.3223549350506919,0.3821194250634468,0.6926387699913372,0.7359162116881766,0.792659076464501,6,0.11501707041024933
EMP/Yeast_H3K79me3,histone,0.3799,500.0,20185.0,8652.0,2.0,0.5617634092419973,0.5733300037492575,0.5818747758543935,0.8564056422060189,0.8651960768533273,0.8710093840037343,6,0.02011136661239621
EMP/Yeast_H3K9ac,histone,0.3815,500.0,19447.0,8335.0,2.0,0.3931747751902265,0.4107064961888284,0.433886777588675,0.7775453340132585,0.7967826327675384,0.8267735703358344,6,0.04071200239844852
EMP/Yeast_H4,histone,0.3786,500.0,10220.0,4381.0,2.0,0.7081212245762214,0.6824589891710412,0.6794565339985045,0.9208357185435104,0.9162434501706376,0.9171234449696126,4,-0.028664690577716923
EMP/Yeast_H4ac,histone,0.3806,500.0,23866.0,10229.0,2.0,0.3557796212567258,0.3864459445429409,0.4288807189345976,0.7459935536737419,0.7715162317393269,0.8118127732122649,6,0.07310109767787182
deep4mc/A.thaliana_4mC,methylation,0.4282,41.0,156697.0,67157.0,2.0,0.1961400579652814,0.2021958359642879,0.1922746020527251,0.6363040471893684,0.641110985294677,0.6374613073889168,5,-0.003865455912556298
deep4mc/C.elegans_4mC,methylation,0.415,41.0,84926.0,36398.0,2.0,0.216222180831382,0.238212422449133,0.2492864186727509,0.64949669735022,0.6664435239639801,0.6735255227493737,6,0.03306423784136889
deep4mc/D.melanogaster_4mC,methylation,0.4617,41.0,126466.0,54200.0,2.0,0.2289306099976899,0.2372123246116766,0.2278619305122458,0.6589830108522488,0.6671457816478533,0.6614281041924811,5,-0.0010686794854441184
deep4mc/E.coli_4mC,methylation,0.506,41.0,8681.0,3721.0,2.0,0.0,0.0,0.0,0.6685262818445663,0.6928748270589092,0.6863134680800158,4,0.0
deep4mc/G.pickeringii_4mC,methylation,0.5803,41.0,24053.0,10309.0,2.0,0.0228919456076237,0.0,0.0,0.6592439308592295,0.6608807928919305,0.6676189677341896,4,-0.0228919456076237
deep4mc/G.subterraneus_4mC,methylation,0.5433,41.0,63567.0,27243.0,2.0,-0.0066371600682268,0.0,0.0,0.6595846849016247,0.6731172654509554,0.6708106557362735,5,0.0066371600682268
enhancers/enhancer,enhancer/generic,0.4401,199.3,14968.0,400.0,2.0,0.5083022996014029,0.5208746559314252,0.4697092511615889,0.8575999999999999,0.8575249999999999,0.8262,5,-0.03859304843981404
enhancers/enhancer_strength,enhancer/generic,0.4401,199.3,14968.0,400.0,3.0,0.473895749303635,0.4661662382004545,0.4287374326540295,0.8753694444444443,0.8545416666666666,0.7864416666666666,4,-0.04515831664960546
genomic_benchmark/coding,enhancer/generic,0.4697,200.0,75000.0,25000.0,2.0,0.7477382191867453,0.7159511643016548,0.6545025154855207,0.9474391104,0.9381893376,0.9144225984,4,-0.09323570370122458
genomic_benchmark/enhancer_cohn,enhancer/generic,0.4303,500.0,20843.0,6948.0,2.0,0.4082676478885972,0.3960654262495107,0.3769908999218447,0.7870252710405019,0.7792106607220213,0.7702378454770018,4,-0.031276747966752505
genomic_benchmark/enhancer_ensembl,enhancer/generic,0.434,268.9,123872.0,30970.0,2.0,0.6914749372221595,0.6799531158257769,0.618627944227811,0.9358437451682022,0.9237011996881792,0.8898803981771605,4,-0.07284699299434849
genomic_benchmark/human_vs_worm,enhancer/generic,0.3711,200.0,75000.0,25000.0,2.0,0.8805642858929225,0.8526549413739801,0.7812284901125139,0.9856814208,0.9792732480000002,0.959867248,4,-0.09933579578040852
genomic_benchmark/open_chromatin_region,enhancer/generic,0.4166,326.3,139804.0,34952.0,2.0,0.3447417055691516,0.34561111052306,0.3521533704456454,0.7358937465217315,0.7375677782684251,0.7411256576785998,6,0.007411664876493751
genomic_benchmark/promoter_notata_251bps,enhancer/generic,0.5605,251.0,27097.0,9034.0,2.0,0.7709718857136543,0.7835145339749172,0.7647858884649208,0.9770055497968994,0.9789033625036644,0.9593065112496316,5,-0.006185997248733477
genomic_benchmark/regulatory_region_type,enhancer/generic,0.4611,430.0,150000.0,57713.0,3.0,0.8302014479728175,0.8239442868325784,0.7264651934699327,0.971232488046906,0.9667114456237343,0.9469085807938264,4,-0.10373625450288482
iDHS-EL/DNase_I,enhancer/generic,0.5103,242.6,711.0,306.0,2.0,0.5541318506816152,0.5968101769219415,0.5968101769219415,0.8533086658086658,0.856123981123981,0.857947232947233,5,0.0426783262403263
iDNA_ABF/5mC,methylation,0.5355,41.0,3281.0,1407.0,2.0,0.4741182736614529,0.3952028703016922,0.3174979732177252,0.8165896159317212,0.7832665201086254,0.7120841684986422,4,-0.1566203004437277
iDNA_ABF/6mA,methylation,0.4884,41.0,25668.0,11002.0,2.0,0.5176495660077043,0.4921725576073377,0.4595367926555976,0.8359695371610477,0.8298362304670622,0.8131903501804187,4,-0.058112773352106684
iPro-WAEL/Promoter_Arabidopsis_NonTATA,promoter,0.3743,251.0,8267.0,3543.0,2.0,0.7911991840381203,0.8053905478625556,0.7781905225664866,0.9609213781605576,0.9590410080644648,0.9520809938907886,5,-0.013008661471633709
iPro-WAEL/Promoter_Arabidopsis_TATA,promoter,0.3709,251.0,3063.0,1313.0,2.0,0.7875570194300952,0.7559018149912003,0.7508103188992693,0.9645856533036378,0.9644193887651572,0.9634527344716656,4,-0.03674670053082585
iPro-WAEL/Promoter_B_amyloliquefaciens,promoter,0.3935,40.0,1483.0,636.0,2.0,0.6135288988226918,0.6084191516409551,0.5477589755066715,0.878029726175054,0.8786131740553583,0.8609811813336233,4,-0.06576992331602027
iPro-WAEL/Promoter_GM12878,promoter,0.5194,1622.9,10992.0,2750.0,2.0,0.8741820493704899,0.8705454545454545,0.8603636363636363,0.9786512396694216,0.975084429752066,0.9736679669421489,4,-0.013818413006853603
iPro-WAEL/Promoter_HUVEC,promoter,0.537,1323.2,11928.0,2982.0,2.0,0.902472192133314,0.8972594628352032,0.8953108855173527,0.9816754315294854,0.9814482693163228,0.9804208663561966,4,-0.00716130661596126
iPro-WAEL/Promoter_Hela-S3,promoter,0.5446,1165.2,11736.0,2936.0,2.0,0.8780232803569717,0.8748898917318654,0.872274208715494,0.9817394145030404,0.9799032400567232,0.9767547832413932,4,-0.005749071641477754
iPro-WAEL/Promoter_NHEK,promoter,0.5898,499.9,8170.0,2044.0,2.0,0.7525661843691549,0.7402719939039719,0.7375107559353511,0.9407429888825488,0.9358668969558176,0.9337175102730152,4,-0.015055428433803808
iPro-WAEL/Promoter_R_capsulatus,promoter,0.6478,40.0,7406.0,3175.0,2.0,0.4064053451604786,0.3841810173182615,0.366185345859809,0.7897321935331767,0.7786986814081809,0.7598215681963052,4,-0.04021999930066961
mouse/mouse_TFBS_1,TFBS,0.5904,101.0,5668.0,2430.0,2.0,0.4416049518270179,0.5006563550661874,0.4979019079262202,0.7903619028264661,0.8294887296990636,0.8287889718708192,5,0.05629695609920227
mouse/mouse_TFBS_2,TFBS,0.3764,101.0,47209.0,20233.0,2.0,0.6819068481034495,0.6982134667906812,0.651620085254239,0.9254835858181694,0.9321361775412724,0.917240801405681,5,-0.030286762849210502
mouse/mouse_TFBS_3,TFBS,0.478,101.0,2293.0,983.0,2.0,0.6808964187417977,0.7613526697459722,0.7478708514374496,0.933489808421506,0.960202341330949,0.9588528471842764,5,0.06697443269565184
mouse/mouse_TFBS_4,TFBS,0.4772,101.0,1667.0,715.0,2.0,0.4921598828379329,0.6261643186147426,0.6676825915302869,0.8235294117647058,0.8720873824390092,0.8875717884919332,6,0.17552270869235398
mouse/mouse_TFBS_5,TFBS,0.6212,101.0,13180.0,5650.0,2.0,0.3870082880854226,0.3916988592317517,0.3676950603017631,0.7621672488057013,0.7690893883624403,0.7541373012765291,5,-0.019313227783659515
prom/promoter_all_300bps,promoter,0.5781,300.0,41437.0,17759.0,2.0,0.7615961382717149,0.7301055046732726,0.6437114143591518,0.948332479765496,0.9382166862492632,0.910734630198393,4,-0.1178847239125631
prom/promoter_all_70bps,promoter,0.5855,70.0,41437.0,17759.0,2.0,0.5596850011280262,0.5260252842561606,0.4056852382609066,0.8660280951917115,0.8396169687256803,0.7657850629940675,4,-0.15399976286711964
prom/promoter_notata_300bps,promoter,0.5835,300.0,37146.0,15920.0,2.0,0.8550715120202524,0.8257422634928858,0.7357986627015785,0.9792976660942908,0.9720564032473926,0.9459342882755488,4,-0.11927284931867399
prom/promoter_notata_70bps,promoter,0.5952,70.0,37146.0,15920.0,2.0,0.6193367727750063,0.5431623408298308,0.415204721077309,0.8910589852528976,0.8558095281684805,0.7792304802909017,4,-0.20413205169769733
prom/promoter_tata_300bps,promoter,0.5319,300.0,4290.0,1840.0,2.0,0.4393059015294429,0.4666421571512529,0.440500862381152,0.7837127835538753,0.7931161389413989,0.7796047967863894,5,0.0011949608517091148
prom/promoter_tata_70bps,promoter,0.5023,70.0,4290.0,1840.0,2.0,0.4956568587826203,0.5065408903767932,0.5447663881557602,0.8261501654064273,0.8353845699432891,0.8481870274102079,6,0.04910952937313989
splice/acceptors,splice,0.4357,600.0,15525.0,6654.0,2.0,0.5234672000959323,0.5393905300222336,0.5475248940925188,0.8327134493413564,0.8407523355197773,0.8443989989338826,6,0.024057693996586527
splice/donors,splice,0.4357,600.0,15381.0,6592.0,2.0,0.5279125486071893,0.5462599307924165,0.5537163620766578,0.8385713759711328,0.8444515630177842,0.8473942339555948,6,0.025803813469468473
splice/splice_site_type_DNABERT,splice,0.472,400.0,31933.0,13687.0,3.0,0.2268994143841081,0.2238488726192558,0.1746790294495853,0.7846815772373908,0.8031703673892284,0.7918899824534565,4,-0.0522203849345228
splice/splice_site_type_NT,splice,0.4679,400.0,20999.0,9001.0,3.0,0.2218988263621867,0.2122215882743552,0.2033679696557003,0.6895744259680664,0.6819243522663411,0.6739401405194855,4,-0.01853085670648638
tf/Human_TFBS_1,TFBS,0.6622,101.0,24064.0,10314.0,2.0,0.5718813178307669,0.5468602746952076,0.5066854482025854,0.8632148143786369,0.8528724330973498,0.8319721384553712,4,-0.06519586962818147
tf/Human_TFBS_2,TFBS,0.6524,101.0,22870.0,9802.0,2.0,0.5284336774836105,0.5160266991915382,0.4941024749915352,0.8435005768782181,0.8361421895210539,0.8200821064254444,4,-0.034331202492075275
tf/Human_TFBS_3,TFBS,0.673,101.0,14699.0,6301.0,2.0,0.5149002093064681,0.5099462178852662,0.4769421072972115,0.8296099499780871,0.8338162236226341,0.8169219144338155,4,-0.03795810200925659
tf/Human_TFBS_4,TFBS,0.4748,101.0,20505.0,8789.0,2.0,0.3769829376565057,0.395256300350038,0.3883242687504333,0.7652811285220358,0.7787922614507424,0.7710815192710299,5,0.011341331093927598
tf/Human_TFBS_5,TFBS,0.624,101.0,14699.0,6301.0,2.0,0.7116751234762081,0.687860613233612,0.6457807226181479,0.93781052122531,0.9271174180028512,0.908948633087002,4,-0.0658944008580602
virus/covid_variants,enhancer/generic,0.382,999.0,64168.0,27501.0,9.0,0.65530456624256,0.6707202293146162,0.6727182149074552,0.9370882484054656,0.943608224953558,0.9442972776187564,6,0.017413648664895254
