dataset,ckmer_lp_k4_MCC,ckmer_lp_k4_AUROC,ckmer_lp_k4_F1,ckmer_lp_k4_Accuracy,ckmer_lp_k5_MCC,ckmer_lp_k5_AUROC,ckmer_lp_k5_F1,ckmer_lp_k5_Accuracy,ckmer_lp_k6_MCC,ckmer_lp_k6_AUROC,ckmer_lp_k6_F1,ckmer_lp_k6_Accuracy,ckmer_k4_MCC,ckmer_k4_AUROC,ckmer_k4_F1,ckmer_k4_Accuracy,ckmer_k5_MCC,ckmer_k5_AUROC,ckmer_k5_F1,ckmer_k5_Accuracy,ckmer_k6_MCC,ckmer_k6_AUROC,ckmer_k6_F1,ckmer_k6_Accuracy
iDHS-EL/DNase_I,0.6399817720101408,0.8724796224796224,0.8161899313501144,0.8627450980392157,0.6143331009421021,0.8669562419562419,0.803921568627451,0.8529411764705882,0.6095551548850041,0.8613792363792365,0.796647714686554,0.8529411764705882,0.6006853950595256,0.8777616902616904,0.798670119689228,0.8464052287581699,0.5792872529017808,0.8679483054483055,0.7864923747276689,0.8398692810457516,0.6160138334268093,0.8608429858429859,0.8056045740100233,0.8529411764705882
iPro-WAEL/Promoter_B_amyloliquefaciens,0.5974841528028341,0.8716315773859558,0.7987341772151899,0.7987421383647799,0.6166154871944975,0.8795229571907479,0.808107787274454,0.8081761006289309,0.5567830019623281,0.8732039199786399,0.7782355486862442,0.7783018867924528,0.600624001885673,0.8658119320035995,0.800310022324574,0.800314465408805,0.5544645152251655,0.866034433313885,0.7764620852845956,0.7767295597484277,0.5296967170303601,0.8640170881006299,0.7637561289683522,0.7641509433962265
iPro-WAEL/Promoter_Arabidopsis_TATA,0.7568478532236377,0.9513399117380188,0.8784140425247323,0.8903274942878904,0.7464873944347045,0.9572017033737524,0.8731683061122482,0.8865194211728865,0.7569206615021843,0.959127278726388,0.8784096288482075,0.8910891089108911,0.7398812007803848,0.9544860492452364,0.8695145042000983,0.8842345773038842,0.715375060163287,0.9589726140394292,0.8549481142150112,0.8743335872048743,0.6838808738192562,0.9575960983254967,0.8351671419545548,0.8606245239908606
iDNA_ABF/5mC,0.4258571911057665,0.7672535723522566,0.7128118798274935,0.7128642501776831,0.3830870600984561,0.756209184663132,0.6915421327427906,0.6915422885572139,0.3437574866488158,0.7339850316824001,0.6714384783039429,0.6716417910447762,0.5268917599400895,0.8201013513513513,0.7305459917671917,0.7412935323383084,0.4338531202395332,0.7900576264063106,0.7137726798854496,0.7149964463397299,0.3441903944646641,0.7314977208069313,0.6711752089192853,0.6716417910447762
deep4mc/E.coli_4mC,0.0366676914686668,0.651832915500723,0.4562357274505818,0.833646869121204,0.039844282346024,0.6672368954863674,0.4636871030169267,0.832571889277076,0.1235263414501106,0.6530947353091094,0.5112662156814729,0.8314969094329482,-0.0073311733990885,0.6475231715055496,0.4544788154229585,0.83310937919914,0.0,0.6707461692898233,0.4545587804163002,0.833378124160172,0.0,0.6734976230352332,0.4545587804163002,0.833378124160172
iPro-WAEL/Promoter_Arabidopsis_NonTATA,0.7833333496401922,0.951213621004572,0.8916109788625348,0.8916172734970365,0.7996985894847402,0.958215060040558,0.8997970311594654,0.899802427321479,0.7968445337225191,0.9618429220205644,0.8983876241116446,0.8983911939034717,0.7760488279248509,0.9544884156965814,0.8876154598021044,0.8876658199266159,0.7807634182483901,0.9542838406073268,0.8901823843469538,0.890206040079029,0.7762454866755156,0.9504692480941376,0.8879239243849374,0.8879480666102173
EMP/Yeast_H4,0.6920055862479462,0.9159926864812196,0.8459789795217344,0.8477516548733166,0.7136578573832442,0.9238887875702266,0.8568106836303797,0.8584797991326181,0.7311014510293342,0.9317034115682272,0.8654807527974995,0.8669253595069619,0.7046355344432378,0.922166581390126,0.852282033557203,0.8543711481396942,0.7066467280808826,0.9194345658748616,0.8531298159809684,0.855512440082173,0.6912718730912337,0.917992674660709,0.8447385740417759,0.8479799132618123
EMP/Yeast_H3,0.6518815547541638,0.904285288862418,0.8258339711790583,0.8260579064587973,0.668794565264842,0.9131945602541196,0.8343624146811799,0.8345211581291759,0.6866330137444704,0.9240752432003176,0.8432708689937081,0.8434298440979956,0.6732556916901479,0.918058368076236,0.8365825703732404,0.8367483296213808,0.6542007374694367,0.9070047647409172,0.8268870594370461,0.8271714922048998,0.6550012003041176,0.9047742703990472,0.8273977501303732,0.8276169265033407
enhancers/enhancer,0.4633482043145936,0.8076249999999998,0.7290244881573664,0.73,0.4793885149565663,0.8086249999999999,0.736298510086582,0.7375,0.4518336469549572,0.8064500000000001,0.7244419950399559,0.725,0.5424348469709033,0.861625,0.7659067024938488,0.7675,0.5500190982169268,0.86425,0.7679053457453517,0.77,0.4866576001814245,0.8447,0.7265507701940339,0.7325
iPro-WAEL/Promoter_R_capsulatus,0.2766885187015968,0.685110493882531,0.6351246110955948,0.6362204724409449,0.2960858515940282,0.6825290354537754,0.6444752536860358,0.6456692913385826,0.2848177210456509,0.6931148407664043,0.641363868448239,0.6415748031496064,0.3608408952271646,0.7298776029904276,0.675719565020052,0.6771653543307087,0.3641533736444229,0.7298525980886729,0.6757198828407318,0.6777952755905512,0.3178839566728633,0.7170754901953003,0.6576957380163477,0.6579527559055118
iPro-WAEL/Promoter_NHEK,0.7897374444755768,0.9520423481834092,0.8948068135005183,0.8948140900195695,0.7945205479452054,0.95875092390118,0.8972602739726028,0.8972602739726028,0.7986546890812783,0.9598710942436648,0.899203324587778,0.8992172211350293,0.7689359812215444,0.9476282068466344,0.8828601895228885,0.8830724070450098,0.7680187548751397,0.9437636191650614,0.8823651285120686,0.8825831702544031,0.7597881174042874,0.9402001371011908,0.8784736906203761,0.8786692759295499
enhancers/enhancer_strength,0.3202611091269609,0.7181333333333333,0.5107191037930359,0.57,0.2951785817824122,0.7263666666666667,0.4784209622139032,0.555,0.3396004072496047,0.7407805555555557,0.5030339870535666,0.58,0.480678102422528,0.8816916666666667,0.4946028970904815,0.6475,0.4818194901096296,0.8726555555555556,0.4987793718376164,0.6475,0.4623519905515207,0.8174194444444445,0.4816158888232481,0.64
mouse/mouse_TFBS_4,0.4855631620653827,0.8218002284712768,0.7425722425722425,0.7426573426573426,0.5862263852384018,0.8880256013019733,0.7929579889807163,0.793006993006993,0.6731552427168989,0.9121559238220428,0.8363008752927916,0.8363636363636363,0.4886139003978841,0.8366704223588877,0.741723206432969,0.7426573426573426,0.629254981908989,0.8877830461793654,0.8101056640744114,0.8111888111888111,0.6734264372057883,0.906561507284478,0.8327485380116959,0.8335664335664336
iPro-WAEL/Promoter_GM12878,0.8727385823385446,0.9690266446280992,0.936363224039402,0.9363636363636364,0.8705491381991882,0.9691927272727272,0.9352725903287862,0.9352727272727271,0.8735876297007313,0.9702918347107438,0.9367224531746152,0.9367272727272729,0.8792736574139477,0.981740429752066,0.9396363317084728,0.9396363636363636,0.875642153025109,0.9796043636363636,0.9378179762577727,0.9378181818181818,0.8669148225962873,0.9764046280991736,0.9334543254688444,0.9334545454545454
mouse/mouse_TFBS_3,0.6933071610734528,0.9204129617670924,0.8463370826065126,0.8463886063072228,0.7681623275537586,0.953964035567036,0.8840226030799802,0.884028484231943,0.7768477272163001,0.9538978027254814,0.888055838530408,0.8880976602238047,0.7003468453899907,0.942172519994039,0.8492706174886034,0.8494404883011191,0.7741735180351813,0.9667966486182172,0.8870784964497611,0.8870803662258393,0.8053383447806529,0.9694956369115626,0.9022951851637112,0.9023397761953204
mouse/mouse_TFBS_1,0.4584517420957604,0.8073288285999762,0.729213521203089,0.7292181069958847,0.5491170265111857,0.85740452844248,0.7744556509391076,0.7744855967078189,0.5836727490588246,0.8742535860048435,0.7917457061249709,0.7917695473251029,0.4515259584097527,0.8040298734948941,0.7253632924074975,0.7255144032921811,0.504995089362229,0.8406645328456027,0.7496887640243168,0.7506172839506173,0.5436732353580291,0.8526538976104591,0.7668111217641419,0.768312757201646
iPro-WAEL/Promoter_Hela-S3,0.8873954781823198,0.976711164237614,0.9434453744068086,0.9434604904632152,0.8850500968351606,0.9764220723295888,0.9424330757124602,0.9424386920980926,0.9008794507077608,0.97729259627735,0.9502632477870848,0.9502724795640328,0.8860323514877233,0.983078610725449,0.9427639933755654,0.9427792915531336,0.8767544201788714,0.9823083176799888,0.9379849999350084,0.9380108991825612,0.8728715609439694,0.9795171654700828,0.935932935537368,0.935967302452316
iPro-WAEL/Promoter_HUVEC,0.904843312863431,0.9793021486846408,0.9523788102552384,0.9523809523809524,0.8967208756860899,0.9808814883488276,0.9483565984367578,0.9483568075117372,0.8998628078273753,0.9781699362281449,0.9496851525643362,0.9496981891348087,0.9057751147865952,0.9843406515552064,0.9527073576118172,0.9527162977867204,0.9025469623622816,0.984087849250657,0.9510268818292872,0.9510395707578806,0.9005940698383731,0.9826663985702726,0.9500189151000542,0.9500335345405768
prom/promoter_tata_300bps,0.360872976131206,0.7427687854442344,0.6804332723689621,0.6804347826086956,0.404425240028372,0.767414343100189,0.7021454085279901,0.7021739130434783,0.402177714363091,0.7661300803402646,0.7010855438825325,0.7010869565217391,0.3426993620705061,0.7370870746691871,0.6710478685633521,0.6711956521739131,0.3711368010479026,0.7526931710775047,0.685120637845286,0.6853260869565218,0.385497425448371,0.7508347117202269,0.6921061096289569,0.6923913043478261
genomic_benchmark/enhancer_cohn,0.4528214761865708,0.804083977397355,0.7261562917367728,0.7262521588946459,0.4556030602987159,0.8087048653887138,0.7276256116481681,0.7276914219919401,0.4488068798482467,0.8066266755359079,0.7243674079523407,0.7243811168681635,0.425570595529866,0.794674494534446,0.7126810902408172,0.7127230857800806,0.4011272202511589,0.7841343988354647,0.7001824306931247,0.7003454231433506,0.391887613634526,0.7770383428969341,0.6950696753412087,0.6954519286125503
prom/promoter_tata_70bps,0.4676079215170559,0.8046532372400756,0.7336339700592291,0.7336956521739131,0.5011938505886693,0.8262931238185255,0.7505168763564405,0.7505434782608695,0.5371101125169787,0.8416487476370511,0.7684451581570617,0.7684782608695652,0.4782653900534055,0.8115577741020794,0.7391292019338466,0.7391304347826086,0.4804756565675779,0.8199604206049149,0.7402063414795526,0.7402173913043478,0.503368227380811,0.8311005434782607,0.7516039487906172,0.7516304347826087
EMP/Yeast_H3K79me3,0.5503822577758691,0.8473359945488005,0.7744913532436839,0.7764678687008784,0.5681054091457303,0.8548721704465584,0.7834094445859152,0.7852519648636154,0.5797400374823585,0.8623403673121187,0.789516096348105,0.7910309754969949,0.5583011682798211,0.8513747109415659,0.777517898501646,0.7801664355062413,0.5683856738397857,0.8603130147386266,0.781634511097342,0.7847896440129449,0.5891081520312161,0.8687022282314184,0.7902703180915392,0.7941516412390199
EMP/Yeast_H3K9ac,0.4113174013076883,0.7734228891964741,0.7055210522526789,0.7100179964007198,0.4203052433553191,0.7829741676986961,0.7100856864995575,0.7142171565686862,0.437884942813697,0.7929018722226269,0.7189255573933565,0.722615476904619,0.4135675511507277,0.778747111532017,0.7062994420805239,0.7116976604679064,0.4268827056107711,0.79016752385809,0.7095792058477113,0.719136172765447,0.4370450382856275,0.8149607634588767,0.7048514777718131,0.7220155968806239
EMP/Yeast_H3K4me2,0.2752514149540211,0.6912015911261683,0.6243552029565278,0.6619228680065182,0.2803008623232478,0.696290579191843,0.6303548065339326,0.6632265073329712,0.2753648184434235,0.6926730292569564,0.6338781906364435,0.6579033134166214,0.274287611967525,0.7046947227381779,0.612261665457271,0.6627919608908202,0.2843786677686504,0.7182593995497096,0.6019158206566984,0.6662683324280283,0.2921481660429801,0.7407732820044142,0.5763366144668158,0.6647474198804997
EMP/Yeast_H3K4me1,0.3082974861438818,0.7057680665335615,0.6494695894271281,0.6599326599326599,0.3213871368876093,0.7136998221295168,0.6577584333342424,0.6660353535353535,0.3164915264536658,0.7141073526943091,0.6562516440046299,0.6634048821548821,0.3208043627456657,0.7127019347879663,0.6531402450964328,0.6659301346801347,0.334646251252129,0.7290584740284092,0.6543561539904432,0.6717171717171717,0.3567743135933772,0.7525872029687941,0.6597706645191788,0.6806607744107744
deep4mc/G.pickeringii_4mC,0.0811699927889737,0.6598995158183922,0.4762001260620281,0.8336405082937239,0.0782547019705948,0.6688257291756581,0.4775290499452771,0.8330584925792996,0.1054834202350932,0.6562866166490666,0.5056605418601102,0.8292753904355418,0.0395620311099279,0.6351674445019148,0.4597231457598519,0.8334465030555825,-0.0044045598464682,0.6400415113469181,0.4545214032488491,0.833252497817441,0.0,0.6417910478098678,0.4545502645502645,0.8333495004365118
EMP/Yeast_H3K14ac,0.336766068587458,0.7352173066616432,0.6660177997895662,0.6785678265254664,0.3646565058751677,0.7488187890683038,0.6809466227384431,0.6912758446797781,0.3720140989681477,0.7602939840118439,0.6855154535477546,0.6937972768532527,0.359823505046262,0.7515837089815975,0.6700452611470499,0.6907715582450832,0.3640372093753097,0.7683995792031924,0.6611570214706093,0.6913767019667171,0.4056994545295398,0.8054653837581983,0.6626245224229547,0.7041855774079677
mouse/mouse_TFBS_5,0.3943631906126507,0.766716767170491,0.6971578104739793,0.6971681415929204,0.4237220173874432,0.7895207455556427,0.7118566379168622,0.711858407079646,0.4230174365441645,0.792948046049025,0.7115014966398281,0.7115044247787611,0.3908817171376478,0.7651250371994675,0.6953650110612735,0.6953982300884956,0.41751257679818,0.7804453911817684,0.7086141477185496,0.7086725663716814,0.4041022929313852,0.7722223510063435,0.7015623583967034,0.7017699115044248
EMP/Yeast_H4ac,0.3242059455029498,0.7244225150029405,0.6612617239246348,0.6657542281747971,0.3444768410821061,0.7369840944090467,0.6716921767264336,0.6755303548733992,0.3661574107688836,0.7481044573559751,0.6827806699776777,0.6859908104409033,0.3448890768786937,0.737474759763271,0.6672519488242821,0.6764102062762734,0.3631704889897478,0.7525409524548234,0.6718177207870646,0.684426630169127,0.4119995473954909,0.7902328084564498,0.6871563804879739,0.7045654511682471
EMP/Yeast_H3K36me3,0.40210518239966,0.76464552577777,0.7004043460365589,0.7042522694696608,0.4248465884726811,0.777800911796643,0.711978663946768,0.7153368370759675,0.4295047645566767,0.7848066209341318,0.7144309215528277,0.7175346392737697,0.4114493697956525,0.7726535374305483,0.7042254143607012,0.7091256569517439,0.4292370697707858,0.7872655574989603,0.710142325453196,0.7176301958910655,0.4539448010064243,0.8057580241944322,0.7184193751738723,0.728428093645485
iDNA_ABF/6mA,0.44519190100604,0.801125250285012,0.7225958549878577,0.7225958916560625,0.4686550821655591,0.8174324438243137,0.7343173428685766,0.7343210325395383,0.4911473739893234,0.8297651488792457,0.7454630593242209,0.7455008180330849,0.4619985872792071,0.8099453484701316,0.7309339649881816,0.7309580076349754,0.4635662440095532,0.8137703045580018,0.7317719434192163,0.7317760407198691,0.4318381645471497,0.7987958329600531,0.7152343133545367,0.7155062715869842
EMP/Yeast_H3K4me3,0.2181349121392106,0.6530635928798999,0.6067190564502141,0.6130434782608696,0.2459274940451508,0.6702675691780499,0.6212946751068285,0.6264492753623189,0.2798221546964759,0.6916142505759462,0.6392553446682813,0.6426630434782609,0.2543913158575991,0.6804933500667548,0.6164145934378173,0.6307065217391304,0.3011280249927924,0.7115331835490606,0.630580558167501,0.6507246376811594,0.3694256205240933,0.7680959235471997,0.6553946405751785,0.6788949275362319
genomic_benchmark/promoter_notata_251bps,0.6455952112664674,0.8911834273200366,0.8205558943995004,0.8207881337170688,0.6734772859628984,0.9087990373864804,0.8350843218379493,0.8353996015054239,0.7262055242950017,0.9291194788214404,0.8616568391231001,0.8619659065751605,0.7652667854201123,0.9698041752274708,0.8745780028486435,0.8745849014832854,0.7763513678987835,0.9780572722443224,0.8808936925873472,0.8808943989373478,0.7771579923739886,0.9733986140202824,0.8796592577750777,0.8796767766216516
splice/acceptors,0.224392538697107,0.6587562566632335,0.6120100483614459,0.612263300270514,0.3094950859039973,0.7147679839540305,0.6546643146066654,0.6547941088067328,0.3765492859807816,0.755635424007517,0.6882671175971777,0.6883077847911031,0.4549990265817764,0.8020162266673895,0.7262700920448641,0.7269311692215209,0.4945856824966308,0.8151291086174808,0.7449917492168288,0.7460174331229336,0.5041987441006894,0.8207919083500478,0.7476804608266943,0.7494740006011422
splice/donors,0.2401432516792728,0.6730303030303031,0.6199082036843052,0.6199939320388349,0.3317871465424301,0.7235340955116167,0.6657433404448903,0.6658070388349514,0.396041260491236,0.7614772267020142,0.6979396437255778,0.6979672330097088,0.4626585632826465,0.8094604919179647,0.7308926527343165,0.7310376213592233,0.4913265854494046,0.8195251113811259,0.7442257672493158,0.7446905339805825,0.4986024965012023,0.8246992709599028,0.7472037107387033,0.747876213592233
tf/Human_TFBS_3,0.5029367912110329,0.8260274138217648,0.7514677142164564,0.7514680209490557,0.5321611643306089,0.8446049377118878,0.766063215524598,0.76606887795588,0.5410365868165209,0.8562216076528992,0.7705105303882098,0.7705126170449135,0.5219931429061955,0.8352786971130355,0.7602962509851827,0.7605142040945881,0.5465759710734577,0.8474855551021848,0.7725075763305852,0.7727344865894302,0.5215846025225255,0.8402311183650442,0.7603890593347868,0.7605142040945881
tf/Human_TFBS_5,0.5653027191565914,0.8627566960350203,0.7825433856725006,0.7825741945722902,0.6267288762130132,0.8897954290147245,0.8133623894527495,0.8133629582605936,0.6673775421511241,0.9102602852206152,0.833674575794414,0.8336771940961752,0.7149269707417243,0.9390244467616732,0.8569168572211092,0.857006824313601,0.7240213681331429,0.9418247671437134,0.8613448291724772,0.8614505634026345,0.6983687524346777,0.9278976187957464,0.8488552760427774,0.8489128709728615
tf/Human_TFBS_4,0.3697047855292895,0.7480386689264449,0.6848160753792197,0.6848333143702355,0.4054084624129088,0.7739869705457283,0.7026903943626274,0.7026965525088178,0.4193097356744567,0.7885438981587779,0.7096239609419825,0.7096370463078848,0.384027377800213,0.7670915401755315,0.6919921785212737,0.6920013653430425,0.4141939641887317,0.7863064381411615,0.7069673184756431,0.707020138809876,0.415282882284746,0.785314134539653,0.7065861934816211,0.707020138809876
splice/splice_site_type_NT,0.1495519182008975,0.621326604164341,0.4267217005069872,0.4321742028663481,0.156004412982859,0.6274524216621825,0.4344257520289429,0.4370625486057105,0.151730652037229,0.6202003081804607,0.4324459697480748,0.4343961782024219,0.1951821237912255,0.6653167755051427,0.4571226209907524,0.4623930674369514,0.1877916160099204,0.6626270306165234,0.4532715783578097,0.4577269192311965,0.1758079370157647,0.6532209952123386,0.4451524037757366,0.4498389067881346
tf/Human_TFBS_2,0.5132289581449583,0.8357962665885534,0.7565640740536729,0.7565802897367884,0.5235762400489896,0.8433728072934494,0.7616326629870346,0.7616812895327484,0.5295378378218375,0.846413881613757,0.7645825116537737,0.7646398694144052,0.5362423994315795,0.8481499076532732,0.7678107217280812,0.7679045092838196,0.5371231916696456,0.8475810436564399,0.7682051806220884,0.7683125892674965,0.5197857552531759,0.8372116821450768,0.7590764490136994,0.7593348296266068
tf/Human_TFBS_1,0.5455480377622569,0.8521284864485332,0.7727202851899762,0.7727360868722125,0.5598458530658486,0.8603224656208097,0.7799060339497451,0.7799108008532092,0.5637284846393467,0.8616657057590796,0.7818443675189112,0.7818499127399651,0.5780200604508878,0.8688636950989653,0.7885003277962161,0.7886368043436106,0.575912993097197,0.8653608851916037,0.7874278388032161,0.7875702928058949,0.5466096805877289,0.8518473772675097,0.7727742829509343,0.7729299980608881
prom/promoter_notata_300bps,0.8260543656743885,0.972329691800712,0.9129999143659244,0.913002512562814,0.8456203716538024,0.9783471534809728,0.922800715278104,0.9228015075376884,0.866466646985296,0.9827263358248528,0.9332282825462062,0.9332286432160803,0.8693264066612152,0.9825369545592284,0.9336601057768908,0.9337311557788944,0.8607180783058878,0.9810284620337872,0.9285691105931992,0.9287060301507538,0.8076398452963148,0.9661805730915888,0.9023547563042214,0.9025125628140704
prom/promoter_notata_70bps,0.5890822631088348,0.8745550301760057,0.7944483684145096,0.7944723618090452,0.5962931972227249,0.8799925664755941,0.7979368808179352,0.7979899497487437,0.5930596116148567,0.8807161593141588,0.7963817667996738,0.7964195979899498,0.6340406381331877,0.8977979091437084,0.8164563810127745,0.8165829145728644,0.5746262018632758,0.8728900627509406,0.7868804958227986,0.7869974874371859,0.4832842166060622,0.8228280378020757,0.7409725147568151,0.7412060301507538
prom/promoter_all_300bps,0.7441455170413608,0.9363232876135512,0.8720634564298275,0.8720648685173715,0.7612479005463795,0.943978053540645,0.8806239055972719,0.8806239090038853,0.7737489315178325,0.950163630095914,0.8868742379816792,0.8868742609381158,0.7807967806944033,0.9519581264731336,0.8902964493558814,0.8903091390280984,0.7623706536152697,0.9485440834178022,0.8807311136026075,0.8807928374345403,0.7163452041434084,0.9328548977798612,0.8574776293086153,0.8575933329579368
prom/promoter_all_70bps,0.5478184940114248,0.8557398632160712,0.773841617964494,0.7738611408300017,0.5600791567110867,0.8611920436316483,0.7799831773622252,0.7799988738104623,0.5593817450310529,0.862014056093485,0.7795711862706136,0.7796047074722676,0.585993788525352,0.8749130134470544,0.7921698409698914,0.7923869587251534,0.5408394050270497,0.85330241337745,0.7697859261680637,0.7699757869249395,0.4636248804637419,0.8067774618012538,0.7308983563253266,0.7312348668280871
mouse/mouse_TFBS_2,0.6259269333828097,0.8909247763992448,0.8128547025114863,0.8128799485988237,0.6936303272123825,0.924643728479596,0.8467177366229643,0.8467355310631147,0.7221836083818266,0.9390383403854616,0.8610639845947352,0.8610685513764642,0.6543759014095119,0.90856473135411,0.8262183131845111,0.8264221815845401,0.6992926585360887,0.9301448165205726,0.8491716312654144,0.8492561656699451,0.6975779326238865,0.930931695446393,0.8486355183789993,0.8486630751742203
splice/splice_site_type_DNABERT,0.0563652399944546,0.6352684643027292,0.2953271020016795,0.5539563089062615,0.1234281016964223,0.6622262887489495,0.3542467674726965,0.5592898370716739,0.1971046892107751,0.6787765157706174,0.4227611382214091,0.5728063125593629,0.2293942039467124,0.7612388629077927,0.3657474955492651,0.6004237597720464,0.2245875256144191,0.7723601908335372,0.3570487537968354,0.5979396507634982,0.2196952979189503,0.7782115319790757,0.342437970128386,0.594651859428655
deep4mc/G.subterraneus_4mC,0.0072447134811929,0.6442853813687996,0.4553564389071113,0.8331314466101384,0.0375493192690891,0.6627626838503169,0.4628670014731511,0.8325808464559703,0.0721132659697969,0.6626419571168087,0.4830216665195623,0.8305986859009654,0.0076646355823067,0.6079518882113233,0.4547692623135534,0.8333516866718056,0.0,0.6426161779547077,0.4545509149881872,0.8333516866718056,0.0,0.6462186584435172,0.4545509149881872,0.8333516866718056
genomic_benchmark/human_vs_worm,0.881025139063447,0.9849520192,0.940477799678534,0.94048,0.90548747486628,0.9904228096,0.9527187605506766,0.95272,0.9178815949305132,0.9924514304,0.9589190692047024,0.95892,0.8937702962931202,0.9883996992,0.9468796940270376,0.94688,0.8787417761940266,0.9852153344,0.9393592486368344,0.93936,0.8306933894984189,0.9745554624000002,0.9152731979967724,0.91528
genomic_benchmark/coding,0.7204810195204836,0.93538688,0.8600010491558987,0.86004,0.7570772652085566,0.9486697216,0.8784705887623938,0.87848,0.7724974425711771,0.954387936,0.8862387156806046,0.88624,0.730791602787373,0.94184416,0.8651164917597685,0.86516,0.71275186739442,0.9362569984,0.8559240486909865,0.856,0.6576154800729292,0.9186162624,0.8287475687175122,0.82876
deep4mc/C.elegans_4mC,0.1804506981280204,0.6267440220252919,0.5902233491360909,0.5902247376229464,0.2179373544244507,0.65091683287586,0.6089501055826501,0.6089620308808176,0.2461654635307546,0.6696871269826563,0.6229460529855919,0.6230287378427386,0.1721093787770185,0.622331775311827,0.5860342400328744,0.586048683993626,0.2054176793525713,0.6432167867643444,0.602676889361897,0.6026979504368372,0.2164873327807309,0.6481058353589579,0.6050844140587452,0.6071212703994725
deep4mc/D.melanogaster_4mC,0.1947123874956951,0.638526400784303,0.5972596406278028,0.5973247232472325,0.2207265397869923,0.6557207145872196,0.6102770822415206,0.6103321033210332,0.2416681602253477,0.6649613594586129,0.6206820546248719,0.6207749077490775,0.1959734724924677,0.6353039787039936,0.5976555802796436,0.5978782287822878,0.2023298753823512,0.6441766520063724,0.6010476371330086,0.6011254612546125,0.1973283711797405,0.6411468233003363,0.5947039295813945,0.5973616236162361
genomic_benchmark/enhancer_ensembl,0.4700071187996967,0.8024426525862884,0.7350005178770453,0.7350016144656119,0.5415645038867914,0.8432093011568998,0.7707764457336982,0.7707781724249273,0.5919349901651607,0.8677305784791368,0.7959625746979462,0.7959638359702939,0.7034551013898789,0.937817711662593,0.8497690006239191,0.8501130125928318,0.6991493335607526,0.9352847490916087,0.8477537409240585,0.8480787859218598,0.6567986443533922,0.9095402208372096,0.8267462342340193,0.8270907329673878
genomic_benchmark/open_chromatin_region,0.3098535544789706,0.7099258376697473,0.6549267338150935,0.6549267566948959,0.3726281355741602,0.7493399049808938,0.6863114700260391,0.6863126573586633,0.4205769672948821,0.7807641671190849,0.7102883348036166,0.7102883955138476,0.3570255797559795,0.7438954013170782,0.6763135164196431,0.6773575188830396,0.3624866484994151,0.7498577619656499,0.6783971076734703,0.679732204165713,0.3717074541696192,0.757137804553304,0.6830517995950094,0.6843385214007782
virus/covid_variants,0.2111574063532635,0.6807141596947248,0.2975934825008128,0.3018435693247518,0.4918690442173938,0.859039977966837,0.5535709376655764,0.5498709137849532,0.6535189204342554,0.942224900319286,0.695221286422411,0.6929929820733791,0.609934311428809,0.9162045736396348,0.6564237905043926,0.6537216828478964,0.6653490053593586,0.9410823527220328,0.7066399811206239,0.7032107923348242,0.6724719595681586,0.9453375989798288,0.7140939618433433,0.7090651249045489
deep4mc/A.thaliana_4mC,0.182771597880226,0.626121503933486,0.5909174141263688,0.5912414193606028,0.1948311345386399,0.6346123988475469,0.5969744346175041,0.5972720639695043,0.199723629955893,0.6377179778811799,0.599551468708726,0.5997587742156439,0.1849552295189628,0.6254605153325135,0.5917145960865126,0.5922390815551618,0.1871042351673425,0.6292205331689663,0.5932119948472683,0.5934452104769421,0.1765766280778654,0.6264371656240462,0.5775773290687951,0.5850916509075748
genomic_benchmark/regulatory_region_type,0.4153561029095061,0.7965177990657293,0.6045805419260428,0.6118725417150382,0.4403243818600382,0.8102378077407698,0.6241379082512225,0.6286971739469444,0.4602873732932787,0.8218962306052027,0.6405876150360353,0.6421256909188571,0.8327279402702871,0.970698605423036,0.8868488987069049,0.8880494862509314,0.8324377583441628,0.9716887762597692,0.8866654359210634,0.8875296726907282,0.7962539857626076,0.9607703892740947,0.8635753734869512,0.8629251641744494
