dataset,model,pooling,probe,feature_dim,n_train,n_test,n_classes,seed,cv_folds,tuning_candidates,selection_metric,cv_score,best_params,MCC,AUROC,F1,Accuracy,task_group
EMP/Yeast_H3,InstaDeepAI/NTv3_650M_pre,mean,linear,1536,10475,4490,2,42,4,4,roc_auc,0.949234365863486,"{'clf__C': 0.01, 'clf__penalty': 'l2'}",0.78964775380875,0.9553442525312686,0.8947662381204347,0.8948775055679288,other
EMP/Yeast_H3,LongSafari/hyenadna-medium-160k-seqlen-hf,mean,linear,1536,10475,4490,2,42,4,4,roc_auc,0.9494716144153432,"{'clf__C': 0.01, 'clf__penalty': 'l2'}",0.7914191999471344,0.955437363510026,0.8956640179988655,0.8957683741648107,other
EMP/Yeast_H3,kuleshov-group/caduceus-ph_seqlen-131k_d_model-256_n_layer-16,mean,linear,1536,10475,4490,2,42,4,4,roc_auc,0.9494716144153432,"{'clf__C': 0.01, 'clf__penalty': 'l2'}",0.7914191999471344,0.955437363510026,0.8956640179988655,0.8957683741648107,other
EMP/Yeast_H3,zhihan1996/DNABERT-2-117M,attention,linear,768,10475,4490,2,42,4,4,roc_auc,0.8994356545232107,"{'clf__C': 0.01, 'clf__penalty': 'l2'}",0.651446998863907,0.9027176891006552,0.8257228433426462,0.8258351893095769,other
EMP/Yeast_H3K14ac,InstaDeepAI/NTv3_650M_pre,mean,linear,1536,23133,9915,2,42,4,4,roc_auc,0.844434597132886,"{'clf__C': 0.01, 'clf__penalty': 'l2'}",0.5446898229461915,0.8514172790020801,0.7723398480371382,0.7763993948562784,other
EMP/Yeast_H3K14ac,LongSafari/hyenadna-medium-160k-seqlen-hf,mean,linear,1536,23133,9915,2,42,4,4,roc_auc,0.8444291160522124,"{'clf__C': 0.01, 'clf__penalty': 'l2'}",0.5444182103585106,0.8514691406830387,0.7722058644026251,0.7762985375693394,other
EMP/Yeast_H3K14ac,kuleshov-group/caduceus-ph_seqlen-131k_d_model-256_n_layer-16,mean,linear,1536,23133,9915,2,42,4,4,roc_auc,0.8444291160522124,"{'clf__C': 0.01, 'clf__penalty': 'l2'}",0.5444182103585106,0.8514691406830387,0.7722058644026251,0.7762985375693394,other
EMP/Yeast_H3K14ac,zhihan1996/DNABERT-2-117M,cls,linear,768,23133,9915,2,42,4,4,roc_auc,0.7529108601158883,"{'clf__C': 0.01, 'clf__penalty': 'l2'}",0.3663183593831559,0.7529205049561691,0.6824432266486986,0.6913767019667171,other
EMP/Yeast_H3K36me3,InstaDeepAI/NTv3_650M_pre,mean,linear,1536,24415,10465,2,42,4,4,roc_auc,0.8680200053081,"{'clf__C': 0.01, 'clf__penalty': 'l2'}",0.594718959356351,0.8711199027738608,0.796711888381104,0.799235547061634,other
EMP/Yeast_H3K36me3,LongSafari/hyenadna-medium-160k-seqlen-hf,mean,linear,1536,24415,10465,2,42,4,4,roc_auc,0.8680190581252327,"{'clf__C': 0.01, 'clf__penalty': 'l2'}",0.5945253535883416,0.8711357545419545,0.7966107433732477,0.7991399904443383,other
EMP/Yeast_H3K36me3,kuleshov-group/caduceus-ph_seqlen-131k_d_model-256_n_layer-16,mean,linear,1536,24415,10465,2,42,4,4,roc_auc,0.8680190581252327,"{'clf__C': 0.01, 'clf__penalty': 'l2'}",0.5945253535883416,0.8711357545419545,0.7966107433732477,0.7991399904443383,other
EMP/Yeast_H3K36me3,zhihan1996/DNABERT-2-117M,cls,linear,768,24415,10465,2,42,4,4,roc_auc,0.7890102843292768,"{'clf__C': 0.01, 'clf__penalty': 'l2'}",0.4605723968634566,0.7958066813988806,0.7302511670765832,0.7324414715719063,other
EMP/Yeast_H3K4me1,InstaDeepAI/NTv3_650M_pre,mean_max,linear,3072,22173,9504,2,42,4,4,roc_auc,0.8052730458369487,"{'clf__C': 0.01, 'clf__penalty': 'l2'}",0.507114608463898,0.817475998199865,0.75313713172721,0.7563131313131313,other
EMP/Yeast_H3K4me1,LongSafari/hyenadna-medium-160k-seqlen-hf,mean,linear,1536,22173,9504,2,42,4,4,roc_auc,0.8090017591304041,"{'clf__C': 0.01, 'clf__penalty': 'l2'}",0.5034590582054221,0.8195269109468925,0.7510221835580687,0.7546296296296297,other
EMP/Yeast_H3K4me1,kuleshov-group/caduceus-ph_seqlen-131k_d_model-256_n_layer-16,mean,linear,1536,22173,9504,2,42,4,4,roc_auc,0.8090017591304041,"{'clf__C': 0.01, 'clf__penalty': 'l2'}",0.5034590582054221,0.8195269109468925,0.7510221835580687,0.7546296296296297,other
EMP/Yeast_H3K4me1,zhihan1996/DNABERT-2-117M,cls,linear,768,22173,9504,2,42,4,4,roc_auc,0.720078164392115,"{'clf__C': 0.01, 'clf__penalty': 'l2'}",0.3523258314599754,0.7285186121101941,0.6750416911748773,0.6805555555555556,other
EMP/Yeast_H3K4me2,InstaDeepAI/NTv3_650M_pre,mean,linear,1536,21478,9205,2,42,4,4,roc_auc,0.7341632845000137,"{'clf__C': 0.01, 'clf__penalty': 'l2'}",0.345696890971426,0.7421045110786643,0.6697427653606227,0.6899511135252581,other
EMP/Yeast_H3K4me2,LongSafari/hyenadna-medium-160k-seqlen-hf,mean,linear,1536,21478,9205,2,42,4,4,roc_auc,0.7341764545505366,"{'clf__C': 0.01, 'clf__penalty': 'l2'}",0.3465290322309161,0.7421004088283162,0.6700921640580797,0.690385659967409,other
EMP/Yeast_H3K4me2,kuleshov-group/caduceus-ph_seqlen-131k_d_model-256_n_layer-16,mean,linear,1536,21478,9205,2,42,4,4,roc_auc,0.7341764545505366,"{'clf__C': 0.01, 'clf__penalty': 'l2'}",0.3465290322309161,0.7421004088283162,0.6700921640580797,0.690385659967409,other
EMP/Yeast_H3K4me2,zhihan1996/DNABERT-2-117M,mean,linear,768,21478,9205,2,42,4,4,roc_auc,0.6733852210919693,"{'clf__C': 0.01, 'clf__penalty': 'l2'}",0.259508913004054,0.6745439640611615,0.6226705348418451,0.6527973927213471,other
EMP/Yeast_H3K4me3,InstaDeepAI/NTv3_650M_pre,mean_max,linear,3072,25759,11040,2,42,4,4,roc_auc,0.7643566525602974,"{'clf__C': 0.01, 'clf__penalty': 'l2'}",0.4090055561564422,0.7762295872729928,0.7044071803108475,0.7061594202898551,other
EMP/Yeast_H3K4me3,LongSafari/hyenadna-medium-160k-seqlen-hf,mean,linear,1536,25759,11040,2,42,4,4,roc_auc,0.7708958007957402,"{'clf__C': 0.01, 'clf__penalty': 'l2'}",0.4012732329930435,0.7774044358948439,0.7004504814615246,0.7024456521739131,other
EMP/Yeast_H3K4me3,kuleshov-group/caduceus-ph_seqlen-131k_d_model-256_n_layer-16,mean,linear,1536,25759,11040,2,42,4,4,roc_auc,0.7708958007957402,"{'clf__C': 0.01, 'clf__penalty': 'l2'}",0.4012732329930435,0.7774044358948439,0.7004504814615246,0.7024456521739131,other
EMP/Yeast_H3K4me3,zhihan1996/DNABERT-2-117M,cls,linear,768,25759,11040,2,42,4,4,roc_auc,0.6627649738797399,"{'clf__C': 0.01, 'clf__penalty': 'l2'}",0.2333875082872816,0.6628665337357889,0.6154277415529464,0.6201086956521739,other
EMP/Yeast_H3K79me3,InstaDeepAI/NTv3_650M_pre,mean,linear,1536,20185,8652,2,42,4,4,roc_auc,0.8948313595699421,"{'clf__C': 0.01, 'clf__penalty': 'l2'}",0.6571548256452987,0.8987679538150348,0.8285287528005975,0.8294036061026352,other
EMP/Yeast_H3K79me3,LongSafari/hyenadna-medium-160k-seqlen-hf,mean,linear,1536,20185,8652,2,42,4,4,roc_auc,0.8948174394688314,"{'clf__C': 0.01, 'clf__penalty': 'l2'}",0.6562146434302754,0.8987685976574866,0.828052609486047,0.8289412852519649,other
EMP/Yeast_H3K79me3,kuleshov-group/caduceus-ph_seqlen-131k_d_model-256_n_layer-16,mean,linear,1536,20185,8652,2,42,4,4,roc_auc,0.8948174394688314,"{'clf__C': 0.01, 'clf__penalty': 'l2'}",0.6562146434302754,0.8987685976574866,0.828052609486047,0.8289412852519649,other
EMP/Yeast_H3K79me3,zhihan1996/DNABERT-2-117M,attention,linear,768,20185,8652,2,42,4,4,roc_auc,0.8396977752767787,"{'clf__C': 0.01, 'clf__penalty': 'l2'}",0.5483812474633079,0.842058257011176,0.7739943878915523,0.77542764678687,other
EMP/Yeast_H3K9ac,InstaDeepAI/NTv3_650M_pre,mean,linear,1536,19447,8335,2,42,4,4,roc_auc,0.8412823934714658,"{'clf__C': 0.01, 'clf__penalty': 'l2'}",0.5400030386926877,0.8469622204414657,0.7699135293237178,0.7732453509298141,other
EMP/Yeast_H3K9ac,LongSafari/hyenadna-medium-160k-seqlen-hf,mean,linear,1536,19447,8335,2,42,4,4,roc_auc,0.8412756293759415,"{'clf__C': 0.01, 'clf__penalty': 'l2'}",0.5407620555269818,0.8469509142565748,0.770298905870227,0.7736052789442112,other
EMP/Yeast_H3K9ac,kuleshov-group/caduceus-ph_seqlen-131k_d_model-256_n_layer-16,mean,linear,1536,19447,8335,2,42,4,4,roc_auc,0.8412756293759415,"{'clf__C': 0.01, 'clf__penalty': 'l2'}",0.5407620555269818,0.8469509142565748,0.770298905870227,0.7736052789442112,other
EMP/Yeast_H3K9ac,zhihan1996/DNABERT-2-117M,attention,linear,768,19447,8335,2,42,4,4,roc_auc,0.7732224710419333,"{'clf__C': 0.01, 'clf__penalty': 'l2'}",0.4096492189553353,0.7705117797042325,0.704764673877748,0.7089382123575285,other
EMP/Yeast_H4,InstaDeepAI/NTv3_650M_pre,mean,linear,1536,10220,4381,2,42,4,4,roc_auc,0.958656807003042,"{'clf__C': 0.01, 'clf__penalty': 'l2'}",0.8260510781472872,0.9614976418081328,0.9129788394632016,0.913946587537092,other
EMP/Yeast_H4,LongSafari/hyenadna-medium-160k-seqlen-hf,mean,linear,1536,10220,4381,2,42,4,4,roc_auc,0.9586537041381048,"{'clf__C': 0.01, 'clf__penalty': 'l2'}",0.8260510781472872,0.9614944755999332,0.9129788394632016,0.913946587537092,other
EMP/Yeast_H4,kuleshov-group/caduceus-ph_seqlen-131k_d_model-256_n_layer-16,mean,linear,1536,10220,4381,2,42,4,4,roc_auc,0.9586537041381048,"{'clf__C': 0.01, 'clf__penalty': 'l2'}",0.8260510781472872,0.9614944755999332,0.9129788394632016,0.913946587537092,other
EMP/Yeast_H4,zhihan1996/DNABERT-2-117M,cls,linear,768,10220,4381,2,42,4,4,roc_auc,0.9209233319308384,"{'clf__C': 0.01, 'clf__penalty': 'l2'}",0.7434243397591336,0.9301312836567932,0.8717117514685359,0.8733165943848437,other
EMP/Yeast_H4ac,InstaDeepAI/NTv3_650M_pre,mean_max,linear,3072,23866,10229,2,42,4,4,roc_auc,0.8109689821807149,"{'clf__C': 0.01, 'clf__penalty': 'l2'}",0.5038312555377779,0.8267828950664067,0.7518427896713598,0.7538371297292012,other
EMP/Yeast_H4ac,LongSafari/hyenadna-medium-160k-seqlen-hf,mean,linear,1536,23866,10229,2,42,4,4,roc_auc,0.8204713813190257,"{'clf__C': 0.01, 'clf__penalty': 'l2'}",0.4971289749040858,0.8288475139198832,0.7484919774588206,0.7505132466516766,other
EMP/Yeast_H4ac,kuleshov-group/caduceus-ph_seqlen-131k_d_model-256_n_layer-16,mean,linear,1536,23866,10229,2,42,4,4,roc_auc,0.8204713813190257,"{'clf__C': 0.01, 'clf__penalty': 'l2'}",0.4971289749040858,0.8288475139198832,0.7484919774588206,0.7505132466516766,other
EMP/Yeast_H4ac,zhihan1996/DNABERT-2-117M,cls,linear,768,23866,10229,2,42,4,4,roc_auc,0.7289421575664543,"{'clf__C': 0.01, 'clf__penalty': 'l2'}",0.3379477003337717,0.729835262175661,0.6681658065568221,0.6724997555968325,other
deep4mc/A.thaliana_4mC,InstaDeepAI/NTv3_650M_pre,mean_max,linear,3072,156697,67157,2,42,4,4,roc_auc,0.712841235145774,"{'clf__C': 0.01, 'clf__penalty': 'l2'}",0.3155741064329367,0.7151735591589503,0.6577869038672892,0.6577869767857408,other
deep4mc/A.thaliana_4mC,LongSafari/hyenadna-medium-160k-seqlen-hf,mean,linear,1536,156697,67157,2,42,4,4,roc_auc,0.7099827246678652,"{'clf__C': 10.0, 'clf__penalty': 'l2'}",0.3065804276963262,0.7102348721077011,0.6532898517186216,0.6532900516699673,other
deep4mc/A.thaliana_4mC,kuleshov-group/caduceus-ph_seqlen-131k_d_model-256_n_layer-16,mean,linear,1536,156697,67157,2,42,4,4,roc_auc,0.7099827246678652,"{'clf__C': 10.0, 'clf__penalty': 'l2'}",0.3065804276963262,0.7102348721077011,0.6532898517186216,0.6532900516699673,other
deep4mc/A.thaliana_4mC,zhihan1996/DNABERT-2-117M,cls,linear,768,156697,67157,2,42,4,4,roc_auc,0.6052166304880565,"{'clf__C': 0.01, 'clf__penalty': 'l2'}",0.1660714639298313,0.6133236409092115,0.5828818067868148,0.5829920931548461,other
deep4mc/C.elegans_4mC,InstaDeepAI/NTv3_650M_pre,mean_max,linear,3072,84926,36398,2,42,4,4,roc_auc,0.7446656413698,"{'clf__C': 0.01, 'clf__penalty': 'l2'}",0.3690879608863087,0.7469689497729827,0.6845423600367505,0.6845431067641079,other
deep4mc/C.elegans_4mC,LongSafari/hyenadna-medium-160k-seqlen-hf,mean,linear,1536,84926,36398,2,42,4,4,roc_auc,0.7406093079517277,"{'clf__C': 10.0, 'clf__penalty': 'l2'}",0.3552972640469508,0.7412953188271645,0.6776457547916053,0.6776471234683225,other
deep4mc/C.elegans_4mC,kuleshov-group/caduceus-ph_seqlen-131k_d_model-256_n_layer-16,mean,linear,1536,84926,36398,2,42,4,4,roc_auc,0.7406093079517277,"{'clf__C': 10.0, 'clf__penalty': 'l2'}",0.3552972640469508,0.7412953188271645,0.6776457547916053,0.6776471234683225,other
deep4mc/C.elegans_4mC,zhihan1996/DNABERT-2-117M,cls,linear,768,84926,36398,2,42,4,4,roc_auc,0.6076984731025472,"{'clf__C': 0.01, 'clf__penalty': 'l2'}",0.1443859548761089,0.6019808039466334,0.5721189387805231,0.5721742952909501,other
deep4mc/D.melanogaster_4mC,InstaDeepAI/NTv3_650M_pre,mean_max,linear,3072,126466,54200,2,42,4,4,roc_auc,0.7452583786577716,"{'clf__C': 0.01, 'clf__penalty': 'l2'}",0.3682309505854144,0.7479558952083986,0.68411346111073,0.6841143911439115,other
deep4mc/D.melanogaster_4mC,LongSafari/hyenadna-medium-160k-seqlen-hf,mean,linear,1536,126466,54200,2,42,4,4,roc_auc,0.7409505936716787,"{'clf__C': 0.01, 'clf__penalty': 'l2'}",0.3590429380452679,0.7412304679947169,0.6795192474581135,0.679520295202952,other
deep4mc/D.melanogaster_4mC,kuleshov-group/caduceus-ph_seqlen-131k_d_model-256_n_layer-16,mean,linear,1536,126466,54200,2,42,4,4,roc_auc,0.7409505936716787,"{'clf__C': 0.01, 'clf__penalty': 'l2'}",0.3590429380452679,0.7412304679947169,0.6795192474581135,0.679520295202952,other
deep4mc/D.melanogaster_4mC,zhihan1996/DNABERT-2-117M,cls,linear,768,126466,54200,2,42,4,4,roc_auc,0.6250579777160131,"{'clf__C': 0.01, 'clf__penalty': 'l2'}",0.1778325750067489,0.625240870903174,0.5889002312845084,0.5889114391143911,other
deep4mc/E.coli_4mC,InstaDeepAI/NTv3_650M_pre,mean_max,linear,3072,8681,3721,2,42,4,4,roc_auc,0.6904897135764266,"{'clf__C': 0.01, 'clf__penalty': 'l2'}",0.2100714636703819,0.7018069093216548,0.5964249417485405,0.8142972319269014,other
deep4mc/E.coli_4mC,LongSafari/hyenadna-medium-160k-seqlen-hf,mean,linear,1536,8681,3721,2,42,4,4,roc_auc,0.7191036949584427,"{'clf__C': 0.01, 'clf__penalty': 'l2'}",0.1829736737299332,0.7277127045385984,0.5679019997577778,0.8247782854071486,other
deep4mc/E.coli_4mC,kuleshov-group/caduceus-ph_seqlen-131k_d_model-256_n_layer-16,mean,linear,1536,8681,3721,2,42,4,4,roc_auc,0.7191036949584427,"{'clf__C': 0.01, 'clf__penalty': 'l2'}",0.1829736737299332,0.7277127045385984,0.5679019997577778,0.8247782854071486,other
deep4mc/E.coli_4mC,zhihan1996/DNABERT-2-117M,mean_max,linear,1536,8681,3721,2,42,4,4,roc_auc,0.5579494005060812,"{'clf__C': 0.01, 'clf__penalty': 'l2'}",0.0510672154285749,0.5909794967284226,0.4904869247128601,0.8210158559527009,other
deep4mc/G.pickeringii_4mC,InstaDeepAI/NTv3_650M_pre,mean,linear,1536,24053,10309,2,42,4,4,roc_auc,0.718404178461111,"{'clf__C': 0.01, 'clf__penalty': 'l2'}",0.1898655270913383,0.725539112933114,0.5569917247956518,0.8330584925792996,other
deep4mc/G.pickeringii_4mC,LongSafari/hyenadna-medium-160k-seqlen-hf,mean,linear,1536,24053,10309,2,42,4,4,roc_auc,0.7183962886519677,"{'clf__C': 0.01, 'clf__penalty': 'l2'}",0.1889701725156408,0.7255593712942952,0.5562702063963327,0.8330584925792996,other
deep4mc/G.pickeringii_4mC,kuleshov-group/caduceus-ph_seqlen-131k_d_model-256_n_layer-16,mean,linear,1536,24053,10309,2,42,4,4,roc_auc,0.7183962886519677,"{'clf__C': 0.01, 'clf__penalty': 'l2'}",0.1889701725156408,0.7255593712942952,0.5562702063963327,0.8330584925792996,other
deep4mc/G.pickeringii_4mC,zhihan1996/DNABERT-2-117M,cls,linear,768,24053,10309,2,42,4,4,roc_auc,0.6354116740608686,"{'clf__C': 0.01, 'clf__penalty': 'l2'}",0.0708130296536969,0.6130599488947268,0.4762321448991463,0.8324764768648754,other
deep4mc/G.subterraneus_4mC,InstaDeepAI/NTv3_650M_pre,mean_max,linear,3072,63567,27243,2,42,4,4,roc_auc,0.6923089506676834,"{'clf__C': 0.01, 'clf__penalty': 'l2'}",0.16725657296697,0.7059039238929204,0.547249923451535,0.8298645523620747,other
deep4mc/G.subterraneus_4mC,LongSafari/hyenadna-medium-160k-seqlen-hf,mean,linear,1536,63567,27243,2,42,4,4,roc_auc,0.7010763670112957,"{'clf__C': 0.01, 'clf__penalty': 'l2'}",0.141916188276122,0.7098795672368396,0.5208498084366332,0.8325808464559703,other
deep4mc/G.subterraneus_4mC,kuleshov-group/caduceus-ph_seqlen-131k_d_model-256_n_layer-16,mean,linear,1536,63567,27243,2,42,4,4,roc_auc,0.7010763670112957,"{'clf__C': 0.01, 'clf__penalty': 'l2'}",0.141916188276122,0.7098795672368396,0.5208498084366332,0.8325808464559703,other
deep4mc/G.subterraneus_4mC,zhihan1996/DNABERT-2-117M,cls,linear,768,63567,27243,2,42,4,4,roc_auc,0.6027265017817266,"{'clf__C': 0.01, 'clf__penalty': 'l2'}",0.0316206799499762,0.6169140545185958,0.4582366145001122,0.8333516866718056,other
enhancers/enhancer,InstaDeepAI/NTv3_650M_pre,mean_max,linear,3072,14968,400,2,42,4,4,roc_auc,0.967816465613012,"{'clf__C': 0.01, 'clf__penalty': 'l2'}",0.4800735832326195,0.8105500000000002,0.7361129436601135,0.7375,regulatory
enhancers/enhancer,LongSafari/hyenadna-medium-160k-seqlen-hf,max,linear,256,14968,400,2,42,4,4,roc_auc,0.9127561923659124,"{'clf__C': 0.01, 'clf__penalty': 'l2'}",0.43544110754525,0.7791249999999998,0.717356911936668,0.7175,regulatory
enhancers/enhancer,kuleshov-group/caduceus-ph_seqlen-131k_d_model-256_n_layer-16,mean_max,linear,512,14968,400,2,42,4,4,roc_auc,0.9468867273165114,"{'clf__C': 1.0, 'clf__penalty': 'l2'}",0.4518336469549572,0.7936249999999999,0.7244419950399559,0.725,regulatory
enhancers/enhancer,zhihan1996/DNABERT-2-117M,mean_max,linear,1536,14968,400,2,42,4,4,roc_auc,0.9277737277258652,"{'clf__C': 0.01, 'clf__penalty': 'l2'}",0.4705886038624533,0.8026499999999999,0.7348342714196372,0.735,regulatory
enhancers/enhancer_strength,InstaDeepAI/NTv3_650M_pre,mean_max,linear,3072,14968,400,3,42,4,4,accuracy,0.8313067878140031,"{'clf__C': 0.01, 'clf__penalty': 'l2'}",0.4293267257498345,0.7513277777777777,0.56199727066357,0.6275,regulatory
enhancers/enhancer_strength,LongSafari/hyenadna-medium-160k-seqlen-hf,mean,linear,1536,14968,400,3,42,4,4,accuracy,0.8499465526456441,"{'clf__C': 0.01, 'clf__penalty': 'l2'}",0.3466501408716289,0.713863888888889,0.5024691358024691,0.575,regulatory
enhancers/enhancer_strength,kuleshov-group/caduceus-ph_seqlen-131k_d_model-256_n_layer-16,mean_max,linear,512,14968,400,3,42,4,4,accuracy,0.8007749866381615,"{'clf__C': 1.0, 'clf__penalty': 'l2'}",0.3503413830867206,0.7363444444444444,0.5233746077735848,0.585,regulatory
enhancers/enhancer_strength,zhihan1996/DNABERT-2-117M,max,linear,768,14968,400,3,42,4,4,accuracy,0.7089791555318012,"{'clf__C': 0.01, 'clf__penalty': 'l2'}",0.3081310128395197,0.696525,0.4900604324849988,0.57,regulatory
genomic_benchmark/coding,InstaDeepAI/NTv3_650M_pre,mean,linear,1536,75000,25000,2,42,4,4,roc_auc,0.9843668878222224,"{'clf__C': 0.01, 'clf__penalty': 'l2'}",0.8810054463734001,0.9833344063999998,0.940307622188537,0.94032,other
genomic_benchmark/coding,LongSafari/hyenadna-medium-160k-seqlen-hf,mean,linear,1536,75000,25000,2,42,4,4,roc_auc,0.9843662990222222,"{'clf__C': 0.01, 'clf__penalty': 'l2'}",0.8809356405709077,0.9833341888,0.9402672673707126,0.94028,other
genomic_benchmark/coding,kuleshov-group/caduceus-ph_seqlen-131k_d_model-256_n_layer-16,mean,linear,1536,75000,25000,2,42,4,4,roc_auc,0.9843662990222222,"{'clf__C': 0.01, 'clf__penalty': 'l2'}",0.8809356405709077,0.9833341888,0.9402672673707126,0.94028,other
genomic_benchmark/coding,zhihan1996/DNABERT-2-117M,cls,linear,768,75000,25000,2,42,4,4,roc_auc,0.9551186574222222,"{'clf__C': 0.01, 'clf__penalty': 'l2'}",0.7713628534307451,0.9555505536,0.885679788553337,0.88568,other
genomic_benchmark/enhancer_cohn,InstaDeepAI/NTv3_650M_pre,mean,linear,1536,20843,6948,2,42,4,4,roc_auc,0.8323070624244038,"{'clf__C': 0.01, 'clf__penalty': 'l2'}",0.4932127027585412,0.8313645175328264,0.7465146360146907,0.7465457685664939,regulatory
genomic_benchmark/enhancer_cohn,LongSafari/hyenadna-medium-160k-seqlen-hf,mean,linear,1536,20843,6948,2,42,4,4,roc_auc,0.83229207327959,"{'clf__C': 0.01, 'clf__penalty': 'l2'}",0.4946491825452693,0.8313597945623862,0.7472351571594877,0.7472654001151411,regulatory
genomic_benchmark/enhancer_cohn,kuleshov-group/caduceus-ph_seqlen-131k_d_model-256_n_layer-16,attention,linear,256,20843,6948,2,42,4,4,roc_auc,0.8298192117398464,"{'clf__C': 0.1, 'clf__penalty': 'l2'}",0.496163510923897,0.833420169702128,0.7479359030127134,0.7479850316637882,regulatory
genomic_benchmark/enhancer_cohn,zhihan1996/DNABERT-2-117M,cls,linear,768,20843,6948,2,42,4,4,roc_auc,0.8196267105733582,"{'clf__C': 0.01, 'clf__penalty': 'l2'}",0.4651699101326357,0.8166858568412971,0.7325848943649572,0.7325849165227404,regulatory
genomic_benchmark/enhancer_ensembl,InstaDeepAI/NTv3_650M_pre,mean_max,linear,3072,123872,30970,2,42,4,4,roc_auc,0.8702958874690425,"{'clf__C': 0.1, 'clf__penalty': 'l2'}",0.5854139025226035,0.8727798282817468,0.792613626327433,0.7926380368098159,regulatory
genomic_benchmark/enhancer_ensembl,LongSafari/hyenadna-medium-160k-seqlen-hf,mean,linear,1536,123872,30970,2,42,4,4,roc_auc,0.8567755998458689,"{'clf__C': 1.0, 'clf__penalty': 'l2'}",0.5602388970996878,0.8565528026174257,0.7798361439510184,0.7799160477881821,regulatory
genomic_benchmark/enhancer_ensembl,kuleshov-group/caduceus-ph_seqlen-131k_d_model-256_n_layer-16,mean,linear,1536,123872,30970,2,42,4,4,roc_auc,0.8567755998458689,"{'clf__C': 1.0, 'clf__penalty': 'l2'}",0.5602388970996878,0.8565528026174257,0.7798361439510184,0.7799160477881821,regulatory
genomic_benchmark/enhancer_ensembl,zhihan1996/DNABERT-2-117M,cls,linear,768,123872,30970,2,42,4,4,roc_auc,0.827993675949594,"{'clf__C': 0.01, 'clf__penalty': 'l2'}",0.498084328141978,0.8259788233407626,0.7486129495123512,0.7487568614788505,regulatory
genomic_benchmark/human_vs_worm,InstaDeepAI/NTv3_650M_pre,mean,linear,1536,75000,25000,2,42,4,4,roc_auc,0.9940849408,"{'clf__C': 0.1, 'clf__penalty': 'l2'}",0.9288849966716132,0.9947001856,0.9644399043575668,0.96444,other
genomic_benchmark/human_vs_worm,LongSafari/hyenadna-medium-160k-seqlen-hf,mean,linear,1536,75000,25000,2,42,4,4,roc_auc,0.9940830520888888,"{'clf__C': 0.1, 'clf__penalty': 'l2'}",0.9291257561377148,0.994698016,0.964559890220716,0.96456,other
genomic_benchmark/human_vs_worm,kuleshov-group/caduceus-ph_seqlen-131k_d_model-256_n_layer-16,mean_max,linear,512,75000,25000,2,42,4,4,roc_auc,0.9947433301333334,"{'clf__C': 1.0, 'clf__penalty': 'l2'}",0.9334457829012276,0.9953010432,0.9667198969115528,0.96672,other
genomic_benchmark/human_vs_worm,zhihan1996/DNABERT-2-117M,cls,linear,768,75000,25000,2,42,4,4,roc_auc,0.9818579512888888,"{'clf__C': 0.1, 'clf__penalty': 'l2'}",0.8717651580753469,0.9831989056,0.9358798103068308,0.93588,other
genomic_benchmark/open_chromatin_region,InstaDeepAI/NTv3_650M_pre,mean,linear,1536,139804,34952,2,42,4,4,roc_auc,0.7660555182811923,"{'clf__C': 0.1, 'clf__penalty': 'l2'}",0.4021666018830623,0.7692507937249691,0.7005212628574358,0.7007610437170977,regulatory
genomic_benchmark/open_chromatin_region,LongSafari/hyenadna-medium-160k-seqlen-hf,mean,linear,1536,139804,34952,2,42,4,4,roc_auc,0.7660667775401605,"{'clf__C': 0.1, 'clf__penalty': 'l2'}",0.4018761252433399,0.7692693588973816,0.7003795492303478,0.7006179903868162,regulatory
genomic_benchmark/open_chromatin_region,kuleshov-group/caduceus-ph_seqlen-131k_d_model-256_n_layer-16,mean,linear,1536,139804,34952,2,42,4,4,roc_auc,0.7660667775401605,"{'clf__C': 0.1, 'clf__penalty': 'l2'}",0.4018761252433399,0.7692693588973816,0.7003795492303478,0.7006179903868162,regulatory
genomic_benchmark/open_chromatin_region,zhihan1996/DNABERT-2-117M,cls,linear,768,139804,34952,2,42,4,4,roc_auc,0.7140478935182228,"{'clf__C': 0.01, 'clf__penalty': 'l2'}",0.3148482866205687,0.7148291878405678,0.6572874031030499,0.6573586633096818,regulatory
genomic_benchmark/promoter_notata_251bps,InstaDeepAI/NTv3_650M_pre,mean_max,linear,3072,27097,9034,2,42,4,4,roc_auc,0.9386211137492148,"{'clf__C': 0.01, 'clf__penalty': 'l2'}",0.746941120224846,0.938756925514766,0.8724431323948181,0.8728138144786363,promoter
genomic_benchmark/promoter_notata_251bps,LongSafari/hyenadna-medium-160k-seqlen-hf,mean,linear,1536,27097,9034,2,42,4,4,roc_auc,0.935663265547624,"{'clf__C': 0.01, 'clf__penalty': 'l2'}",0.7441915128415922,0.938416691426007,0.8701595933453137,0.8703785698472437,promoter
genomic_benchmark/promoter_notata_251bps,kuleshov-group/caduceus-ph_seqlen-131k_d_model-256_n_layer-16,mean,linear,1536,27097,9034,2,42,4,4,roc_auc,0.935663265547624,"{'clf__C': 0.01, 'clf__penalty': 'l2'}",0.7441915128415922,0.938416691426007,0.8701595933453137,0.8703785698472437,promoter
genomic_benchmark/promoter_notata_251bps,zhihan1996/DNABERT-2-117M,cls,linear,768,27097,9034,2,42,4,4,roc_auc,0.895805290235487,"{'clf__C': 0.01, 'clf__penalty': 'l2'}",0.6577498703873662,0.9011193691641124,0.8277501644392126,0.828204560549037,promoter
genomic_benchmark/regulatory_region_type,InstaDeepAI/NTv3_650M_pre,mean_max,linear,3072,150000,57713,3,42,4,4,accuracy,0.7006666666666665,"{'clf__C': 0.01, 'clf__penalty': 'l2'}",0.5327013269599186,0.8578289430466874,0.6926958139870959,0.6899312113388665,regulatory
genomic_benchmark/regulatory_region_type,LongSafari/hyenadna-medium-160k-seqlen-hf,mean,linear,1536,150000,57713,3,42,4,4,accuracy,0.68432,"{'clf__C': 10.0, 'clf__penalty': 'l2'}",0.522184935592669,0.8501580704928103,0.6836751893451348,0.6830869994628593,regulatory
genomic_benchmark/regulatory_region_type,kuleshov-group/caduceus-ph_seqlen-131k_d_model-256_n_layer-16,mean,linear,1536,150000,57713,3,42,4,4,accuracy,0.68432,"{'clf__C': 10.0, 'clf__penalty': 'l2'}",0.522184935592669,0.8501580704928103,0.6836751893451348,0.6830869994628593,regulatory
genomic_benchmark/regulatory_region_type,zhihan1996/DNABERT-2-117M,cls,linear,768,150000,57713,3,42,4,4,accuracy,0.6641333333333334,"{'clf__C': 10.0, 'clf__penalty': 'l2'}",0.4950957570113223,0.8422942310095403,0.6671600846992497,0.6646682723129971,regulatory
iDHS-EL/DNase_I,InstaDeepAI/NTv3_650M_pre,max,linear,1536,711,306,2,42,4,4,roc_auc,0.840796056794811,"{'clf__C': 0.01, 'clf__penalty': 'l2'}",0.6802714562706733,0.8857786357786358,0.8392146017699115,0.8758169934640523,regulatory
iDHS-EL/DNase_I,LongSafari/hyenadna-medium-160k-seqlen-hf,mean,linear,1536,711,306,2,42,4,4,roc_auc,0.8472904059879764,"{'clf__C': 0.01, 'clf__penalty': 'l2'}",0.6718146718146718,0.8702273702273703,0.8359073359073359,0.869281045751634,regulatory
iDHS-EL/DNase_I,kuleshov-group/caduceus-ph_seqlen-131k_d_model-256_n_layer-16,mean,linear,1536,711,306,2,42,4,4,roc_auc,0.8472904059879764,"{'clf__C': 0.01, 'clf__penalty': 'l2'}",0.6718146718146718,0.8702273702273703,0.8359073359073359,0.869281045751634,regulatory
iDHS-EL/DNase_I,zhihan1996/DNABERT-2-117M,cls,linear,768,711,306,2,42,4,4,roc_auc,0.8045750276854927,"{'clf__C': 0.01, 'clf__penalty': 'l2'}",0.571565980468637,0.8396610896610897,0.7830771848239098,0.8366013071895425,regulatory
iDNA_ABF/5mC,InstaDeepAI/NTv3_650M_pre,mean,linear,1536,3281,1407,2,42,4,4,roc_auc,0.8119791363615969,"{'clf__C': 0.01, 'clf__penalty': 'l2'}",0.5221555912725809,0.8355748092590198,0.7602270101181623,0.7604832977967306,other
iDNA_ABF/5mC,LongSafari/hyenadna-medium-160k-seqlen-hf,mean,linear,1536,3281,1407,2,42,4,4,roc_auc,0.8119820926890059,"{'clf__C': 0.01, 'clf__penalty': 'l2'}",0.5221555912725809,0.8355707681365576,0.7602270101181623,0.7604832977967306,other
iDNA_ABF/5mC,kuleshov-group/caduceus-ph_seqlen-131k_d_model-256_n_layer-16,mean_max,linear,512,3281,1407,2,42,4,4,roc_auc,0.802582429789938,"{'clf__C': 0.01, 'clf__penalty': 'l2'}",0.5355424228481503,0.8325298234837709,0.7634553057572684,0.7647476901208244,other
iDNA_ABF/5mC,zhihan1996/DNABERT-2-117M,cls,linear,768,3281,1407,2,42,4,4,roc_auc,0.6973871276366316,"{'clf__C': 0.01, 'clf__penalty': 'l2'}",0.2978114639363312,0.7102656633906634,0.6488939313728264,0.6488983653162758,other
iDNA_ABF/6mA,InstaDeepAI/NTv3_650M_pre,mean_max,linear,3072,25668,11002,2,42,4,4,roc_auc,0.8687223225241664,"{'clf__C': 0.01, 'clf__penalty': 'l2'}",0.5837259796919859,0.8736985600707656,0.7918535430843499,0.7918560261770587,other
iDNA_ABF/6mA,LongSafari/hyenadna-medium-160k-seqlen-hf,mean,linear,1536,25668,11002,2,42,4,4,roc_auc,0.872917680965085,"{'clf__C': 0.01, 'clf__penalty': 'l2'}",0.5791724864551627,0.8766676951631573,0.789582792463617,0.7895837120523541,other
iDNA_ABF/6mA,kuleshov-group/caduceus-ph_seqlen-131k_d_model-256_n_layer-16,mean,linear,1536,25668,11002,2,42,4,4,roc_auc,0.872917680965085,"{'clf__C': 0.01, 'clf__penalty': 'l2'}",0.5791724864551627,0.8766676951631573,0.789582792463617,0.7895837120523541,other
iDNA_ABF/6mA,zhihan1996/DNABERT-2-117M,cls,linear,768,25668,11002,2,42,4,4,roc_auc,0.7705930668420876,"{'clf__C': 0.01, 'clf__penalty': 'l2'}",0.3893860710158079,0.7614857155584508,0.6946909636551504,0.69469187420469,other
iPro-WAEL/Promoter_Arabidopsis_NonTATA,InstaDeepAI/NTv3_650M_pre,mean_max,linear,3072,8267,3543,2,42,4,4,roc_auc,0.9836373215017896,"{'clf__C': 0.01, 'clf__penalty': 'l2'}",0.8851426461181657,0.9864368627740892,0.9424123866289577,0.9424216765453006,promoter
iPro-WAEL/Promoter_Arabidopsis_NonTATA,LongSafari/hyenadna-medium-160k-seqlen-hf,mean,linear,1536,8267,3543,2,42,4,4,roc_auc,0.9830980364152108,"{'clf__C': 0.01, 'clf__penalty': 'l2'}",0.8833872511509416,0.9867892927565124,0.9415674886220486,0.9415749364944962,promoter
iPro-WAEL/Promoter_Arabidopsis_NonTATA,kuleshov-group/caduceus-ph_seqlen-131k_d_model-256_n_layer-16,mean,linear,1536,8267,3543,2,42,4,4,roc_auc,0.9830980364152108,"{'clf__C': 0.01, 'clf__penalty': 'l2'}",0.8833872511509416,0.9867892927565124,0.9415674886220486,0.9415749364944962,promoter
iPro-WAEL/Promoter_Arabidopsis_NonTATA,zhihan1996/DNABERT-2-117M,attention,linear,768,8267,3543,2,42,4,4,roc_auc,0.9488145867486164,"{'clf__C': 0.01, 'clf__penalty': 'l2'}",0.7709426315903969,0.9458790546973882,0.8853990730318817,0.8854078464578041,promoter
iPro-WAEL/Promoter_Arabidopsis_TATA,InstaDeepAI/NTv3_650M_pre,mean_max,linear,3072,3063,1313,2,42,4,4,roc_auc,0.975859872420632,"{'clf__C': 0.01, 'clf__penalty': 'l2'}",0.8504128605607232,0.9763208364266268,0.9251278068983368,0.9322162985529322,promoter
iPro-WAEL/Promoter_Arabidopsis_TATA,LongSafari/hyenadna-medium-160k-seqlen-hf,mean,linear,1536,3063,1313,2,42,4,4,roc_auc,0.9764653551488838,"{'clf__C': 0.01, 'clf__penalty': 'l2'}",0.8400992329267795,0.9736064711705024,0.9199972035740376,0.9276466108149276,promoter
iPro-WAEL/Promoter_Arabidopsis_TATA,kuleshov-group/caduceus-ph_seqlen-131k_d_model-256_n_layer-16,mean,linear,1536,3063,1313,2,42,4,4,roc_auc,0.9764653551488838,"{'clf__C': 0.01, 'clf__penalty': 'l2'}",0.8400992329267795,0.9736064711705024,0.9199972035740376,0.9276466108149276,promoter
iPro-WAEL/Promoter_Arabidopsis_TATA,zhihan1996/DNABERT-2-117M,mean,linear,768,3063,1313,2,42,4,4,roc_auc,0.934597458114514,"{'clf__C': 0.01, 'clf__penalty': 'l2'}",0.750117963053219,0.943671121009651,0.8750084995852202,0.8880426504188881,promoter
iPro-WAEL/Promoter_B_amyloliquefaciens,InstaDeepAI/NTv3_650M_pre,mean,linear,1536,1483,636,2,42,4,4,roc_auc,0.913054927996713,"{'clf__C': 0.01, 'clf__penalty': 'l2'}",0.6635252933375545,0.9124630400601248,0.8317605903657648,0.8317610062893082,promoter
iPro-WAEL/Promoter_B_amyloliquefaciens,LongSafari/hyenadna-medium-160k-seqlen-hf,mean,linear,1536,1483,636,2,42,4,4,roc_auc,0.9130694989865024,"{'clf__C': 0.01, 'clf__penalty': 'l2'}",0.6635252933375545,0.9124432621658772,0.8317605903657648,0.8317610062893082,promoter
iPro-WAEL/Promoter_B_amyloliquefaciens,kuleshov-group/caduceus-ph_seqlen-131k_d_model-256_n_layer-16,mean,linear,1536,1483,636,2,42,4,4,roc_auc,0.9130694989865024,"{'clf__C': 0.01, 'clf__penalty': 'l2'}",0.6635252933375545,0.9124432621658772,0.8317605903657648,0.8317610062893082,promoter
iPro-WAEL/Promoter_B_amyloliquefaciens,zhihan1996/DNABERT-2-117M,cls,linear,768,1483,636,2,42,4,4,roc_auc,0.830206159097649,"{'clf__C': 0.01, 'clf__penalty': 'l2'}",0.5223133873523627,0.8350424730278968,0.7609684693594968,0.7610062893081762,promoter
iPro-WAEL/Promoter_GM12878,InstaDeepAI/NTv3_650M_pre,mean,linear,1536,10992,2750,2,42,4,4,roc_auc,0.9868651330913684,"{'clf__C': 0.01, 'clf__penalty': 'l2'}",0.8981856187769403,0.987571305785124,0.9490908013821912,0.9490909090909092,promoter
iPro-WAEL/Promoter_GM12878,LongSafari/hyenadna-medium-160k-seqlen-hf,attention,linear,256,10992,2750,2,42,4,4,roc_auc,0.982389468376101,"{'clf__C': 1.0, 'clf__penalty': 'l2'}",0.8829205324658276,0.9816394049586776,0.94145416611625,0.9414545454545454,promoter
iPro-WAEL/Promoter_GM12878,kuleshov-group/caduceus-ph_seqlen-131k_d_model-256_n_layer-16,mean,linear,256,10992,2750,2,42,4,4,roc_auc,0.9840867461634132,"{'clf__C': 0.1, 'clf__penalty': 'l2'}",0.8931194893718608,0.9851699834710744,0.9465445992590428,0.9465454545454546,promoter
iPro-WAEL/Promoter_GM12878,zhihan1996/DNABERT-2-117M,mean,linear,768,10992,2750,2,42,4,4,roc_auc,0.9751273388718328,"{'clf__C': 0.01, 'clf__penalty': 'l2'}",0.8801231385686566,0.979923570247934,0.9399958026816024,0.94,promoter
iPro-WAEL/Promoter_HUVEC,InstaDeepAI/NTv3_650M_pre,mean_max,linear,3072,11928,2982,2,42,4,4,roc_auc,0.992899381534006,"{'clf__C': 0.01, 'clf__penalty': 'l2'}",0.9275862552171236,0.9935341987089088,0.9637822888852102,0.9637826961770624,promoter
iPro-WAEL/Promoter_HUVEC,LongSafari/hyenadna-medium-160k-seqlen-hf,mean,linear,256,11928,2982,2,42,4,4,roc_auc,0.9866921178310644,"{'clf__C': 10.0, 'clf__penalty': 'l2'}",0.9155061360369716,0.9895028566210587,0.957746174763221,0.9577464788732394,promoter
iPro-WAEL/Promoter_HUVEC,kuleshov-group/caduceus-ph_seqlen-131k_d_model-256_n_layer-16,attention,linear,256,11928,2982,2,42,4,4,roc_auc,0.9896980811765294,"{'clf__C': 0.1, 'clf__penalty': 'l2'}",0.9148965537164864,0.9913484933747354,0.9574094044250973,0.9574111334674716,promoter
iPro-WAEL/Promoter_HUVEC,zhihan1996/DNABERT-2-117M,mean,linear,768,11928,2982,2,42,4,4,roc_auc,0.9805774058615048,"{'clf__C': 0.01, 'clf__penalty': 'l2'}",0.9001255790381244,0.9829808270593828,0.950031910580649,0.9500335345405768,promoter
iPro-WAEL/Promoter_Hela-S3,InstaDeepAI/NTv3_650M_pre,mean_max,linear,3072,11736,2936,2,42,4,4,roc_auc,0.9901101906101468,"{'clf__C': 0.01, 'clf__penalty': 'l2'}",0.9148758207630746,0.9916103022518544,0.9574244704886036,0.957425068119891,promoter
iPro-WAEL/Promoter_Hela-S3,LongSafari/hyenadna-medium-160k-seqlen-hf,attention,linear,256,11736,2936,2,42,4,4,roc_auc,0.9843808736534596,"{'clf__C': 1.0, 'clf__penalty': 'l2'}",0.9021786762945228,0.9855138504257958,0.9509463034297118,0.9509536784741144,promoter
iPro-WAEL/Promoter_Hela-S3,kuleshov-group/caduceus-ph_seqlen-131k_d_model-256_n_layer-16,attention,linear,256,11736,2936,2,42,4,4,roc_auc,0.9860403078125486,"{'clf__C': 0.1, 'clf__penalty': 'l2'}",0.9042079838167728,0.9879193920810164,0.9519686511145138,0.9519754768392372,promoter
iPro-WAEL/Promoter_Hela-S3,zhihan1996/DNABERT-2-117M,attention,linear,768,11736,2936,2,42,4,4,roc_auc,0.9783140938873812,"{'clf__C': 0.01, 'clf__penalty': 'l2'}",0.884262660618037,0.9787139261558108,0.9420959162260903,0.9420980926430518,promoter
iPro-WAEL/Promoter_NHEK,InstaDeepAI/NTv3_650M_pre,mean_max,linear,3072,8170,2044,2,42,4,4,roc_auc,0.9775753624943876,"{'clf__C': 0.01, 'clf__penalty': 'l2'}",0.8532698102716024,0.975158068481662,0.9266127248652172,0.926614481409002,promoter
iPro-WAEL/Promoter_NHEK,LongSafari/hyenadna-medium-160k-seqlen-hf,attention,linear,256,8170,2044,2,42,4,4,roc_auc,0.947447558690013,"{'clf__C': 10.0, 'clf__penalty': 'l2'}",0.7799065421478993,0.9484558882663592,0.8899172692014657,0.889921722113503,promoter
iPro-WAEL/Promoter_NHEK,kuleshov-group/caduceus-ph_seqlen-131k_d_model-256_n_layer-16,mean,linear,256,8170,2044,2,42,4,4,roc_auc,0.9597854741439128,"{'clf__C': 1.0, 'clf__penalty': 'l2'}",0.8016496684559985,0.9599390703926532,0.9006675991876869,0.9006849315068494,promoter
iPro-WAEL/Promoter_NHEK,zhihan1996/DNABERT-2-117M,cls,linear,768,8170,2044,2,42,4,4,roc_auc,0.948832157458156,"{'clf__C': 0.01, 'clf__penalty': 'l2'}",0.7767513681161327,0.9491165015452604,0.8879055072326327,0.8879647749510763,promoter
iPro-WAEL/Promoter_R_capsulatus,InstaDeepAI/NTv3_650M_pre,mean,linear,1536,7406,3175,2,42,4,4,roc_auc,0.7784472832162527,"{'clf__C': 0.01, 'clf__penalty': 'l2'}",0.3931523948736677,0.7842442129528567,0.6963013833743774,0.6966929133858267,promoter
iPro-WAEL/Promoter_R_capsulatus,LongSafari/hyenadna-medium-160k-seqlen-hf,mean,linear,256,7406,3175,2,42,4,4,roc_auc,0.7276603922179378,"{'clf__C': 1.0, 'clf__penalty': 'l2'}",0.340096680345983,0.7332687439521874,0.6699196553847717,0.6699212598425197,promoter
iPro-WAEL/Promoter_R_capsulatus,kuleshov-group/caduceus-ph_seqlen-131k_d_model-256_n_layer-16,mean_max,linear,512,7406,3175,2,42,4,4,roc_auc,0.7180750519083539,"{'clf__C': 0.01, 'clf__penalty': 'l2'}",0.3341533711381683,0.7270449048345191,0.6670527930619476,0.6670866141732283,promoter
iPro-WAEL/Promoter_R_capsulatus,zhihan1996/DNABERT-2-117M,cls,linear,768,7406,3175,2,42,4,4,roc_auc,0.6632156264631281,"{'clf__C': 0.01, 'clf__penalty': 'l2'}",0.2392658642002314,0.6617336890644436,0.619524501852281,0.6195275590551181,promoter
mouse/mouse_TFBS_1,InstaDeepAI/NTv3_650M_pre,mean,linear,1536,5668,2430,2,42,4,4,roc_auc,0.8773178583666021,"{'clf__C': 0.01, 'clf__penalty': 'l2'}",0.6168245523235746,0.8905519145116767,0.8070936556875177,0.8074074074074075,regulatory
mouse/mouse_TFBS_1,LongSafari/hyenadna-medium-160k-seqlen-hf,mean,linear,256,5668,2430,2,42,4,4,roc_auc,0.7562991561282303,"{'clf__C': 1.0, 'clf__penalty': 'l2'}",0.3705422242430014,0.7517553218513437,0.685112181167508,0.6851851851851852,regulatory
mouse/mouse_TFBS_1,kuleshov-group/caduceus-ph_seqlen-131k_d_model-256_n_layer-16,mean_max,linear,512,5668,2430,2,42,4,4,roc_auc,0.7597420772473364,"{'clf__C': 10.0, 'clf__penalty': 'l2'}",0.4224512202409752,0.7734512015444801,0.7110328121559129,0.7111111111111111,regulatory
mouse/mouse_TFBS_1,zhihan1996/DNABERT-2-117M,cls,linear,768,5668,2430,2,42,4,4,roc_auc,0.6778570318663191,"{'clf__C': 0.01, 'clf__penalty': 'l2'}",0.2725347124689722,0.6809558163559077,0.6361427595776511,0.6362139917695473,regulatory
mouse/mouse_TFBS_2,InstaDeepAI/NTv3_650M_pre,mean_max,linear,3072,47209,20233,2,42,4,4,roc_auc,0.9676174583961488,"{'clf__C': 0.01, 'clf__penalty': 'l2'}",0.8206662650952449,0.9712489661783548,0.9100713704218252,0.9100973656897148,regulatory
mouse/mouse_TFBS_2,LongSafari/hyenadna-medium-160k-seqlen-hf,mean_max,linear,512,47209,20233,2,42,4,4,roc_auc,0.9317695834877416,"{'clf__C': 1.0, 'clf__penalty': 'l2'}",0.7124500926788468,0.9342576102385796,0.8558086320534946,0.8558790095388722,regulatory
mouse/mouse_TFBS_2,kuleshov-group/caduceus-ph_seqlen-131k_d_model-256_n_layer-16,mean_max,linear,512,47209,20233,2,42,4,4,roc_auc,0.9571588373027132,"{'clf__C': 1.0, 'clf__penalty': 'l2'}",0.7753994514680952,0.95814903744028,0.8872562902358115,0.8873128058122869,regulatory
mouse/mouse_TFBS_2,zhihan1996/DNABERT-2-117M,cls,linear,768,47209,20233,2,42,4,4,roc_auc,0.8874700303905345,"{'clf__C': 0.01, 'clf__penalty': 'l2'}",0.6148177362627938,0.8896560792308481,0.8070639994755799,0.8071467404734839,regulatory
mouse/mouse_TFBS_3,InstaDeepAI/NTv3_650M_pre,mean_max,linear,3072,2293,983,2,42,4,4,roc_auc,0.9558766847158112,"{'clf__C': 0.01, 'clf__penalty': 'l2'}",0.7928851967842138,0.9682496315798188,0.8962049689440994,0.896236012207528,regulatory
mouse/mouse_TFBS_3,LongSafari/hyenadna-medium-160k-seqlen-hf,attention,linear,256,2293,983,2,42,4,4,roc_auc,0.921369507521458,"{'clf__C': 1.0, 'clf__penalty': 'l2'}",0.695084694257322,0.931043332836587,0.8473703605558224,0.8474059003051883,regulatory
mouse/mouse_TFBS_3,kuleshov-group/caduceus-ph_seqlen-131k_d_model-256_n_layer-16,mean,linear,256,2293,983,2,42,4,4,roc_auc,0.919721775632373,"{'clf__C': 1.0, 'clf__penalty': 'l2'}",0.7009160867879454,0.9452751146656068,0.8504571632592868,0.8504577822990844,regulatory
mouse/mouse_TFBS_3,zhihan1996/DNABERT-2-117M,mean,linear,768,2293,983,2,42,4,4,roc_auc,0.8437238167628243,"{'clf__C': 0.01, 'clf__penalty': 'l2'}",0.5625877133016769,0.8629766694815624,0.7812736415824841,0.7812817904374364,regulatory
mouse/mouse_TFBS_4,InstaDeepAI/NTv3_650M_pre,mean_max,linear,3072,1667,715,2,42,4,4,roc_auc,0.896820521962855,"{'clf__C': 0.01, 'clf__penalty': 'l2'}",0.6471496762537878,0.8946293601239379,0.822021125007595,0.8223776223776224,regulatory
mouse/mouse_TFBS_4,LongSafari/hyenadna-medium-160k-seqlen-hf,mean,linear,256,1667,715,2,42,4,4,roc_auc,0.802596825144744,"{'clf__C': 1.0, 'clf__penalty': 'l2'}",0.3455602768873906,0.7507394019060138,0.6726959012160195,0.6727272727272727,regulatory
mouse/mouse_TFBS_4,kuleshov-group/caduceus-ph_seqlen-131k_d_model-256_n_layer-16,mean,linear,256,1667,715,2,42,4,4,roc_auc,0.7805209719430368,"{'clf__C': 1.0, 'clf__penalty': 'l2'}",0.4503720198631046,0.8028105096787319,0.7239896144613727,0.7244755244755244,regulatory
mouse/mouse_TFBS_4,zhihan1996/DNABERT-2-117M,attention,linear,768,1667,715,2,42,4,4,roc_auc,0.717539699514807,"{'clf__C': 0.01, 'clf__penalty': 'l2'}",0.3230755989546656,0.709325070810447,0.6615377994773328,0.6615384615384615,regulatory
mouse/mouse_TFBS_5,InstaDeepAI/NTv3_650M_pre,mean,linear,1536,13180,5650,2,42,4,4,roc_auc,0.8225731102740492,"{'clf__C': 0.01, 'clf__penalty': 'l2'}",0.479717835412821,0.8183217479833972,0.739530471955936,0.7396460176991151,regulatory
mouse/mouse_TFBS_5,LongSafari/hyenadna-medium-160k-seqlen-hf,mean,linear,256,13180,5650,2,42,4,4,roc_auc,0.7420457023950577,"{'clf__C': 1.0, 'clf__penalty': 'l2'}",0.3713367397012839,0.7495312710470672,0.6856597780221226,0.6856637168141593,regulatory
mouse/mouse_TFBS_5,kuleshov-group/caduceus-ph_seqlen-131k_d_model-256_n_layer-16,mean_max,linear,512,13180,5650,2,42,4,4,roc_auc,0.793228881137225,"{'clf__C': 1.0, 'clf__penalty': 'l2'}",0.4340645732497659,0.7964906257341999,0.7169643297704614,0.7169911504424779,regulatory
mouse/mouse_TFBS_5,zhihan1996/DNABERT-2-117M,cls,linear,768,13180,5650,2,42,4,4,roc_auc,0.6730753289299167,"{'clf__C': 0.01, 'clf__penalty': 'l2'}",0.2555779273489476,0.683452611794189,0.6277856400900047,0.627787610619469,regulatory
prom/promoter_all_300bps,InstaDeepAI/NTv3_650M_pre,mean,linear,1536,41437,17759,2,42,4,4,roc_auc,0.973829608551843,"{'clf__C': 0.01, 'clf__penalty': 'l2'}",0.8394309119070964,0.9723255741099812,0.9196398535408568,0.9196463764851625,promoter
prom/promoter_all_300bps,LongSafari/hyenadna-medium-160k-seqlen-hf,mean,linear,256,41437,17759,2,42,4,4,roc_auc,0.9549560171129954,"{'clf__C': 1.0, 'clf__penalty': 'l2'}",0.7830510933067831,0.9541349273871236,0.8914868472278893,0.8914916380426826,promoter
prom/promoter_all_300bps,kuleshov-group/caduceus-ph_seqlen-131k_d_model-256_n_layer-16,attention,linear,256,41437,17759,2,42,4,4,roc_auc,0.962064089480809,"{'clf__C': 10.0, 'clf__penalty': 'l2'}",0.8077609049637616,0.9611176830338616,0.9038796242104772,0.9038797229573736,promoter
prom/promoter_all_300bps,zhihan1996/DNABERT-2-117M,cls,linear,768,41437,17759,2,42,4,4,roc_auc,0.9425612190616306,"{'clf__C': 0.01, 'clf__penalty': 'l2'}",0.7603643156890273,0.9424897635274648,0.880172110599768,0.8801734331888057,promoter
prom/promoter_all_70bps,InstaDeepAI/NTv3_650M_pre,mean,linear,1536,41437,17759,2,42,4,4,roc_auc,0.898014094103412,"{'clf__C': 0.01, 'clf__penalty': 'l2'}",0.6274738273163768,0.8968711792375775,0.8136523692386908,0.8136719409876683,promoter
prom/promoter_all_70bps,LongSafari/hyenadna-medium-160k-seqlen-hf,mean,linear,256,41437,17759,2,42,4,4,roc_auc,0.869276515641245,"{'clf__C': 1.0, 'clf__penalty': 'l2'}",0.5624190268003755,0.8664053265169663,0.7807783750428134,0.7808998254406216,promoter
prom/promoter_all_70bps,kuleshov-group/caduceus-ph_seqlen-131k_d_model-256_n_layer-16,mean_max,linear,512,41437,17759,2,42,4,4,roc_auc,0.8877172345300032,"{'clf__C': 1.0, 'clf__penalty': 'l2'}",0.6053934933889199,0.8858300319409398,0.8025401553875033,0.8025789740413312,promoter
prom/promoter_all_70bps,zhihan1996/DNABERT-2-117M,cls,linear,768,41437,17759,2,42,4,4,roc_auc,0.8477790656387337,"{'clf__C': 0.01, 'clf__penalty': 'l2'}",0.5290781497255881,0.8440723772257447,0.7644206447704202,0.7644574581902134,promoter
prom/promoter_notata_300bps,InstaDeepAI/NTv3_650M_pre,mean,linear,1536,37146,15920,2,42,4,4,roc_auc,0.9940855681718184,"{'clf__C': 0.01, 'clf__penalty': 'l2'}",0.9375234824973218,0.9950870558824274,0.9687171532792568,0.968718592964824,promoter
prom/promoter_notata_300bps,LongSafari/hyenadna-medium-160k-seqlen-hf,mean_max,linear,512,37146,15920,2,42,4,4,roc_auc,0.9815798158845048,"{'clf__C': 1.0, 'clf__penalty': 'l2'}",0.8722654392803515,0.9825606045301886,0.9360495991104232,0.9360552763819096,promoter
prom/promoter_notata_300bps,kuleshov-group/caduceus-ph_seqlen-131k_d_model-256_n_layer-16,attention,linear,256,37146,15920,2,42,4,4,roc_auc,0.9901642464818096,"{'clf__C': 10.0, 'clf__penalty': 'l2'}",0.9189319683192396,0.9919858242216104,0.9594201731967614,0.9594221105527638,promoter
prom/promoter_notata_300bps,zhihan1996/DNABERT-2-117M,attention,linear,768,37146,15920,2,42,4,4,roc_auc,0.9767890736938176,"{'clf__C': 0.01, 'clf__penalty': 'l2'}",0.8568897487831794,0.9780263440317164,0.928319466103,0.9283291457286432,promoter
prom/promoter_notata_70bps,InstaDeepAI/NTv3_650M_pre,mean,linear,1536,37146,15920,2,42,4,4,roc_auc,0.9193192101117008,"{'clf__C': 0.01, 'clf__penalty': 'l2'}",0.6786885480458349,0.9196507348299284,0.839316241906263,0.839321608040201,promoter
prom/promoter_notata_70bps,LongSafari/hyenadna-medium-160k-seqlen-hf,mean_max,linear,512,37146,15920,2,42,4,4,roc_auc,0.8905773566378268,"{'clf__C': 1.0, 'clf__penalty': 'l2'}",0.615126856596554,0.8884012714325397,0.807447158372676,0.8074748743718593,promoter
prom/promoter_notata_70bps,kuleshov-group/caduceus-ph_seqlen-131k_d_model-256_n_layer-16,mean_max,linear,512,37146,15920,2,42,4,4,roc_auc,0.9127284905023512,"{'clf__C': 0.1, 'clf__penalty': 'l2'}",0.6616982440864355,0.9118041368904825,0.8307609346437677,0.8307788944723619,promoter
prom/promoter_notata_70bps,zhihan1996/DNABERT-2-117M,cls,linear,768,37146,15920,2,42,4,4,roc_auc,0.8676207930329258,"{'clf__C': 0.01, 'clf__penalty': 'l2'}",0.5863146324072064,0.8711363980707558,0.7930668560774217,0.7930904522613065,promoter
prom/promoter_tata_300bps,InstaDeepAI/NTv3_650M_pre,mean_max,linear,3072,4290,1840,2,42,4,4,roc_auc,0.8727244698905519,"{'clf__C': 0.01, 'clf__penalty': 'l2'}",0.6066134834569511,0.8777995037807184,0.8032459921355112,0.8032608695652174,promoter
prom/promoter_tata_300bps,LongSafari/hyenadna-medium-160k-seqlen-hf,attention,linear,256,4290,1840,2,42,4,4,roc_auc,0.8460718782746093,"{'clf__C': 0.1, 'clf__penalty': 'l2'}",0.5641307680357601,0.8477321597353495,0.7820651530201893,0.7820652173913043,promoter
prom/promoter_tata_300bps,kuleshov-group/caduceus-ph_seqlen-131k_d_model-256_n_layer-16,mean,linear,256,4290,1840,2,42,4,4,roc_auc,0.8432810906447604,"{'clf__C': 1.0, 'clf__penalty': 'l2'}",0.5609027008074842,0.8545362712665406,0.7804282971496086,0.7804347826086957,promoter
prom/promoter_tata_300bps,zhihan1996/DNABERT-2-117M,cls,linear,768,4290,1840,2,42,4,4,roc_auc,0.7480923829608525,"{'clf__C': 0.01, 'clf__penalty': 'l2'}",0.4195900048676141,0.7803739366729678,0.7097740363314133,0.7097826086956521,promoter
prom/promoter_tata_70bps,InstaDeepAI/NTv3_650M_pre,first_token,linear,1536,4290,1840,2,42,4,4,roc_auc,0.932932603195303,"{'clf__C': 0.01, 'clf__penalty': 'l2'}",0.7423080769435131,0.939079040642722,0.8699257787785812,0.8701086956521739,promoter
prom/promoter_tata_70bps,LongSafari/hyenadna-medium-160k-seqlen-hf,attention,linear,256,4290,1840,2,42,4,4,roc_auc,0.8107851916196036,"{'clf__C': 1.0, 'clf__penalty': 'l2'}",0.5001181893409723,0.8295599007561436,0.749970459647879,0.75,promoter
prom/promoter_tata_70bps,kuleshov-group/caduceus-ph_seqlen-131k_d_model-256_n_layer-16,attention,linear,256,4290,1840,2,42,4,4,roc_auc,0.8340056239857268,"{'clf__C': 1.0, 'clf__penalty': 'l2'}",0.5339988886333159,0.8432827268431,0.7667816272281918,0.7668478260869566,promoter
prom/promoter_tata_70bps,zhihan1996/DNABERT-2-117M,cls,linear,768,4290,1840,2,42,4,4,roc_auc,0.8272326892503733,"{'clf__C': 0.01, 'clf__penalty': 'l2'}",0.5218624584427537,0.8331444943289226,0.760841309228406,0.7608695652173914,promoter
splice/acceptors,InstaDeepAI/NTv3_650M_pre,mean_max,linear,3072,15525,6654,2,42,4,4,roc_auc,0.9551793220197108,"{'clf__C': 0.01, 'clf__penalty': 'l2'}",0.8026252838894012,0.9469777380242498,0.9006949481332783,0.9008115419296664,splice-site
splice/acceptors,LongSafari/hyenadna-medium-160k-seqlen-hf,mean_max,linear,512,15525,6654,2,42,4,4,roc_auc,0.7894495046481858,"{'clf__C': 1.0, 'clf__penalty': 'l2'}",0.4290028042187891,0.7794527565457798,0.7142529867079022,0.7144574691914638,splice-site
splice/acceptors,kuleshov-group/caduceus-ph_seqlen-131k_d_model-256_n_layer-16,mean_max,linear,512,15525,6654,2,42,4,4,roc_auc,0.8419917335465815,"{'clf__C': 1.0, 'clf__penalty': 'l2'}",0.5033997514969196,0.831010914150449,0.7510984877542543,0.7514277126540427,splice-site
splice/acceptors,zhihan1996/DNABERT-2-117M,cls,linear,768,15525,6654,2,42,4,4,roc_auc,0.8791302756428105,"{'clf__C': 0.1, 'clf__penalty': 'l2'}",0.6111903269456311,0.876347734952386,0.8054342527599656,0.8055305079651337,splice-site
splice/donors,InstaDeepAI/NTv3_650M_pre,mean_max,linear,3072,15381,6592,2,42,4,4,roc_auc,0.9486055578607148,"{'clf__C': 0.01, 'clf__penalty': 'l2'}",0.7965793833671015,0.9528462940461724,0.8982023402567685,0.8982099514563107,splice-site
splice/donors,LongSafari/hyenadna-medium-160k-seqlen-hf,mean_max,linear,512,15381,6592,2,42,4,4,roc_auc,0.7817248595284856,"{'clf__C': 10.0, 'clf__penalty': 'l2'}",0.4154244351211371,0.7818578555911485,0.7071661950478401,0.707372572815534,splice-site
splice/donors,kuleshov-group/caduceus-ph_seqlen-131k_d_model-256_n_layer-16,mean_max,linear,512,15381,6592,2,42,4,4,roc_auc,0.8299265052712558,"{'clf__C': 10.0, 'clf__penalty': 'l2'}",0.5062146043634254,0.8409543797636141,0.7525698748038052,0.7527305825242718,splice-site
splice/donors,zhihan1996/DNABERT-2-117M,cls,linear,768,15381,6592,2,42,4,4,roc_auc,0.8891731564407742,"{'clf__C': 0.1, 'clf__penalty': 'l2'}",0.6553488254387064,0.8970732538016863,0.8276667936984854,0.8276699029126213,splice-site
splice/splice_site_type_DNABERT,InstaDeepAI/NTv3_650M_pre,mean_max,linear,3072,31933,13687,3,42,4,4,accuracy,0.7632544189280477,"{'clf__C': 0.01, 'clf__penalty': 'l2'}",0.6096918585129518,0.8848006057867274,0.7356066507681414,0.7746036384890772,splice-site
splice/splice_site_type_DNABERT,LongSafari/hyenadna-medium-160k-seqlen-hf,mean_max,linear,512,31933,13687,3,42,4,4,accuracy,0.610465572099981,"{'clf__C': 10.0, 'clf__penalty': 'l2'}",0.3004485131761592,0.7629181401344423,0.5298089117937352,0.6159129100606415,splice-site
splice/splice_site_type_DNABERT,kuleshov-group/caduceus-ph_seqlen-131k_d_model-256_n_layer-16,mean_max,linear,512,31933,13687,3,42,4,4,accuracy,0.6269690671584933,"{'clf__C': 1.0, 'clf__penalty': 'l2'}",0.3302504165315726,0.7747882411939523,0.5415428575360598,0.6299408197559728,splice-site
splice/splice_site_type_DNABERT,zhihan1996/DNABERT-2-117M,cls,linear,768,31933,13687,3,42,4,4,accuracy,0.5957473320686217,"{'clf__C': 0.1, 'clf__penalty': 'l2'}",0.2558259692010201,0.7319639623355441,0.4893052345885451,0.5948710455176445,splice-site
splice/splice_site_type_NT,InstaDeepAI/NTv3_650M_pre,mean_max,linear,3072,20999,9001,3,42,4,4,accuracy,0.714272405628283,"{'clf__C': 0.01, 'clf__penalty': 'l2'}",0.5953317323008769,0.8778016592955687,0.7303250690387081,0.7301410954338406,splice-site
splice/splice_site_type_NT,LongSafari/hyenadna-medium-160k-seqlen-hf,attention,linear,256,20999,9001,3,42,4,4,accuracy,0.5814564951147156,"{'clf__C': 10.0, 'clf__penalty': 'l2'}",0.4095662166574929,0.7765789086709104,0.6018425094019828,0.6047105877124764,splice-site
splice/splice_site_type_NT,kuleshov-group/caduceus-ph_seqlen-131k_d_model-256_n_layer-16,mean,linear,256,20999,9001,3,42,4,4,accuracy,0.5793612751635232,"{'clf__C': 10.0, 'clf__penalty': 'l2'}",0.3960481218098267,0.7717188662830944,0.5960194961491608,0.5962670814353961,splice-site
splice/splice_site_type_NT,zhihan1996/DNABERT-2-117M,cls,linear,768,20999,9001,3,42,4,4,accuracy,0.5358822542162226,"{'clf__C': 0.01, 'clf__penalty': 'l2'}",0.3325543441453887,0.7312958607939071,0.5543255020692383,0.5544939451172092,splice-site
tf/Human_TFBS_1,InstaDeepAI/NTv3_650M_pre,mean,linear,1536,24064,10314,2,42,4,4,roc_auc,0.8779747800192395,"{'clf__C': 0.01, 'clf__penalty': 'l2'}",0.6028950156670669,0.8845227850158879,0.8013018986825549,0.8013379872018616,regulatory
tf/Human_TFBS_1,LongSafari/hyenadna-medium-160k-seqlen-hf,mean,linear,256,24064,10314,2,42,4,4,roc_auc,0.849581551368337,"{'clf__C': 1.0, 'clf__penalty': 'l2'}",0.5652580834023361,0.8580837445908761,0.78195259585747,0.7821407795229784,regulatory
tf/Human_TFBS_1,kuleshov-group/caduceus-ph_seqlen-131k_d_model-256_n_layer-16,mean,linear,256,24064,10314,2,42,4,4,roc_auc,0.8733897107712766,"{'clf__C': 0.1, 'clf__penalty': 'l2'}",0.6035726609671166,0.8804815961286047,0.8011904180103723,0.8013379872018616,regulatory
tf/Human_TFBS_1,zhihan1996/DNABERT-2-117M,cls,linear,768,24064,10314,2,42,4,4,roc_auc,0.8247226423243691,"{'clf__C': 0.01, 'clf__penalty': 'l2'}",0.5096621902356875,0.8348110554119363,0.7544967175157218,0.7546053907310452,regulatory
tf/Human_TFBS_2,InstaDeepAI/NTv3_650M_pre,mean,linear,1536,22870,9802,2,42,4,4,roc_auc,0.8611474241540771,"{'clf__C': 0.01, 'clf__penalty': 'l2'}",0.5655766085976071,0.8682249698904666,0.7825212329830893,0.7825953886961845,regulatory
tf/Human_TFBS_2,LongSafari/hyenadna-medium-160k-seqlen-hf,attention,linear,256,22870,9802,2,42,4,4,roc_auc,0.8435418985832116,"{'clf__C': 1.0, 'clf__penalty': 'l2'}",0.5227236026015034,0.8439922129246616,0.7606379130724674,0.7608651295653949,regulatory
tf/Human_TFBS_2,kuleshov-group/caduceus-ph_seqlen-131k_d_model-256_n_layer-16,attention,linear,256,22870,9802,2,42,4,4,roc_auc,0.8629856112145828,"{'clf__C': 0.1, 'clf__penalty': 'l2'}",0.5619597314953859,0.8656069215560945,0.780247120290736,0.7804529687818812,regulatory
tf/Human_TFBS_2,zhihan1996/DNABERT-2-117M,cls,linear,768,22870,9802,2,42,4,4,roc_auc,0.8096928032230308,"{'clf__C': 0.01, 'clf__penalty': 'l2'}",0.4688389897528862,0.8164334916846313,0.7338151112804996,0.7340338706386452,regulatory
tf/Human_TFBS_3,InstaDeepAI/NTv3_650M_pre,mean,linear,1536,14699,6301,2,42,4,4,roc_auc,0.8480842604591596,"{'clf__C': 0.01, 'clf__penalty': 'l2'}",0.5492943643340676,0.8534386161107836,0.7746359434338843,0.7746389461990161,regulatory
tf/Human_TFBS_3,LongSafari/hyenadna-medium-160k-seqlen-hf,mean,linear,256,14699,6301,2,42,4,4,roc_auc,0.8130964100008675,"{'clf__C': 1.0, 'clf__penalty': 'l2'}",0.4865818789190372,0.8153913345725469,0.7431770099014849,0.7432153626408506,regulatory
tf/Human_TFBS_3,kuleshov-group/caduceus-ph_seqlen-131k_d_model-256_n_layer-16,mean_max,linear,512,14699,6301,2,42,4,4,roc_auc,0.8197650106084027,"{'clf__C': 0.1, 'clf__penalty': 'l2'}",0.4926525683588715,0.8190412718562512,0.7454637782082219,0.7457546421202984,regulatory
tf/Human_TFBS_3,zhihan1996/DNABERT-2-117M,cls,linear,768,14699,6301,2,42,4,4,roc_auc,0.7696015130193659,"{'clf__C': 0.01, 'clf__penalty': 'l2'}",0.4042604830739618,0.7759146252386493,0.7020975401601735,0.7021107760672909,regulatory
tf/Human_TFBS_4,InstaDeepAI/NTv3_650M_pre,mean,linear,1536,20505,8789,2,42,4,4,roc_auc,0.7741840806097628,"{'clf__C': 0.01, 'clf__penalty': 'l2'}",0.4105568615023988,0.7799719650801098,0.7051447156293946,0.7051996814199568,regulatory
tf/Human_TFBS_4,LongSafari/hyenadna-medium-160k-seqlen-hf,mean,linear,256,20505,8789,2,42,4,4,roc_auc,0.7414329237766496,"{'clf__C': 0.1, 'clf__penalty': 'l2'}",0.348670423928034,0.7429710490517889,0.6726387277460684,0.6734554556832404,regulatory
tf/Human_TFBS_4,kuleshov-group/caduceus-ph_seqlen-131k_d_model-256_n_layer-16,mean_max,linear,512,20505,8789,2,42,4,4,roc_auc,0.7595336292136696,"{'clf__C': 0.1, 'clf__penalty': 'l2'}",0.3893567310773905,0.7697936424838296,0.6931540800504982,0.6938218227329617,regulatory
tf/Human_TFBS_4,zhihan1996/DNABERT-2-117M,cls,linear,768,20505,8789,2,42,4,4,roc_auc,0.6966356380116752,"{'clf__C': 0.01, 'clf__penalty': 'l2'}",0.2896202657816651,0.6982768932503368,0.6434906191429841,0.644214358857663,regulatory
tf/Human_TFBS_5,InstaDeepAI/NTv3_650M_pre,mean_max,linear,3072,14699,6301,2,42,4,4,roc_auc,0.8950644226968514,"{'clf__C': 0.01, 'clf__penalty': 'l2'}",0.6423410585235418,0.8944254532448755,0.8209291582164207,0.8209807966989366,regulatory
tf/Human_TFBS_5,LongSafari/hyenadna-medium-160k-seqlen-hf,mean,linear,256,14699,6301,2,42,4,4,roc_auc,0.8575545097435086,"{'clf__C': 1.0, 'clf__penalty': 'l2'}",0.536790018069967,0.8533593265932206,0.7680207699123343,0.7681320425329313,regulatory
tf/Human_TFBS_5,kuleshov-group/caduceus-ph_seqlen-131k_d_model-256_n_layer-16,mean_max,linear,512,14699,6301,2,42,4,4,roc_auc,0.8691029417612057,"{'clf__C': 0.1, 'clf__penalty': 'l2'}",0.5718396056991003,0.8683388997194138,0.7854680107795089,0.7855895889541342,regulatory
tf/Human_TFBS_5,zhihan1996/DNABERT-2-117M,cls,linear,768,14699,6301,2,42,4,4,roc_auc,0.8245265100570964,"{'clf__C': 0.01, 'clf__penalty': 'l2'}",0.4836734617013219,0.8235550316603951,0.7412768229852547,0.7414696079987304,regulatory
virus/covid_variants,InstaDeepAI/NTv3_650M_pre,mean_max,linear,3072,64168,27501,9,42,4,4,accuracy,0.5700816606408179,"{'clf__C': 0.1, 'clf__penalty': 'l2'}",0.5341060580080513,0.8819877647337547,0.5883337463977617,0.5871422857350642,other
virus/covid_variants,LongSafari/hyenadna-medium-160k-seqlen-hf,mean_max,linear,512,64168,27501,9,42,4,4,accuracy,0.4438193492083281,"{'clf__C': 1.0, 'clf__penalty': 'l2'}",0.3713043885908251,0.7936781030825121,0.4434483050379025,0.4430747972800989,other
virus/covid_variants,kuleshov-group/caduceus-ph_seqlen-131k_d_model-256_n_layer-16,mean_max,linear,512,64168,27501,9,42,4,4,accuracy,0.4164848522628102,"{'clf__C': 10.0, 'clf__penalty': 'l2'}",0.3472308032574819,0.7833688413254909,0.4252717081997578,0.4216210319624741,other
virus/covid_variants,zhihan1996/DNABERT-2-117M,mean_max,linear,1536,64168,27501,9,42,4,4,accuracy,0.5431367659892781,"{'clf__C': 0.1, 'clf__penalty': 'l2'}",0.4936488127421919,0.8656750959770929,0.5521763928934902,0.5513981309770554,other
