model,pooling,probe,task_group,MCC
InstaDeepAI/NTv3_650M_pre,attention,linear,other,0.36320958916058244
InstaDeepAI/NTv3_650M_pre,attention,linear,promoter,0.6252841921351439
InstaDeepAI/NTv3_650M_pre,attention,linear,regulatory,0.3793087376070376
InstaDeepAI/NTv3_650M_pre,attention,linear,splice-site,0.4173695283522685
InstaDeepAI/NTv3_650M_pre,cls,linear,other,0.32611920004785927
InstaDeepAI/NTv3_650M_pre,cls,linear,promoter,0.608836417009813
InstaDeepAI/NTv3_650M_pre,cls,linear,regulatory,0.3696537601804939
InstaDeepAI/NTv3_650M_pre,cls,linear,splice-site,0.2994217886417566
InstaDeepAI/NTv3_650M_pre,max,linear,other,0.4619787306734991
InstaDeepAI/NTv3_650M_pre,max,linear,promoter,0.7287548131408644
InstaDeepAI/NTv3_650M_pre,max,linear,regulatory,0.5210437595353261
InstaDeepAI/NTv3_650M_pre,max,linear,splice-site,0.673145459815835
InstaDeepAI/NTv3_650M_pre,mean,linear,other,0.5069864958515735
InstaDeepAI/NTv3_650M_pre,mean,linear,promoter,0.7585340718808387
InstaDeepAI/NTv3_650M_pre,mean,linear,regulatory,0.5594479876081778
InstaDeepAI/NTv3_650M_pre,mean,linear,splice-site,0.6890163792819769
InstaDeepAI/NTv3_650M_pre,mean_max,linear,other,0.5070647725268755
InstaDeepAI/NTv3_650M_pre,mean_max,linear,promoter,0.7527387598882183
InstaDeepAI/NTv3_650M_pre,mean_max,linear,regulatory,0.5605715816120477
InstaDeepAI/NTv3_650M_pre,mean_max,linear,splice-site,0.7010570645175829
LongSafari/hyenadna-medium-160k-seqlen-hf,attention,linear,other,0.3846170207671932
LongSafari/hyenadna-medium-160k-seqlen-hf,attention,linear,promoter,0.7105373552562809
LongSafari/hyenadna-medium-160k-seqlen-hf,attention,linear,regulatory,0.4556426421223287
LongSafari/hyenadna-medium-160k-seqlen-hf,attention,linear,splice-site,0.38208400662412884
LongSafari/hyenadna-medium-160k-seqlen-hf,max,linear,other,0.3077238759704215
LongSafari/hyenadna-medium-160k-seqlen-hf,max,linear,promoter,0.6309560640302272
LongSafari/hyenadna-medium-160k-seqlen-hf,max,linear,regulatory,0.38516130010081523
LongSafari/hyenadna-medium-160k-seqlen-hf,max,linear,splice-site,0.24429354772466413
LongSafari/hyenadna-medium-160k-seqlen-hf,mean,linear,other,0.49823118432223334
LongSafari/hyenadna-medium-160k-seqlen-hf,mean,linear,promoter,0.7205721316922468
LongSafari/hyenadna-medium-160k-seqlen-hf,mean,linear,regulatory,0.49059593271495716
LongSafari/hyenadna-medium-160k-seqlen-hf,mean,linear,splice-site,0.38260701322363877
LongSafari/hyenadna-medium-160k-seqlen-hf,mean_max,linear,other,0.39271639342604897
LongSafari/hyenadna-medium-160k-seqlen-hf,mean_max,linear,promoter,0.6931390204838817
LongSafari/hyenadna-medium-160k-seqlen-hf,mean_max,linear,regulatory,0.45515495752383833
LongSafari/hyenadna-medium-160k-seqlen-hf,mean_max,linear,splice-site,0.3870141003478661
kuleshov-group/caduceus-ph_seqlen-131k_d_model-256_n_layer-16,attention,linear,other,0.4039022327171094
kuleshov-group/caduceus-ph_seqlen-131k_d_model-256_n_layer-16,attention,linear,promoter,0.7252295628272932
kuleshov-group/caduceus-ph_seqlen-131k_d_model-256_n_layer-16,attention,linear,regulatory,0.49463320891963086
kuleshov-group/caduceus-ph_seqlen-131k_d_model-256_n_layer-16,attention,linear,splice-site,0.42904891334133377
kuleshov-group/caduceus-ph_seqlen-131k_d_model-256_n_layer-16,max,linear,other,0.36025087601126515
kuleshov-group/caduceus-ph_seqlen-131k_d_model-256_n_layer-16,max,linear,promoter,0.6774828045140068
kuleshov-group/caduceus-ph_seqlen-131k_d_model-256_n_layer-16,max,linear,regulatory,0.4461726476594619
kuleshov-group/caduceus-ph_seqlen-131k_d_model-256_n_layer-16,max,linear,splice-site,0.29718143211693565
kuleshov-group/caduceus-ph_seqlen-131k_d_model-256_n_layer-16,mean,linear,other,0.49472940516037167
kuleshov-group/caduceus-ph_seqlen-131k_d_model-256_n_layer-16,mean,linear,promoter,0.734755118379909
kuleshov-group/caduceus-ph_seqlen-131k_d_model-256_n_layer-16,mean,linear,regulatory,0.5136686676635205
kuleshov-group/caduceus-ph_seqlen-131k_d_model-256_n_layer-16,mean,linear,splice-site,0.4262650261495574
kuleshov-group/caduceus-ph_seqlen-131k_d_model-256_n_layer-16,mean_max,linear,other,0.41516289708592236
kuleshov-group/caduceus-ph_seqlen-131k_d_model-256_n_layer-16,mean_max,linear,promoter,0.7213682610704778
kuleshov-group/caduceus-ph_seqlen-131k_d_model-256_n_layer-16,mean_max,linear,regulatory,0.5003148229134536
kuleshov-group/caduceus-ph_seqlen-131k_d_model-256_n_layer-16,mean_max,linear,splice-site,0.4336815097426016
zhihan1996/DNABERT-2-117M,attention,linear,other,0.3377324148694334
zhihan1996/DNABERT-2-117M,attention,linear,promoter,0.6267612256517628
zhihan1996/DNABERT-2-117M,attention,linear,regulatory,0.4008868238320627
zhihan1996/DNABERT-2-117M,attention,linear,splice-site,0.27851178731218157
zhihan1996/DNABERT-2-117M,max,linear,other,0.28975033759433544
zhihan1996/DNABERT-2-117M,max,linear,promoter,0.5824523783968252
zhihan1996/DNABERT-2-117M,max,linear,regulatory,0.35789735991576865
zhihan1996/DNABERT-2-117M,max,linear,splice-site,0.2024620559619505
zhihan1996/DNABERT-2-117M,mean,linear,other,0.337995911734361
zhihan1996/DNABERT-2-117M,mean,linear,promoter,0.6268493398161827
zhihan1996/DNABERT-2-117M,mean,linear,regulatory,0.3999687113719862
zhihan1996/DNABERT-2-117M,mean,linear,splice-site,0.2784727668173289
zhihan1996/DNABERT-2-117M,mean_max,linear,other,0.33017422837306576
zhihan1996/DNABERT-2-117M,mean_max,linear,promoter,0.6195869624271937
zhihan1996/DNABERT-2-117M,mean_max,linear,regulatory,0.3993322860550792
zhihan1996/DNABERT-2-117M,mean_max,linear,splice-site,0.27243486073807655
