dataset,metric_select,kmer_choice,kmer_col,fm_model,fm_col,feat_dim_fm,feat_dim_kmer,MCC,AUROC,F1,Accuracy
EMP/Yeast_H3,MCC,k=6,kmer_k6_MCC,InstaDeepAI/NTv3_650M_pre,fm_NTv3_650M_pre_MCC,1536,4096,0.7490448045526331,0.9428646019456025,0.8745098471398713,0.8746102449888642
EMP/Yeast_H3K14ac,MCC,k=6,kmer_k6_MCC,InstaDeepAI/NTv3_650M_pre,fm_NTv3_650M_pre_MCC,1536,4096,0.5054352587118421,0.8269632320166408,0.7526100507637195,0.75642965204236
EMP/Yeast_H3K36me3,MCC,k=6,kmer_k6_MCC,InstaDeepAI/NTv3_650M_pre,fm_NTv3_650M_pre_MCC,1536,4096,0.5483710635218488,0.8501225992662729,0.7725163188477323,0.7763019589106546
EMP/Yeast_H3K4me1,MCC,k=6,kmer_k6_MCC,InstaDeepAI/NTv3_650M_pre,fm_NTv3_650M_pre_MCC,1536,4096,0.45520879846206924,0.790084033088196,0.7262646037253543,0.7310606060606061
EMP/Yeast_H3K4me2,MCC,k=6,kmer_k6_MCC,InstaDeepAI/NTv3_650M_pre,fm_NTv3_650M_pre_MCC,1536,4096,0.33099674015716424,0.7405503930688377,0.6463726767795059,0.6865833785985878
EMP/Yeast_H3K4me3,MCC,k=6,kmer_k6_MCC,InstaDeepAI/NTv3_650M_pre,fm_NTv3_650M_pre_MCC,1536,4096,0.36394406946993874,0.7495038163875578,0.6807983467097516,0.6844202898550724
EMP/Yeast_H3K79me3,MCC,k=6,kmer_k6_MCC,InstaDeepAI/NTv3_650M_pre,fm_NTv3_650M_pre_MCC,1536,4096,0.6299455830272228,0.8887281428901015,0.8139353332540036,0.8157651410078595
EMP/Yeast_H3K9ac,MCC,k=6,kmer_k6_MCC,InstaDeepAI/NTv3_650M_pre,fm_NTv3_650M_pre_MCC,1536,4096,0.5202787743997492,0.8380329569461645,0.7594437353001313,0.7641271745650869
EMP/Yeast_H4,MCC,k=4,kmer_k4_MCC,InstaDeepAI/NTv3_650M_pre,fm_NTv3_650M_pre_MCC,1536,256,0.8166706181265103,0.9537727270424576,0.9082146614144446,0.9091531613786806
EMP/Yeast_H4ac,MCC,k=6,kmer_k6_MCC,InstaDeepAI/NTv3_650M_pre,fm_NTv3_650M_pre_MCC,1536,4096,0.4810884912528802,0.8117593321256957,0.7402981287848625,0.7427901065597811
deep4mc/A.thaliana_4mC,MCC,k=5,kmer_k5_MCC,InstaDeepAI/NTv3_650M_pre,fm_NTv3_650M_pre_MCC,1536,1024,0.18912584494714166,0.6315845189563318,0.5942331639816127,0.5944577631520169
deep4mc/C.elegans_4mC,MCC,k=6,kmer_k6_MCC,InstaDeepAI/NTv3_650M_pre,fm_NTv3_650M_pre_MCC,1536,4096,0.18254345707718622,0.6267235421754971,0.5912620841208607,0.5912687510302764
deep4mc/D.melanogaster_4mC,MCC,k=5,kmer_k5_MCC,InstaDeepAI/NTv3_650M_pre,fm_NTv3_650M_pre_MCC,1536,1024,0.205284379835523,0.6411123092005828,0.6024684880816956,0.6025830258302584
deep4mc/E.coli_4mC,MCC,k=4,kmer_k4_MCC,LongSafari/hyenadna-medium-160k-seqlen-hf,fm_hyenadna-medium-160k-seqlen-hf_MCC,256,256,0.004649747727041629,0.6378447119035483,0.45722627669192556,0.8317656543939801
deep4mc/G.pickeringii_4mC,MCC,k=4,kmer_k4_MCC,LongSafari/hyenadna-medium-160k-seqlen-hf,fm_hyenadna-medium-160k-seqlen-hf_MCC,256,256,0.0665494653369347,0.6427916346925586,0.4681711611318376,0.8337375109127947
deep4mc/G.subterraneus_4mC,MCC,k=5,kmer_k5_MCC,LongSafari/hyenadna-medium-160k-seqlen-hf,fm_hyenadna-medium-160k-seqlen-hf_MCC,256,1024,0.004602904008624897,0.6505111688358056,0.4553230828065517,0.8330213265793047
enhancers/enhancer,MCC,k=5,kmer_k5_MCC,LongSafari/hyenadna-medium-160k-seqlen-hf,fm_hyenadna-medium-160k-seqlen-hf_MCC,256,1024,0.5451703923755873,0.8362249999999999,0.7724644475699328,0.7725
enhancers/enhancer_strength,MCC,k=4,kmer_k4_MCC,LongSafari/hyenadna-medium-160k-seqlen-hf,fm_hyenadna-medium-160k-seqlen-hf_MCC,256,256,0.4866321433948286,0.8623583333333333,0.4982540089435757,0.6575
genomic_benchmark/coding,MCC,k=4,kmer_k4_MCC,InstaDeepAI/NTv3_650M_pre,fm_NTv3_650M_pre_MCC,1536,256,0.8695541265248694,0.9785838656,0.9344576165944263,0.93448
genomic_benchmark/enhancer_cohn,MCC,k=4,kmer_k4_MCC,InstaDeepAI/NTv3_650M_pre,fm_NTv3_650M_pre_MCC,1536,256,0.4833117765716842,0.8183534797023302,0.7416503420875142,0.7416522740356937
genomic_benchmark/enhancer_ensembl,MCC,k=4,kmer_k4_MCC,InstaDeepAI/NTv3_650M_pre,fm_NTv3_650M_pre_MCC,1536,256,0.6223679831971217,0.8986966669860497,0.8080449252162191,0.8087826929286406
genomic_benchmark/human_vs_worm,MCC,k=4,kmer_k4_MCC,InstaDeepAI/NTv3_650M_pre,fm_NTv3_650M_pre_MCC,1536,256,0.9070154267879174,0.9908056,0.9534365240551461,0.95344
genomic_benchmark/open_chromatin_region,MCC,k=6,kmer_k6_MCC,InstaDeepAI/NTv3_650M_pre,fm_NTv3_650M_pre_MCC,1536,4096,0.3565257609120173,0.7454768593213353,0.6742420717553286,0.6761558709086748
genomic_benchmark/promoter_notata_251bps,MCC,k=5,kmer_k5_MCC,InstaDeepAI/NTv3_650M_pre,fm_NTv3_650M_pre_MCC,1536,1024,0.7550201296237138,0.9495995655198831,0.8717010355481569,0.8717068851007306
genomic_benchmark/regulatory_region_type,MCC,k=4,kmer_k4_MCC,LongSafari/hyenadna-medium-160k-seqlen-hf,fm_hyenadna-medium-160k-seqlen-hf_MCC,256,256,0.7517146493923611,0.936606446917179,0.8291848368975169,0.8321695285291009
iDHS-EL/DNase_I,MCC,k=5,kmer_k5_MCC,InstaDeepAI/NTv3_650M_pre,fm_NTv3_650M_pre_MCC,1536,1024,0.63160056256292,0.8600922350922351,0.8153086419753086,0.8562091503267973
iDNA_ABF/5mC,MCC,k=4,kmer_k4_MCC,InstaDeepAI/NTv3_650M_pre,fm_NTv3_650M_pre_MCC,1536,256,0.4547168120351899,0.797129590715117,0.725800826401519,0.7263681592039801
iDNA_ABF/6mA,MCC,k=4,kmer_k4_MCC,InstaDeepAI/NTv3_650M_pre,fm_NTv3_650M_pre_MCC,1536,256,0.46673826403407487,0.8110173883540732,0.7324361896905907,0.7327758589347392
iPro-WAEL/Promoter_Arabidopsis_NonTATA,MCC,k=5,kmer_k5_MCC,InstaDeepAI/NTv3_650M_pre,fm_NTv3_650M_pre_MCC,1536,1024,0.8686492294103485,0.9817848507366616,0.9336232971739526,0.9336720293536551
iPro-WAEL/Promoter_Arabidopsis_TATA,MCC,k=4,kmer_k4_MCC,InstaDeepAI/NTv3_650M_pre,fm_NTv3_650M_pre_MCC,1536,256,0.8079744240324567,0.9699318959828425,0.9039465578315109,0.9131759329779132
iPro-WAEL/Promoter_B_amyloliquefaciens,MCC,k=4,kmer_k4_MCC,InstaDeepAI/NTv3_650M_pre,fm_NTv3_650M_pre_MCC,1536,256,0.641598846949209,0.8945640457660472,0.8207263520196226,0.8207547169811321
iPro-WAEL/Promoter_GM12878,MCC,k=4,kmer_k4_MCC,InstaDeepAI/NTv3_650M_pre,fm_NTv3_650M_pre_MCC,1536,256,0.8960002369587717,0.9859348099173554,0.947999993123966,0.948
iPro-WAEL/Promoter_HUVEC,MCC,k=4,kmer_k4_MCC,InstaDeepAI/NTv3_650M_pre,fm_NTv3_650M_pre_MCC,1536,256,0.9130476173144043,0.9904002598195927,0.9563994291863567,0.9564050972501676
iPro-WAEL/Promoter_Hela-S3,MCC,k=4,kmer_k4_MCC,InstaDeepAI/NTv3_650M_pre,fm_NTv3_650M_pre_MCC,1536,256,0.9048471556655651,0.9885616123068699,0.9523104111440304,0.952316076294278
iPro-WAEL/Promoter_NHEK,MCC,k=4,kmer_k4_MCC,InstaDeepAI/NTv3_650M_pre,fm_NTv3_650M_pre_MCC,1536,256,0.8216669356012052,0.9664341435579673,0.9104300269606452,0.9104696673189824
iPro-WAEL/Promoter_R_capsulatus,MCC,k=4,kmer_k4_MCC,InstaDeepAI/NTv3_650M_pre,fm_NTv3_650M_pre_MCC,1536,256,0.3969791182834767,0.7900389997086731,0.6964955431123205,0.6979527559055118
mouse/mouse_TFBS_1,MCC,k=5,kmer_k5_MCC,InstaDeepAI/NTv3_650M_pre,fm_NTv3_650M_pre_MCC,1536,1024,0.4945770203941586,0.8304387881251165,0.7436010891763104,0.7448559670781894
mouse/mouse_TFBS_2,MCC,k=5,kmer_k5_MCC,InstaDeepAI/NTv3_650M_pre,fm_NTv3_650M_pre_MCC,1536,1024,0.7815489176924033,0.9594990391775654,0.8863584513232705,0.8869174121484703
mouse/mouse_TFBS_3,MCC,k=5,kmer_k5_MCC,InstaDeepAI/NTv3_650M_pre,fm_NTv3_650M_pre_MCC,1536,1024,0.7551769087923121,0.9554108091997416,0.874404922046476,0.8748728382502543
mouse/mouse_TFBS_4,MCC,k=6,kmer_k6_MCC,InstaDeepAI/NTv3_650M_pre,fm_NTv3_650M_pre_MCC,1536,4096,0.6639984413113735,0.9072500508583321,0.8304295757946378,0.8307692307692308
mouse/mouse_TFBS_5,MCC,k=5,kmer_k5_MCC,InstaDeepAI/NTv3_650M_pre,fm_NTv3_650M_pre_MCC,1536,1024,0.3796674949579634,0.7642232281306288,0.6886876521826443,0.6892035398230089
prom/promoter_all_300bps,MCC,k=4,kmer_k4_MCC,InstaDeepAI/NTv3_650M_pre,fm_NTv3_650M_pre_MCC,1536,256,0.8179608780056697,0.9628733439769311,0.9086311449873932,0.9086660284925953
prom/promoter_all_70bps,MCC,k=4,kmer_k4_MCC,InstaDeepAI/NTv3_650M_pre,fm_NTv3_650M_pre_MCC,1536,256,0.6015336703929184,0.8800699963675804,0.8006301328491845,0.8006644518272426
prom/promoter_notata_300bps,MCC,k=4,kmer_k4_MCC,InstaDeepAI/NTv3_650M_pre,fm_NTv3_650M_pre_MCC,1536,256,0.9073570387185059,0.9885699224767053,0.9535093436874333,0.9535175879396985
prom/promoter_notata_70bps,MCC,k=4,kmer_k4_MCC,InstaDeepAI/NTv3_650M_pre,fm_NTv3_650M_pre_MCC,1536,256,0.649537181586597,0.9008321286078634,0.8247433887906981,0.824748743718593
prom/promoter_tata_300bps,MCC,k=5,kmer_k5_MCC,InstaDeepAI/NTv3_650M_pre,fm_NTv3_650M_pre_MCC,1536,1024,0.5271742244650167,0.8387021502835539,0.763586886692724,0.7635869565217391
prom/promoter_tata_70bps,MCC,k=6,kmer_k6_MCC,InstaDeepAI/NTv3_650M_pre,fm_NTv3_650M_pre_MCC,1536,4096,0.4539589175652851,0.8100939272211719,0.7264202561100372,0.7266304347826087
splice/acceptors,MCC,k=6,kmer_k6_MCC,InstaDeepAI/NTv3_650M_pre,fm_NTv3_650M_pre_MCC,1536,4096,0.7667601290868747,0.9368171879799787,0.8826115702598969,0.8827772768259693
splice/donors,MCC,k=6,kmer_k6_MCC,InstaDeepAI/NTv3_650M_pre,fm_NTv3_650M_pre_MCC,1536,4096,0.7650142344921362,0.9403087374351043,0.8822522454836206,0.8822815533980582
splice/splice_site_type_DNABERT,MCC,k=4,kmer_k4_MCC,InstaDeepAI/NTv3_650M_pre,fm_NTv3_650M_pre_MCC,1536,256,0.5647790721774893,0.8643301385728837,0.6942868704471624,0.7515890991451742
splice/splice_site_type_NT,MCC,k=4,kmer_k4_MCC,InstaDeepAI/NTv3_650M_pre,fm_NTv3_650M_pre_MCC,1536,256,0.5401781214941989,0.8492268876978671,0.6917186996588028,0.6927008110209977
tf/Human_TFBS_1,MCC,k=4,kmer_k4_MCC,InstaDeepAI/NTv3_650M_pre,fm_NTv3_650M_pre_MCC,1536,256,0.5794986131893493,0.8727852358570328,0.789025481182702,0.7892185379096374
tf/Human_TFBS_2,MCC,k=4,kmer_k4_MCC,InstaDeepAI/NTv3_650M_pre,fm_NTv3_650M_pre_MCC,1536,256,0.553846531718536,0.8613925652423181,0.7762929470074295,0.7764741889410325
tf/Human_TFBS_3,MCC,k=4,kmer_k4_MCC,InstaDeepAI/NTv3_650M_pre,fm_NTv3_650M_pre_MCC,1536,256,0.5143909917318321,0.8331153123473022,0.7569431341027455,0.7570226948103476
tf/Human_TFBS_4,MCC,k=5,kmer_k5_MCC,InstaDeepAI/NTv3_650M_pre,fm_NTv3_650M_pre_MCC,1536,1024,0.37386010808274517,0.7595438085754542,0.682865564431676,0.6847195357833655
tf/Human_TFBS_5,MCC,k=4,kmer_k4_MCC,InstaDeepAI/NTv3_650M_pre,fm_NTv3_650M_pre_MCC,1536,256,0.6996575984963845,0.9281666188108588,0.8491029998352371,0.8492302809077924
virus/covid_variants,MCC,k=6,kmer_k6_MCC,LongSafari/hyenadna-medium-160k-seqlen-hf,fm_hyenadna-medium-160k-seqlen-hf_MCC,256,4096,0.6593794910301731,0.9422003208753418,0.7049568160503734,0.6965564888549507
