dataset,n_train,n_test,n_classes,class_balance,seq_len_mean,seq_len_std,seq_len_min,seq_len_max,gc_content_mean,kmer_k4_AUROC,kmer_k4_Accuracy,kmer_k4_F1,kmer_k4_MCC,kmer_k5_AUROC,kmer_k5_Accuracy,kmer_k5_F1,kmer_k5_MCC,kmer_k6_AUROC,kmer_k6_Accuracy,kmer_k6_F1,kmer_k6_MCC,kmer_multi_k4_5_6_AUROC,kmer_multi_k4_5_6_Accuracy,kmer_multi_k4_5_6_F1,kmer_multi_k4_5_6_MCC,fm_NTv3_650M_pre_AUROC,fm_NTv3_650M_pre_Accuracy,fm_NTv3_650M_pre_F1,fm_NTv3_650M_pre_MCC,fm_hyenadna-medium-160k-seqlen-hf_AUROC,fm_hyenadna-medium-160k-seqlen-hf_Accuracy,fm_hyenadna-medium-160k-seqlen-hf_F1,fm_hyenadna-medium-160k-seqlen-hf_MCC,fm_DNABERT-2-117M_AUROC,fm_DNABERT-2-117M_Accuracy,fm_DNABERT-2-117M_F1,fm_DNABERT-2-117M_MCC
EMP/Yeast_H3,10475.0,4490.0,2.0,0.9519,500.0,2.3,290.0,500.0,0.3844,0.9111213023625174,0.8251670378619154,0.8248500928187916,0.6502389898680512,0.9018959698233076,0.8160356347438753,0.8157460577126388,0.6318674532287831,0.904206670637284,0.8300668151447661,0.8298257276803328,0.6599388038043943,0.8995844748858448,0.8040089086859689,0.8027968981736853,0.6103227536309774,0.9444018264840184,0.8775055679287305,0.8774423197253198,0.7548902158556319,0.8987361524717093,0.8211581291759465,0.8203615130693754,0.6436585652697211,0.8902912447885647,0.8151447661469933,0.8150377528062227,0.6300758293706441
EMP/Yeast_H3K14ac,23133.0,9915.0,2.0,0.7606,500.0,1.6,290.0,500.0,0.3811,0.7592120191746439,0.6912758446797781,0.6619566037625517,0.3633473065783845,0.7911868390226688,0.6960161371659103,0.6526601076923235,0.3864247241018781,0.8228181115085008,0.6921835602622289,0.6330929463240547,0.3976585207951492,0.772587855594528,0.6949067070095815,0.6593329524452467,0.3760312874377186,0.8271539304438265,0.7606656580937973,0.7565575429117047,0.5131740219570456,0.7048272321997113,0.653857791225416,0.6330506375601048,0.2806214951602538,0.730884638395984,0.6776601109430156,0.6591084831505784,0.3319182135282352
EMP/Yeast_H3K36me3,24415.0,10465.0,2.0,0.8463,500.0,1.1,310.0,500.0,0.3814,0.7833218141366582,0.7122790253225035,0.7059778863145578,0.4178110054905303,0.798614503977948,0.7240324892498805,0.7149401379307431,0.4437202686165719,0.8173964585311126,0.7298614429049212,0.7177243575293998,0.4596250565941954,0.797345847623831,0.7256569517439083,0.7180766382448587,0.4460077466711748,0.8492533265542199,0.7781175346392738,0.7744692952961457,0.5520223328286477,0.7389518325453055,0.6797897754419494,0.6721059028233436,0.3510467467975927,0.7587381124611963,0.6994744386048733,0.6956704661904489,0.3925002766284089
EMP/Yeast_H3K4me1,22173.0,9504.0,2.0,0.8346,500.0,1.6,290.0,500.0,0.382,0.7277531975612456,0.67003367003367,0.6553141529098615,0.3299346521568046,0.7500860332382072,0.6778198653198653,0.6579988086176656,0.3495853630264314,0.770539620828705,0.6845538720538721,0.6595002969170674,0.3697013732264936,0.7429227281331814,0.6710858585858586,0.6490794128002471,0.3360834784283057,0.7898250404494623,0.7323232323232324,0.7279129565470994,0.4579032056688147,0.696974996339011,0.6504629629629629,0.6379919260965401,0.2883595553577951,0.7036228610002893,0.6558291245791246,0.6473818392071202,0.3004060996199626
EMP/Yeast_H3K4me2,21478.0,9205.0,2.0,0.6912,500.0,1.6,290.0,500.0,0.3818,0.7137577169921949,0.6660510592069527,0.6091953937263697,0.2824098100137923,0.731294055849013,0.666376969038566,0.5895714368119462,0.2896240365970529,0.755549929612221,0.6596414991852254,0.5522545806230188,0.2925228640029574,0.724040300507419,0.6649646931015752,0.596269725003618,0.2821750957820748,0.7369366523664174,0.6850624660510592,0.6487410067799411,0.3277396382129183,0.6829658351893575,0.6592069527430744,0.6121599322767368,0.2662537329052003,0.6737833384757972,0.645844649646931,0.5736891555606471,0.2314040008195934
EMP/Yeast_H3K4me3,25759.0,11040.0,2.0,0.8771,500.0,1.5,290.0,500.0,0.3811,0.6926387699913372,0.6355072463768116,0.6157395438851525,0.2671023546531975,0.7359162116881766,0.657608695652174,0.6317406076964759,0.3223549350506919,0.792659076464501,0.6778079710144927,0.6448959540084898,0.3821194250634468,0.7182282551077075,0.6488224637681159,0.6251746760946301,0.2997788366837894,0.7487677273351858,0.6864130434782608,0.6830092714725595,0.3680509487028043,0.647089415950433,0.6056159420289855,0.5941961016750659,0.2014711558715121,0.6477904029188586,0.6110507246376812,0.596362472319705,0.2127708709055569
EMP/Yeast_H3K79me3,20185.0,8652.0,2.0,0.8802,500.0,1.2,310.0,500.0,0.3799,0.8564056422060189,0.78166897827092,0.7786707497407847,0.5617634092419973,0.8651960768533273,0.786754507628294,0.7830605371282557,0.5733300037492575,0.8710093840037343,0.7897595931576514,0.7850023227225792,0.5818747758543935,0.8641609928050606,0.7897595931576514,0.7864879317766964,0.5788114395608704,0.8887258894415203,0.8176144244105409,0.8158955513056626,0.6335808217713691,0.820788760656934,0.7541608876560333,0.7511544101369763,0.5055766150645019,0.8241314297058177,0.7597087378640777,0.7577448580889201,0.5165480503327811
EMP/Yeast_H3K9ac,19447.0,8335.0,2.0,0.8023,500.0,1.3,290.0,500.0,0.3815,0.7775453340132585,0.7026994601079785,0.694332521974355,0.3931747751902265,0.7967826327675384,0.7107378524295141,0.6958172352419967,0.4107064961888284,0.8267735703358344,0.7160167966406719,0.6897791415995569,0.433886777588675,0.7789890872004079,0.71373725254949,0.7060838092197828,0.4160982936238021,0.839200641072339,0.7654469106178764,0.7615017604383271,0.5235595339824798,0.7546028119763968,0.6928614277144571,0.6904012549242474,0.3813980991176015,0.7602695417789758,0.6931013797240552,0.682122673111244,0.3726320654954728
EMP/Yeast_H4,10220.0,4381.0,2.0,0.7979,500.0,1.6,310.0,500.0,0.3786,0.9208357185435104,0.8561972152476603,0.8539368048578821,0.7081212245762214,0.9162434501706376,0.8436430038803926,0.8401897390223089,0.6824589891710412,0.9171234449696126,0.8418169367724264,0.8375255408839575,0.6794565339985045,0.9083435496317912,0.8379365441679981,0.8364260051577836,0.6733116005861987,0.9536631762387472,0.9082401278246977,0.9073008230045456,0.8148623222454355,0.8976217132648082,0.8274366582971924,0.8256376790353068,0.6514773204899593,0.9123965072079786,0.8440995206573841,0.8405683124257348,0.6834460272042501
EMP/Yeast_H4ac,23866.0,10229.0,2.0,0.852,500.0,1.2,290.0,500.0,0.3806,0.7459935536737419,0.6811027470916023,0.6690380565292993,0.3557796212567258,0.7715162317393269,0.693811711799785,0.6777006016534545,0.3864459445429409,0.8118127732122649,0.7082803793137159,0.6854996740352263,0.4288807189345976,0.7477980848776806,0.6752370710724411,0.6611872117162627,0.3443420839698701,0.8113439613765223,0.7401505523511585,0.7378945365280323,0.4760383942206153,0.6969012018588725,0.6448333170397889,0.6334318310107145,0.2793311630119431,0.7186015148643554,0.6664385570436993,0.6567213334041502,0.3242398599832265
deep4mc/A.thaliana_4mC,156697.0,67157.0,2.0,1.0,41.0,0.0,41.0,41.0,0.4282,0.6363040471893684,0.5980612594368421,0.5980435311746923,0.1961400579652814,0.641110985294677,0.5997289932546124,0.597016253366424,0.2021958359642879,0.6374613073889168,0.5913903241657609,0.5813027595576797,0.1922746020527251,0.6417977748676276,0.6019774558124991,0.6012415555574369,0.204710346441115,0.6309507299775319,0.5958574683205027,0.5956157230467582,0.1919454364417682,0.5925033616074062,0.5669103741977753,0.566883804088678,0.1338374350161441,0.5735177894140862,0.553404708369939,0.5534002997692606,0.1068116293471023
deep4mc/C.elegans_4mC,84926.0,36398.0,2.0,1.0,41.0,0.0,41.0,41.0,0.415,0.64949669735022,0.6081103357327325,0.6081089679153788,0.216222180831382,0.6664435239639801,0.6185504698060333,0.6176605659783986,0.238212422449133,0.6735255227493737,0.6213528215836035,0.6163558541549762,0.2492864186727509,0.6700969836375661,0.6218198802131986,0.621077568428953,0.2445999915309422,0.628655882277077,0.5937414143634265,0.5937405529727418,0.1874836237704671,0.5968470644737948,0.5692895214022748,0.5692521561888464,0.1386030911357534,0.5806455045155141,0.5614868948843343,0.5614189602541602,0.1230119038788292
deep4mc/D.melanogaster_4mC,126466.0,54200.0,2.0,1.0,41.0,0.0,41.0,41.0,0.4617,0.6589830108522488,0.6144649446494465,0.6144643377960193,0.2289306099976899,0.6671457816478533,0.617970479704797,0.6169467227357095,0.2372123246116766,0.6614281041924811,0.6118450184501845,0.6082919801357348,0.2278619305122458,0.6688073787121636,0.6214206642066421,0.6209795633747652,0.2434085429787509,0.6402592067101482,0.6012730627306273,0.6011672071658161,0.2026537280551684,0.6108740989365613,0.5785239852398524,0.5784851862019679,0.1570768899533749,0.5866061205593606,0.5626752767527675,0.562296220994954,0.125568228808979
deep4mc/E.coli_4mC,8681.0,3721.0,2.0,0.2,41.0,0.0,41.0,41.0,0.506,0.6685262818445663,0.833378124160172,0.4545587804163002,0.0,0.6928748270589092,0.833378124160172,0.4545587804163002,0.0,0.6863134680800158,0.833378124160172,0.4545587804163002,0.0,0.6965515806555638,0.833378124160172,0.4545587804163002,0.0,0.6214618593377788,0.833378124160172,0.4545587804163002,0.0,0.6157779488406445,0.832303144316044,0.4573966300180034,0.010385982373169,0.5482019327792284,0.8328406342381081,0.4543988269794721,-0.0103692386576493
deep4mc/G.pickeringii_4mC,24053.0,10309.0,2.0,0.2,41.0,0.0,41.0,41.0,0.5803,0.6592439308592295,0.8334465030555825,0.4557316234369646,0.0228919456076237,0.6608807928919305,0.8333495004365118,0.4545502645502645,0.0,0.6676189677341896,0.8333495004365118,0.4545502645502645,0.0,0.668225702263882,0.833252497817441,0.4545214032488491,-0.0044045598464682,0.6545929770020851,0.8340285187700068,0.4655244348041858,0.0657643486241893,0.631338343223795,0.8339315161509361,0.4698824652854121,0.0726505617048337,0.5856864311935941,0.8331554951983704,0.4544925388930045,-0.0062292904365417
deep4mc/G.subterraneus_4mC,63567.0,27243.0,2.0,0.2,41.0,0.0,41.0,41.0,0.5433,0.6595846849016247,0.8331314466101384,0.4544853824589507,-0.0066371600682268,0.6731172654509554,0.8333516866718056,0.4545509149881872,0.0,0.6708106557362735,0.8333516866718056,0.4545509149881872,0.0,0.6767025879674735,0.833241566640972,0.4545181506917886,-0.0046929224498767,0.6345266912463392,0.833314979994861,0.4558468813837601,0.017289940495174,0.6063006577368241,0.8330947399331938,0.4570778154847489,0.0199660919190079,0.5630597539846565,0.8332048599640275,0.4545072283849265,-0.0054190195484109
enhancers/enhancer,14968.0,400.0,2.0,1.0,199.3,0.4,199.0,200.0,0.4401,0.8575999999999999,0.75,0.7479584635547938,0.5083022996014029,0.8575249999999999,0.7525,0.7487293701102165,0.5208746559314252,0.8262,0.72,0.7111540941328176,0.4697092511615889,0.8543,0.765,0.7644110275689223,0.5326700420873823,0.850875,0.7525,0.7519403153364779,0.5072943541423918,0.832475,0.765,0.7649941248531213,0.5300265019876657,0.83315,0.755,0.7542566262945409,0.5131137862772546
enhancers/enhancer_strength,14968.0,400.0,3.0,0.5,199.3,0.4,199.0,200.0,0.4401,0.8753694444444443,0.64,0.4948362467349809,0.473895749303635,0.8545416666666666,0.635,0.4855321918993177,0.4661662382004545,0.7864416666666666,0.6275,0.4759717712151388,0.4287374326540295,0.8615472222222221,0.6975,0.5957316773654032,0.5363831291467198,0.8601666666666666,0.685,0.5658971009662356,0.5192178681519504,0.8446972222222221,0.69,0.5816131662688943,0.5197416439608005,,,,
genomic_benchmark/coding,75000.0,25000.0,2.0,1.0,200.0,0.0,200.0,200.0,0.4697,0.9474391104,0.87372,0.8736948179801178,0.7477382191867453,0.9381893376,0.85784,0.8578130786695639,0.7159511643016548,0.9144225984,0.82712,0.8270853296402707,0.6545025154855207,0.946276544,0.87312,0.8731169783569694,0.7462755450551847,0.97852672,0.93376,0.9337351633030636,0.8681710417900512,0.9399808576,0.86252,0.8624824700358905,0.7254360662141138,,,,
genomic_benchmark/enhancer_cohn,20843.0,6948.0,2.0,0.9999,500.0,0.0,500.0,500.0,0.4303,0.7870252710405019,0.7040875071963155,0.7040539368062817,0.4082676478885972,0.7792106607220213,0.697754749568221,0.697542630262221,0.3960654262495107,0.7702378454770018,0.6878238341968912,0.6872676887633042,0.3769908999218447,0.7765093702076351,0.6967472654001151,0.6966753278451692,0.3936813088183461,0.8179598988323159,0.7390616004605642,0.7390615950552819,0.478123220729566,0.7933961438686398,0.7109959700633276,0.7109758295502051,0.42205076504349,,,,
genomic_benchmark/enhancer_ensembl,123872.0,30970.0,2.0,1.0,268.9,122.6,2.0,573.0,0.434,0.9358437451682022,0.844107200516629,0.8437396591533199,0.6914749372221595,0.9237011996881792,0.8381659670649015,0.8377350356831335,0.6799531158257769,0.8898803981771605,0.8082337746206005,0.8078989291529591,0.618627944227811,0.9224826383693993,0.8385211494995156,0.8380244481886066,0.6812332211457465,0.8988291480427955,0.8097836616080077,0.8090257703548085,0.6245442264098119,0.792525415191866,0.7185340652244108,0.7179862258879066,0.4387761862914956,,,,
genomic_benchmark/human_vs_worm,75000.0,25000.0,2.0,1.0,200.0,0.0,200.0,200.0,0.3711,0.9856814208,0.94028,0.9402798546650544,0.8805642858929225,0.9792732480000002,0.92632,0.926319354439656,0.8526549413739801,0.959867248,0.89028,0.8902330568056328,0.7812284901125139,0.9855670144,0.94088,0.9408797820592284,0.8817665011120253,0.9905636288,0.95228,0.9522761343668836,0.904706574338526,0.9491770496000002,0.87368,0.8736100823108776,0.7481882395308985,,,,
genomic_benchmark/open_chromatin_region,139804.0,34952.0,2.0,1.0,326.3,108.1,71.0,593.0,0.4166,0.7358937465217315,0.6707198443579766,0.6691429194476761,0.3447417055691516,0.7375677782684251,0.6711490043488212,0.6695728228395765,0.34561111052306,0.7411256576785998,0.6747253376058595,0.6734771523570391,0.3521533704456454,0.7441274266808624,0.6754119935912108,0.6740334266007064,0.353829560892561,0.743301001468921,0.6771000228885329,0.6755472067105228,0.3576398843866114,0.7115839580486565,0.654755092698558,0.6527665779808477,0.313117242348927,,,,
genomic_benchmark/promoter_notata_251bps,27097.0,9034.0,2.0,0.8381,251.0,0.0,251.0,251.0,0.5605,0.9770055497968994,0.8771308390524685,0.877120715190685,0.7709718857136543,0.9789033625036644,0.8841044941332743,0.8841021069647375,0.7835145339749172,0.9593065112496316,0.8722603497896834,0.8722129446766282,0.7647858884649208,0.9722308622647152,0.8761346026123533,0.8761214745161072,0.7693805905907788,0.9464682560557888,0.8693823334071287,0.8693757776403748,0.7502437008896053,0.9289783567552988,0.8439229577152978,0.8438935471038551,0.6971812124573378,,,,
genomic_benchmark/regulatory_region_type,150000.0,57713.0,3.0,0.8175,430.0,184.3,71.0,802.0,0.4611,0.971232488046906,0.8861781574342003,0.8848877588078553,0.8302014479728175,0.9667114456237343,0.8818463777658413,0.8812208460237047,0.8239442868325784,0.9469085807938264,0.8130230623949544,0.8146244292053764,0.7264651934699327,0.8942639996224463,0.7360213470102057,0.73629844658018,0.6092721328611319,0.8351098884988546,0.6636979536672847,0.660891340408508,0.4939675420989897,0.8950126583348114,0.7473879368599795,0.7371928212372696,0.6277014191186208,,,,
iDHS-EL/DNase_I,711.0,306.0,2.0,0.3799,242.6,12.1,220.0,275.0,0.5103,0.8533086658086658,0.8300653594771242,0.7744002722168661,0.5541318506816152,0.856123981123981,0.8464052287581699,0.7952069716775598,0.5968101769219415,0.857947232947233,0.8464052287581699,0.7952069716775598,0.5968101769219415,0.8532282282282282,0.8431372549019608,0.7935222672064777,0.5910240894493848,0.8472758472758473,0.8594771241830066,0.8187877869744253,0.6389314857477728,0.7990401115401117,0.8071895424836601,0.7382985200110166,0.4862053058802824,,,,
iDNA_ABF/5mC,3281.0,1407.0,2.0,1.0,41.0,0.0,41.0,41.0,0.5355,0.8165896159317212,0.7292110874200426,0.7248066572037999,0.4741182736614529,0.7832665201086254,0.697228144989339,0.696918119925729,0.3952028703016922,0.7120841684986422,0.6552949538024165,0.6514382618778237,0.3174979732177252,0.7925166494245441,0.7192608386638237,0.7188154087526872,0.4400001945285283,0.7921206194232511,0.7292110874200426,0.7287501549624674,0.4600748284171476,0.6925049301694038,0.6396588486140725,0.6395539729964483,0.279512072958448,,,,
iDNA_ABF/6mA,25668.0,11002.0,2.0,1.0,41.0,0.0,41.0,41.0,0.4884,0.8359695371610477,0.7587711325213597,0.7587461309646268,0.5176495660077043,0.8298362304670622,0.7452281403381203,0.7447839285194532,0.4921725576073377,0.8131903501804187,0.722323213961098,0.7178256353165126,0.4595367926555976,0.8410126618085106,0.7574986366115252,0.7574968335246921,0.5150049317252411,0.8025239812787422,0.7262315942555899,0.725828223538943,0.4538004517421886,0.7394699864687226,0.6746046173423014,0.6736851862143416,0.351193904475718,,,,
iPro-WAEL/Promoter_Arabidopsis_NonTATA,8267.0,3543.0,2.0,1.0,251.0,0.0,251.0,251.0,0.3743,0.9609213781605576,0.8955687270674569,0.8955650581147458,0.7911991840381203,0.9590410080644648,0.9026248941574936,0.9026169501247828,0.8053905478625556,0.9520809938907886,0.8890770533446232,0.8890747911606789,0.7781905225664866,0.9491904944599028,0.8825853796217894,0.8825775126975699,0.76526529049296,0.9814974259227864,0.934801016088061,0.9347589178547931,0.8707534943573685,0.9315876365267866,0.852102737792831,0.8520670887496111,0.7045303106245182,,,,
iPro-WAEL/Promoter_Arabidopsis_TATA,3063.0,1313.0,2.0,0.52,251.0,0.0,251.0,251.0,0.3709,0.9645856533036378,0.9055597867479056,0.8929268536494257,0.7875570194300952,0.9644193887651572,0.8918507235338918,0.8760339040749783,0.7559018149912003,0.9634527344716656,0.8895658796648895,0.8720335696373035,0.7508103188992693,0.9593102986059556,0.8796648895658796,0.8615444784375283,0.7277682547922706,0.9696290109708818,0.9154607768469156,0.9067164202987138,0.8136472308708954,0.9277303472737772,0.8644325971058644,0.8440184630498737,0.6926062281973004,,,,
iPro-WAEL/Promoter_B_amyloliquefaciens,1483.0,636.0,2.0,0.9915,40.0,0.0,40.0,40.0,0.3935,0.878029726175054,0.8066037735849056,0.8065229381169202,0.6135288988226918,0.8786131740553583,0.8034591194968553,0.803154967799124,0.6084191516409551,0.8609811813336233,0.7735849056603774,0.7735042735042735,0.5477589755066715,0.8805909634801182,0.8066037735849056,0.8065918199327022,0.6132195377619192,0.8934268168468102,0.8144654088050315,0.8144488948227266,0.6289622340583804,0.8625090236642504,0.779874213836478,0.7797958214624882,0.5603481780876542,,,,
iPro-WAEL/Promoter_GM12878,10992.0,2750.0,2.0,1.0,1622.9,647.6,102.0,2999.0,0.5194,0.9786512396694216,0.9370909090909092,0.9370909007723504,0.8741820493704899,0.975084429752066,0.9352727272727271,0.9352727272727271,0.8705454545454545,0.9736679669421489,0.9301818181818182,0.9301818181818182,0.8603636363636363,0.9757149090909092,0.9378181818181818,0.9378181735957916,0.8756365952097087,0.9861590743801654,0.9465454545454546,0.946545447477084,0.8930911452803341,0.9761139834710744,0.9243636363636364,0.924361075892288,0.8487847395039496,,,,
iPro-WAEL/Promoter_HUVEC,11928.0,2982.0,2.0,1.0,1323.2,588.5,101.0,2997.0,0.537,0.9816754315294854,0.9510395707578806,0.9510289089745014,0.902472192133314,0.9814482693163228,0.9483568075117372,0.9483410989446116,0.8972594628352032,0.9804208663561966,0.9473507712944332,0.9473328549304056,0.8953108855173527,0.9818549121691922,0.9510395707578806,0.9510210418316654,0.9027624370358904,0.990466159352718,0.9584171696847752,0.9584129606236302,0.9170199829724496,0.9817811406781848,0.942655935613682,0.9426558775751872,0.8853136632968016,,,,
iPro-WAEL/Promoter_Hela-S3,11736.0,2936.0,2.0,1.0,1165.2,535.1,101.0,2999.0,0.5446,0.9817394145030404,0.9386920980926432,0.9386697860962568,0.8780232803569717,0.9799032400567232,0.9369891008174388,0.936956270173419,0.8748898917318654,0.9767547832413932,0.9356267029972752,0.935589035705518,0.872274208715494,0.9801542813444304,0.9410762942779292,0.9410508479493986,0.8829151663096828,0.988331452457142,0.9543596730245232,0.9543528101359816,0.9089927146351158,0.978176113119854,0.9274523160762944,0.927449277733016,0.8549762460537971,,,,
iPro-WAEL/Promoter_NHEK,8170.0,2044.0,2.0,1.0,499.9,302.4,200.0,2400.0,0.5898,0.9407429888825488,0.8747553816046967,0.8745011358752379,0.7525661843691549,0.9358668969558176,0.8683953033268101,0.8680858465476766,0.7402719939039719,0.9337175102730152,0.8674168297455969,0.8671761981619364,0.7375107559353511,0.9388731660800932,0.8767123287671232,0.8764620556271874,0.7564960338958867,0.966128729592794,0.9045988258317026,0.904567555123622,0.809728479210133,0.92778635192114,0.8537181996086106,0.853627074234762,0.7083188855982293,,,,
iPro-WAEL/Promoter_R_capsulatus,7406.0,3175.0,2.0,0.9689,40.0,0.0,40.0,40.0,0.6478,0.7897321935331767,0.702992125984252,0.7029916545716632,0.4064053451604786,0.7786986814081809,0.6919685039370079,0.6910298507462687,0.3841810173182615,0.7598215681963052,0.68,0.6750722017006079,0.366185345859809,0.7812464030647278,0.7033070866141732,0.7031414392059554,0.4063633078554318,0.786945536148753,0.695748031496063,0.6942396770936514,0.3925980414606801,0.6911454070758316,0.6305511811023622,0.630508809541455,0.261053777917028,,,,
mouse/mouse_TFBS_1,5668.0,2430.0,2.0,1.0,101.0,0.0,101.0,101.0,0.5904,0.7903619028264661,0.7205761316872428,0.7204329132690882,0.4416049518270179,0.8294887296990636,0.7481481481481481,0.7470515197387444,0.5006563550661874,0.8287889718708192,0.7465020576131687,0.7452552756977535,0.4979019079262202,0.8356422632051348,0.7526748971193415,0.7520187119806767,0.5080456333865855,0.8235157242290301,0.7460905349794239,0.7446739595230971,0.4977350282999436,0.5894453758742739,0.5613168724279836,0.5610668137922059,0.1227737121125661,,,,
mouse/mouse_TFBS_2,47209.0,20233.0,2.0,1.0,101.0,0.0,101.0,101.0,0.3764,0.9254835858181694,0.8409528987297978,0.8409527584765975,0.6819068481034495,0.9321361775412724,0.8490584688380368,0.8490481851067946,0.6982134667906812,0.917240801405681,0.8252360005930905,0.8250826922231365,0.651620085254239,0.9388468579150238,0.8480205604705184,0.8471828864315509,0.7037870446911748,0.9591054433785056,0.8877576236840805,0.8872586786814696,0.7824600778603458,0.9032741108547588,0.8212820639549251,0.8204792968449419,0.6483780983939404,,,,
mouse/mouse_TFBS_3,2293.0,983.0,2.0,1.0,101.0,0.0,101.0,101.0,0.478,0.933489808421506,0.8402848423194303,0.8402524394649376,0.6808964187417977,0.960202341330949,0.8799593082400814,0.8798547410114268,0.7613526697459722,0.9588528471842764,0.873855544252289,0.8738449691991786,0.7478708514374496,0.9594406636530723,0.8789420142421159,0.8786763371303697,0.7610583597709173,0.9482700809696488,0.8626653102746694,0.8621855284679492,0.7302262775333672,0.9007542264832016,0.7894201424211598,0.7892238258360101,0.5798248609721258,,,,
mouse/mouse_TFBS_4,1667.0,715.0,2.0,1.0,101.0,0.0,101.0,101.0,0.4772,0.8235294117647058,0.7454545454545455,0.7450910487055726,0.4921598828379329,0.8720873824390092,0.8097902097902098,0.8087393001007049,0.6261643186147426,0.8875717884919332,0.8321678321678322,0.8317171907362079,0.6676825915302869,0.8790901835594572,0.813986013986014,0.8126668308298448,0.6366190030459526,0.8087609345414144,0.7384615384615385,0.7357822785110297,0.4864725645678073,0.5877032377196689,0.5552447552447553,0.5549304707319365,0.110565383046915,,,,
mouse/mouse_TFBS_5,13180.0,5650.0,2.0,1.0,101.0,0.0,101.0,101.0,0.6212,0.7621672488057013,0.6934513274336284,0.6934094914792038,0.3870082880854226,0.7690893883624403,0.6957522123893806,0.6956766999809084,0.3916988592317517,0.7541373012765291,0.6833628318584071,0.6829454391755455,0.3676950603017631,0.7718782676795364,0.6982300884955752,0.6980916206255017,0.396824344731457,0.759304189834756,0.6861946902654867,0.6856508753886237,0.3736845519231785,0.6208739290469105,0.5900884955752213,0.589814597477009,0.1804180978059844,,,,
prom/promoter_all_300bps,41437.0,17759.0,2.0,1.0,300.0,0.0,300.0,300.0,0.5781,0.948332479765496,0.8804549805732305,0.8804007960977009,0.7615961382717149,0.9382166862492632,0.8645193986147869,0.8644199384979987,0.7301055046732726,0.910734630198393,0.818176699138465,0.817135576708742,0.6437114143591518,0.9365243263028769,0.8633932090770877,0.8633757072645772,0.7269704983874363,0.9624411951370224,0.9078213863393207,0.9077817881507304,0.8163483946320028,0.938617469958978,0.8673911819359198,0.8673845062123888,0.7348549704779673,,,,
prom/promoter_all_70bps,41437.0,17759.0,2.0,1.0,70.0,0.0,70.0,70.0,0.5855,0.8660280951917115,0.7788726842727631,0.7784880716416828,0.5596850011280262,0.8396169687256803,0.7624303170223549,0.7621660272911592,0.5260252842561606,0.7657850629940675,0.7019539388479081,0.7012983262437975,0.4056852382609066,0.8574407334747745,0.7670476941269215,0.7665253444854685,0.5364931681025037,0.8794773184322965,0.7994819528126583,0.7994488962466528,0.5991591479862485,0.8311947019944824,0.7528013964750268,0.7524416322843759,0.5070722748004998,,,,
prom/promoter_notata_300bps,37146.0,15920.0,2.0,1.0,300.0,0.0,300.0,300.0,0.5835,0.9792976660942908,0.9258793969849246,0.9257358185046908,0.8550715120202524,0.9720564032473926,0.91143216080402,0.9112778194738403,0.8257422634928858,0.9459342882755488,0.8645728643216081,0.8639606253009444,0.7357986627015785,0.9693318192722408,0.9055276381909548,0.9053850608411746,0.8135107770802383,0.988710812226964,0.9539572864321608,0.9539488873675798,0.9082459354591892,0.9652670229287138,0.9027010050251256,0.9026060848621869,0.8069765055398188,,,,
prom/promoter_notata_70bps,37146.0,15920.0,2.0,1.0,70.0,0.0,70.0,70.0,0.5952,0.8910589852528976,0.8092964824120603,0.8091819673794476,0.6193367727750063,0.8558095281684805,0.7712311557788945,0.7710837368500547,0.5431623408298308,0.7792304802909017,0.707035175879397,0.706634976086352,0.415204721077309,0.8742801475972829,0.7829145728643216,0.7825107416201749,0.567942171849715,0.9006207071791117,0.8253140703517587,0.8253055777869558,0.6506914089814118,0.8507645798085908,0.7714824120603015,0.7713093066724532,0.5437886802211586,,,,
prom/promoter_tata_300bps,4290.0,1840.0,2.0,1.0,300.0,0.0,300.0,300.0,0.5319,0.7837127835538753,0.7195652173913043,0.7195092120236672,0.4393059015294429,0.7931161389413989,0.7331521739130434,0.7330555863342567,0.4666421571512529,0.7796047967863894,0.720108695652174,0.7200186378475354,0.440500862381152,0.7864951559546314,0.7288043478260869,0.7286272854659719,0.4582070183025424,0.8397300330812855,0.7625,0.762479724905629,0.525089652567045,0.8064656190926275,0.7326086956521739,0.73260585237792,0.4652272851845217,,,,
prom/promoter_tata_70bps,4290.0,1840.0,2.0,1.0,70.0,0.0,70.0,70.0,0.5023,0.8261501654064273,0.7478260869565218,0.7478248952027184,0.4956568587826203,0.8353845699432891,0.7532608695652174,0.7532562052212707,0.5065408903767932,0.8481870274102079,0.7722826086956521,0.7722405630765368,0.5447663881557602,0.841608577504726,0.7657608695652174,0.7657453014806337,0.5315924008980265,0.8108973298676749,0.7336956521739131,0.7334487521522772,0.4682595845841795,0.7784481332703215,0.7065217391304348,0.7059934026055802,0.4145360265275025,,,,
splice/acceptors,15525.0,6654.0,2.0,0.984,600.0,0.0,600.0,600.0,0.4357,0.8327134493413564,0.7596934174932372,0.7583561429912604,0.5234672000959323,0.8407523355197773,0.7667568379921852,0.7650447891129024,0.5393905300222336,0.8443989989338826,0.7712654042681094,0.7698270689542317,0.5475248940925188,0.844919408756618,0.7711151187255786,0.7694882553570046,0.5480017222950074,0.9388951681393544,0.8842801322512774,0.8840949069968619,0.7699919062014157,0.7892826746896514,0.7144574691914638,0.7116549109621128,0.4352440444520017,,,,
splice/donors,15381.0,6592.0,2.0,0.9975,600.0,0.0,600.0,600.0,0.4357,0.8385713759711328,0.7630461165048543,0.7626712137744545,0.5279125486071893,0.8444515630177842,0.7721480582524272,0.7717708281469269,0.5462599307924165,0.8473942339555948,0.7759405339805825,0.7755994543704812,0.5537163620766578,0.8457858352663943,0.7706310679611651,0.7701550283199626,0.5436919814054072,0.9408655510143968,0.8845570388349514,0.8845266149230204,0.769592055733883,0.8023597150115984,0.7198118932038835,0.7171204257148676,0.4485900251385795,,,,
splice/splice_site_type_DNABERT,31933.0,13687.0,3.0,0.3903,400.0,0.0,400.0,400.0,0.472,0.7846815772373908,0.5991086432381092,0.3614274084198316,0.2268994143841081,0.8031703673892284,0.5969167823482137,0.3507877396028787,0.2238488726192558,0.7918899824534565,0.5823043764155769,0.3048975187539017,0.1746790294495853,0.7827699302041505,0.5959669759625923,0.3480459858642443,0.2200931558326996,0.8645906838177405,0.7525389055307956,0.6960494143600607,0.566486674087751,0.7674596173026003,0.6146708555563674,0.4284146263788361,0.2633308168578648,,,,
splice/splice_site_type_NT,20999.0,9001.0,3.0,1.0,400.0,0.0,400.0,400.0,0.4679,0.6895744259680664,0.4808354627263637,0.4781310635180395,0.2218988263621867,0.6819243522663411,0.4746139317853571,0.4724065749694082,0.2122215882743552,0.6739401405194855,0.4687256971447617,0.4663900978985283,0.2033679696557003,0.687456506264716,0.4806132651927564,0.4800715432498952,0.2211503685553424,0.8516500210367027,0.6947005888234641,0.6937340273288569,0.5431944651785678,0.7465848023441168,0.5591600933229641,0.557239325155621,0.3414893308223501,,,,
tf/Human_TFBS_1,24064.0,10314.0,2.0,1.0,101.0,0.0,101.0,101.0,0.6622,0.8632148143786369,0.7853403141361257,0.7851149707378695,0.5718813178307669,0.8528724330973498,0.7731239092495636,0.772996864343985,0.5468602746952076,0.8319721384553712,0.753248012410316,0.7532018885335349,0.5066854482025854,0.8573364138026413,0.7770990886174132,0.7768347083102582,0.5555159617746263,0.8727935834009316,0.7897033158813264,0.7895168326150603,0.5804360507117924,0.8308631935695034,0.7519875896839248,0.7512437523866096,0.5070164882808926,,,,
tf/Human_TFBS_2,22870.0,9802.0,2.0,1.0,101.0,0.0,101.0,101.0,0.6524,0.8435005768782181,0.7639257294429708,0.7637956783174744,0.5284336774836105,0.8361421895210539,0.757906549683738,0.7578564446055902,0.5160266991915382,0.8200821064254444,0.746684350132626,0.7464962550223073,0.4941024749915352,0.8412299502398043,0.7661701693531933,0.7659873125455605,0.5331742322898274,0.859817448112913,0.7736176290552949,0.7734444545792527,0.5480737725548114,0.821862491700077,0.7411752703529891,0.740172294106543,0.4861181272538954,,,,
tf/Human_TFBS_3,14699.0,6301.0,2.0,1.0,101.0,0.0,101.0,101.0,0.673,0.8296099499780871,0.7568639898428821,0.7565910402117298,0.5149002093064681,0.8338162236226341,0.7546421202983653,0.7544857868424582,0.5099462178852662,0.8169219144338155,0.7384542136168862,0.7384441934577095,0.4769421072972115,0.8325402366595639,0.7546421202983653,0.7544394935800094,0.5101406467002811,0.8320117070418562,0.7514680209490557,0.7513670149364751,0.5033548376821587,0.7890177469485626,0.7184573877162355,0.718135294969654,0.4379322663622323,,,,
tf/Human_TFBS_4,20505.0,8789.0,2.0,1.0,101.0,0.0,101.0,101.0,0.4748,0.7652811285220358,0.688360450563204,0.6882545370822744,0.3769829376565057,0.7787922614507424,0.6974627375128001,0.6973385956898412,0.395256300350038,0.7710815192710299,0.6932529297986119,0.6925407504622696,0.3883242687504333,0.7769442040884171,0.6995107520764592,0.6993324997919386,0.3995032554508381,0.7578731054809977,0.6880191148025941,0.6862659876592647,0.3803364174443229,0.7235285680183392,0.6560473318921379,0.6512577222413138,0.3210739536880829,,,,
tf/Human_TFBS_5,14699.0,6301.0,2.0,1.0,101.0,0.0,101.0,101.0,0.624,0.93781052122531,0.8555784796064116,0.8555269494089464,0.7116751234762081,0.9271174180028512,0.8436756070465006,0.8436188881425994,0.687860613233612,0.908948633087002,0.8228852563085225,0.8228836458597801,0.6457807226181479,0.9288475817704632,0.8457387716235518,0.8456908845188293,0.6919166302828959,0.929132197891322,0.8449452467862244,0.8448157761192566,0.6910601214565487,0.9162090140192328,0.8233613712109189,0.8229864123329653,0.6495043991738318,,,,
virus/covid_variants,64168.0,27501.0,9.0,0.6325,999.0,0.0,999.0,999.0,0.382,0.9370882484054656,0.6940111268681138,0.7000633344071719,0.65530456624256,0.943608224953558,0.7077560815970328,0.7123065226875385,0.6707202293146162,0.9442972776187564,0.7077924439111305,0.7176713423841289,0.6727182149074552,0.928733240821226,0.6452856259772372,0.6668870674527129,0.6114731942964609,0.8356839311738807,0.5112904985273263,0.5139741304156256,0.447980785693265,0.8647613906662639,0.5667793898403695,0.568135865400936,0.5110222240348212,,,,
