dataset,method,params_M,GFLOPS_per_seq,GFLOPS_total,AUROC,emissions_kg_CO2,energy_kWh,duration_sec,n_sequences,seq_len_mean
EMP/Yeast_H3,fm_NTv3_650M_pre,651.83,3.664685,54842.0052,0.944402,0.00693426,0.02096729,378.514,14965,500.0
EMP/Yeast_H3K14ac,fm_NTv3_650M_pre,651.83,3.664685,121110.4971,0.827154,0.01581345,0.04781551,860.9132,33048,500.0
EMP/Yeast_H3K36me3,fm_NTv3_650M_pre,651.83,3.664685,127824.1993,0.849253,0.01837362,0.05555675,883.601,34880,500.0
EMP/Yeast_H3K4me1,fm_NTv3_650M_pre,651.83,3.664685,116086.2145,0.789825,0.01516329,0.0458496,800.0955,31677,500.0
EMP/Yeast_H3K4me2,fm_NTv3_650M_pre,651.83,3.664685,112443.5179,0.736937,0.01420752,0.04295963,774.8452,30683,500.0
EMP/Yeast_H3K4me3,fm_NTv3_650M_pre,651.83,3.664685,134856.729,0.748768,0.01697799,0.05133675,932.8039,36799,500.0
EMP/Yeast_H3K79me3,fm_NTv3_650M_pre,651.83,3.664685,105678.5102,0.888726,0.01323434,0.04001699,728.1492,28837,500.0
EMP/Yeast_H3K9ac,fm_NTv3_650M_pre,651.83,3.664685,101812.2679,0.839201,0.01301573,0.03935597,700.7678,27782,500.0
EMP/Yeast_H4,fm_NTv3_650M_pre,651.83,3.664685,53508.06,0.953663,0.0069023,0.02087065,367.8053,14601,500.0
EMP/Yeast_H4ac,fm_NTv3_650M_pre,651.83,3.664685,124947.4218,0.811344,0.01578084,0.0477169,857.9778,34095,500.0
deep4mc/A.thaliana_4mC,fm_NTv3_650M_pre,651.83,0.91595,205039.0644,0.630951,0.11083547,0.33513587,5618.598,223854,41.0
deep4mc/C.elegans_4mC,fm_NTv3_650M_pre,651.83,0.91595,111126.714,0.628656,0.05290661,0.159975,3015.0903,121324,41.0
deep4mc/D.melanogaster_4mC,fm_NTv3_650M_pre,651.83,0.91595,165481.0171,0.640259,0.09105612,0.27532859,4539.4151,180666,41.0
deep4mc/E.coli_4mC,fm_NTv3_650M_pre,651.83,0.91595,11359.6115,0.621462,0.00589124,0.01781348,311.9406,12402,41.0
deep4mc/G.pickeringii_4mC,fm_NTv3_650M_pre,651.83,0.91595,31473.8728,0.654593,0.01445063,0.04369471,854.9808,34362,41.0
deep4mc/G.subterraneus_4mC,fm_NTv3_650M_pre,651.83,0.91595,83177.4167,0.634527,0.04007169,0.12116574,2281.4736,90810,41.0
enhancers/enhancer,fm_NTv3_650M_pre,651.83,1.832047,28154.9044,0.850875,0.00662608,0.02003543,384.7476,15368,200.0
enhancers/enhancer_strength,fm_NTv3_650M_pre,651.83,1.832047,28154.9044,0.860167,0.00682421,0.02063453,384.2562,15368,200.0
genomic_benchmark/coding,fm_NTv3_650M_pre,651.83,1.832047,183204.7394,0.978527,0.04832926,0.14613436,2525.2794,100000,200.0
genomic_benchmark/enhancer_cohn,fm_NTv3_650M_pre,651.83,3.664685,101845.2501,0.81796,0.01366591,0.04132194,702.9626,27791,500.0
genomic_benchmark/enhancer_ensembl,fm_NTv3_650M_pre,651.83,4.581224,709365.9496,0.898829,0.07277335,0.22004653,3939.0086,154842,267.41
genomic_benchmark/human_vs_worm,fm_NTv3_650M_pre,651.83,1.832047,183204.7394,0.990564,0.04445645,0.13442405,2505.4894,100000,200.0
genomic_benchmark/open_chromatin_region,fm_NTv3_650M_pre,651.83,3.664685,640425.6241,0.743301,0.09072629,0.27433128,4407.4764,174756,321.82
genomic_benchmark/promoter_notata_251bps,fm_NTv3_650M_pre,651.83,1.832047,66193.7044,0.946468,0.01600244,0.04838696,900.8714,36131,251.0
genomic_benchmark/regulatory_region_type,fm_NTv3_650M_pre,651.83,6.414746,1332426.211,0.83511,0.10790909,0.32628731,5343.3346,207713,427.64
iDHS-EL/DNase_I,fm_NTv3_650M_pre,651.83,2.748292,2795.0132,0.847276,0.00045784,0.00138437,25.5043,1017,242.48
iDNA_ABF/5mC,fm_NTv3_650M_pre,651.83,0.91595,4293.9735,0.792121,0.00205012,0.00619898,116.7284,4688,41.0
iDNA_ABF/6mA,fm_NTv3_650M_pre,651.83,0.91595,33587.8854,0.802524,0.01609762,0.04867476,917.1718,36670,41.0
iPro-WAEL/Promoter_Arabidopsis_NonTATA,fm_NTv3_650M_pre,651.83,1.832047,21636.4797,0.981497,0.00602063,0.01820474,302.362,11810,251.0
iPro-WAEL/Promoter_Arabidopsis_TATA,fm_NTv3_650M_pre,651.83,1.832047,8017.0394,0.969629,0.00195533,0.00591238,109.8047,4376,251.0
iPro-WAEL/Promoter_B_amyloliquefaciens,fm_NTv3_650M_pre,651.83,0.91595,1940.898,0.893427,0.00106391,0.00321697,52.7721,2119,40.0
iPro-WAEL/Promoter_GM12878,fm_NTv3_650M_pre,651.83,19.265915,264752.2055,0.986159,0.00973253,0.02942848,384.6284,13742,1644.22
iPro-WAEL/Promoter_HUVEC,fm_NTv3_650M_pre,651.83,19.265915,287254.7943,0.990466,0.01019853,0.03083754,416.4452,14910,1338.45
iPro-WAEL/Promoter_Hela-S3,fm_NTv3_650M_pre,651.83,16.50966,242229.7346,0.988331,0.00970568,0.02934729,408.8324,14672,1183.47
iPro-WAEL/Promoter_NHEK,fm_NTv3_650M_pre,651.83,13.754732,140490.8369,0.966129,0.00647585,0.01958117,279.3554,10214,481.6
iPro-WAEL/Promoter_R_capsulatus,fm_NTv3_650M_pre,651.83,0.91595,9691.6666,0.786946,0.00476253,0.01440057,264.2878,10581,40.0
mouse/mouse_TFBS_1,fm_NTv3_650M_pre,651.83,0.91595,7417.3628,0.823516,0.00381807,0.01154478,202.7619,8098,101.0
mouse/mouse_TFBS_2,fm_NTv3_650M_pre,651.83,0.91595,61773.4978,0.959105,0.02964149,0.08962767,1693.0811,67442,101.0
mouse/mouse_TFBS_3,fm_NTv3_650M_pre,651.83,0.91595,3000.6521,0.94827,0.00143737,0.00434621,84.0078,3276,101.0
mouse/mouse_TFBS_4,fm_NTv3_650M_pre,651.83,0.91595,2181.7928,0.808761,0.00104309,0.00315401,59.1794,2382,101.0
mouse/mouse_TFBS_5,fm_NTv3_650M_pre,651.83,0.91595,17247.3379,0.759304,0.00887678,0.02684093,470.188,18830,101.0
prom/promoter_all_300bps,fm_NTv3_650M_pre,651.83,2.748292,162687.9095,0.962441,0.02745501,0.08301637,1486.157,59196,300.0
prom/promoter_all_70bps,fm_NTv3_650M_pre,651.83,0.91595,54220.5744,0.879477,0.02497929,0.07553049,1474.5922,59196,70.0
prom/promoter_notata_300bps,fm_NTv3_650M_pre,651.83,2.748292,145840.8779,0.988711,0.02402488,0.07264462,1332.0047,53066,300.0
prom/promoter_notata_70bps,fm_NTv3_650M_pre,651.83,0.91595,48605.8011,0.900621,0.02326467,0.07034594,1325.5657,53066,70.0
prom/promoter_tata_300bps,fm_NTv3_650M_pre,651.83,2.748292,16847.0316,0.83973,0.00276855,0.00837132,153.9731,6130,300.0
prom/promoter_tata_70bps,fm_NTv3_650M_pre,651.83,0.91595,5614.7733,0.810897,0.00273583,0.00827239,154.0181,6130,70.0
splice/acceptors,fm_NTv3_650M_pre,651.83,4.581224,101606.9761,0.938895,0.01051082,0.03178182,562.5174,22179,600.0
splice/donors,fm_NTv3_650M_pre,651.83,4.581224,100663.2439,0.940866,0.01054805,0.0318944,556.8538,21973,600.0
splice/splice_site_type_DNABERT,fm_NTv3_650M_pre,651.83,3.664685,167182.912,0.864591,0.02106986,0.06370944,1153.549,45620,400.0
splice/splice_site_type_NT,fm_NTv3_650M_pre,651.83,3.664685,109940.5384,0.85165,0.01391572,0.04207731,780.2337,30000,400.0
tf/Human_TFBS_1,fm_NTv3_650M_pre,651.83,0.91595,31488.528,0.872794,0.01545771,0.04673987,858.3422,34378,101.0
tf/Human_TFBS_2,fm_NTv3_650M_pre,651.83,0.91595,29925.9174,0.859817,0.01584206,0.04790202,813.3466,32672,101.0
tf/Human_TFBS_3,fm_NTv3_650M_pre,651.83,0.91595,19234.9493,0.832012,0.00934353,0.02825226,530.4725,21000,101.0
tf/Human_TFBS_4,fm_NTv3_650M_pre,651.83,0.91595,26831.8384,0.757873,0.01284459,0.03883851,731.2948,29294,101.0
tf/Human_TFBS_5,fm_NTv3_650M_pre,651.83,0.91595,19234.9493,0.929132,0.00917571,0.02774481,525.0555,21000,101.0
