dataset,n_train,n_test,n_classes,entropy_k4,perplexity_k4,mi_k4_mean,mi_k4_median,jsd_k4,entropy_k5,perplexity_k5,mi_k5_mean,mi_k5_median,jsd_k5,entropy_k6,perplexity_k6,mi_k6_mean,mi_k6_median,jsd_k6,mi_fm_NTv3_650M_pre_mean,mi_fm_NTv3_650M_pre_median,mi_fm_hyenadna-medium-160k-seqlen-hf_mean,mi_fm_hyenadna-medium-160k-seqlen-hf_median,mi_fm_DNABERT-2-117M_mean,mi_fm_DNABERT-2-117M_median
EMP/Yeast_H3,10475,4490,2,7.304792404174805,158.11083984375,0.010906963809781591,0.007235639418311179,0.010465364903211594,8.300901412963867,315.3699645996094,0.005564857460606128,0.0030109884303430867,0.013876693323254585,8.730794906616211,424.84564208984375,0.0037260326092834507,0.0011469171923947918,0.01821245439350605,0.05606736633368616,0.049209865528437424,0.055982854469721954,0.049463302321176905,0.008796075152235251,0.00586385690056479
EMP/Yeast_H3K14ac,23133,9915,2,7.308696746826172,158.539306640625,0.0037441428347254734,0.0014248385451307577,0.0012786037987098098,8.309266090393066,317.2037658691406,0.0028895654816119562,0.00039717883497936146,0.002215918619185686,8.739041328430176,427.281005859375,0.0028789873443921077,0.00014037430761315584,0.004026917740702629,0.028580390937525246,0.024298762209802316,0.028493065067985004,0.024202707271920865,0.002769179207491958,0.0018285103552916349
EMP/Yeast_H3K36me3,24415,10465,2,7.304200172424316,158.0459442138672,0.0044329857472354284,0.0022205142424051028,0.0021243025548756123,8.30459213256836,316.1777648925781,0.003508634732063812,0.0011528263754781998,0.0034341251011937857,8.735389709472656,426.20086669921875,0.0031593195616025165,0.0005373917383058036,0.005633830092847347,0.05884696953250947,0.05364034794415529,0.05883474047724659,0.053166486803459256,0.005777663738121246,0.004610720315234018
EMP/Yeast_H3K4me1,22173,9504,2,7.306312561035156,158.27752685546875,0.0037688996874555257,0.0004675054557032876,0.0013242349959909916,8.307053565979004,316.7176818847656,0.0031489626497004457,0.0006477415714295498,0.002168054459616542,8.737798690795898,426.9131164550781,0.002926867617852262,0.0004005264375595008,0.0038087840657681227,0.02852704474213953,0.02456148347025211,0.02856094659643749,0.024421594729649554,0.0031874988438390893,0.0023916983096246014
EMP/Yeast_H3K4me2,21478,9205,2,7.3049750328063965,158.13084411621094,0.0043471859979446505,0.0019652480055241117,0.001979541964828968,8.30592155456543,316.4692687988281,0.0032776768513563667,0.0010250586240195814,0.0027401200495660305,8.73744010925293,426.8070373535156,0.002881748190555227,0.00038906350232059683,0.00432959757745266,0.004557684539544782,0.004002145325606166,0.004557684539544782,0.004002145325606166,0.0020498018982286217,0.0009088676132195106
EMP/Yeast_H3K4me3,25759,11040,2,7.307374954223633,158.3941192626953,0.0034145601670095265,0.0013453450091156505,0.0006890709046274424,8.307360649108887,316.78509521484375,0.0031959776275358046,0.0010030353053873675,0.0012294286862015724,8.737290382385254,426.7627258300781,0.002896193726534136,7.892582615376398e-05,0.0025941624771803617,0.007100833801632738,0.006155135444760318,0.007100833801632738,0.006155135444760318,0.0016465533995376838,0.0005905183839910455
EMP/Yeast_H3K79me3,20185,8652,2,7.300765037536621,157.67007446289062,0.005670593553254698,0.0034742305358058667,0.0036175858695060015,8.302700996398926,315.7635803222656,0.003816430236896594,0.0010575719430722108,0.005643321201205254,8.735027313232422,426.09381103515625,0.0030745791138187028,0.0002678977873981081,0.0086048049852252,0.0691659600263289,0.0610965259567503,0.0691659600263289,0.0610965259567503,0.006489487556304064,0.0045199028720908085
EMP/Yeast_H3K9ac,19447,8335,2,7.3097147941589355,158.65121459960938,0.0047507037716859055,0.0025094814506506635,0.003236912190914154,8.309361457824707,317.2247314453125,0.0035668268999869777,0.0012512887375105697,0.004570299759507179,8.73888874053955,427.2358093261719,0.0030223831774325582,0.0005038464102935514,0.006785206496715546,0.012082865957248385,0.010345659886875302,0.012082865957248385,0.010345659886875302,0.003021239796007359,0.0019972816140765293
EMP/Yeast_H4,10220,4381,2,7.2884111404418945,156.32569885253906,0.007936267895690165,0.004663958737572749,0.007860304787755013,8.286406517028809,312.2172546386719,0.004994513175639621,0.0023143622568935207,0.01153548527508974,8.721366882324219,422.07830810546875,0.003438660267724807,0.0008006547092997973,0.0162565466016531,0.11676318343672827,0.10152996517075674,0.11676318343672827,0.10152996517075674,0.011666085903077708,0.007971778202416124
EMP/Yeast_H4ac,23866,10229,2,7.306620121002197,158.31126403808594,0.003973251725196944,0.0011045844941997007,0.001752318348735571,8.307135581970215,316.7356872558594,0.003224364509302119,0.0007842639391321127,0.0026394501328468323,8.737654685974121,426.8705139160156,0.002856212599614825,6.687902298729842e-05,0.0043775709345936775,0.010421365893787978,0.0092168661460309,0.010421365893787978,0.0092168661460309,0.002279677484385889,0.001503609493537561
deep4mc/A.thaliana_4mC,156697,67157,2,5.140144348144531,35.26449203491211,0.0030061980274132564,0.0,0.0029846513643860817,5.283893585205078,38.9592399597168,0.0024142747527988446,0.0,0.0070122005417943,5.330760955810547,40.24565124511719,0.0028024402338988758,2.4443027242138093e-05,0.019397810101509094,0.001130097972406409,0.0007708377180469794,0.001130097972406409,0.0007708377180469794,0.0005833313997999464,0.00010767620783458387
deep4mc/C.elegans_4mC,84926,36398,2,5.121553897857666,34.812992095947266,0.0029538029042777995,0.0007539840201841175,0.004242422990500927,5.2761945724487305,38.75188446044922,0.002974216804860103,0.0001409725336259937,0.008986545726656914,5.32763147354126,40.158443450927734,0.002819581099506356,0.00010221494560536115,0.022898735478520393,0.0018621377765963322,0.001383437623556305,0.0018621377765963322,0.001383437623556305,0.0008410782539540494,0.00025580151941939633
deep4mc/D.melanogaster_4mC,126466,54200,2,5.132000923156738,35.06599807739258,0.0028168967135245963,0.0001577034951534273,0.004920492880046368,5.279115200042725,38.830413818359375,0.0029174992125644734,0.0002280942915775519,0.009855931624770164,5.327692985534668,40.16015625,0.002719098338913993,0.0,0.023345716297626495,0.0013357164139863164,0.0009817977682887724,0.0013357164139863164,0.0009817977682887724,0.0007295372880403147,0.0002830869584644624
deep4mc/E.coli_4mC,8681,3721,2,5.175095081329346,36.129241943359375,0.0023340266789829665,0.00012620726219791933,0.008138693869113922,5.3046875,39.52483367919922,0.0020149992106960873,4.252262975845689e-06,0.01739250123500824,5.342276573181152,40.56817626953125,0.0020377591379863447,0.0001263436412655139,0.044240280985832214,0.0021758494599455605,0.0009300844025000865,0.0021758494599455605,0.0009300844025000865,0.0016029411616468772,0.0003910820028203421
deep4mc/G.pickeringii_4mC,24053,10309,2,5.147846698760986,35.45326614379883,0.0021254929036783046,8.763630700392433e-05,0.008158199489116669,5.294564723968506,39.24847412109375,0.0019535457316213474,0.0,0.015706941485404968,5.338503360748291,40.462215423583984,0.001918532151178483,0.0,0.04056942090392113,0.0019918859006159487,0.0012728694152448483,0.0019918859006159487,0.0012728694152448483,0.0013476260321061701,0.0006612332318579606
deep4mc/G.subterraneus_4mC,63567,27243,2,5.163671493530273,35.84429168701172,0.0020436900157323173,0.0005558873041181522,0.005728004965931177,5.2996296882629395,39.38650894165039,0.0020425655208607214,0.00011428405891145133,0.01221441850066185,5.340449810028076,40.516841888427734,0.0019345963215919796,0.0,0.0351720005273819,0.0010656987793325559,0.0007448689585382029,0.0010656987793325559,0.0007448689585382029,0.0006797761376145002,0.00013048692522932281
enhancers/enhancer,14968,400,2,6.753709316253662,107.91183471679688,0.020968266015230552,0.014821968885973535,0.03723584860563278,7.3287858963012695,160.76235961914062,0.0087606174013398,0.005444004126496704,0.05165397375822067,7.534020900726318,185.33877563476562,0.004638092168002061,0.002441885681506162,0.06935936957597733,0.03777511499217017,0.03200319431305576,0.03777511499217017,0.03200319431305576,0.020345709255642146,0.01796916272167648
enhancers/enhancer_strength,14968,400,3,6.754771709442139,107.9913330078125,0.028623163561054158,0.02328828525434068,,7.3295392990112305,160.84634399414062,0.011912274641068305,0.00863656927551959,,7.535216331481934,185.49240112304688,0.005777290771233807,0.0032525456692479304,,0.03177200422485658,0.02580390436780211,0.03177200422485658,0.02580390436780211,0.008297848721402637,0.005017816114639917
genomic_benchmark/coding,75000,25000,2,6.677587509155273,102.3656234741211,0.026800774509877296,0.016999452234173873,0.06750590354204178,7.2774786949157715,155.14556884765625,0.010544187496048955,0.006913472112406671,0.08477285504341125,7.504924774169922,181.63832092285156,0.005114842313922608,0.0030515810864303328,0.1052587628364563,0.06836876579005523,0.0572570216163365,0.06836876579005523,0.0572570216163365,0.013805370094783968,0.0081186142345393
genomic_benchmark/enhancer_cohn,20843,6948,2,7.207655429840088,147.815673828125,0.016082325047177933,0.011825950386688655,0.01926252990961075,8.226673126220703,299.5541687011719,0.0074090335162467855,0.005175925834539186,0.023777849972248077,8.68397045135498,411.2781066894531,0.004143033357980523,0.0019047028498579976,0.028997765854001045,0.0315819024245464,0.029351000973937058,0.0315819024245464,0.029351000973937058,0.011560338079460686,0.007586249324607608
genomic_benchmark/enhancer_ensembl,123872,30970,2,6.665003776550293,101.47663879394531,0.006045537310649302,0.004570765130910925,0.010763238184154034,7.355810165405273,163.80210876464844,0.004000757787947971,0.0016378191517706364,0.01620262861251831,7.637903213500977,199.1764373779297,0.0032894420445132794,0.000720454374305346,0.024712596088647842,0.022186324257906037,0.021128841082588723,0.022186324257906037,0.021128841082588723,0.004382693316049491,0.0033702467845531103
genomic_benchmark/human_vs_worm,75000,25000,2,6.4216532707214355,85.72554779052734,0.018903239876864576,0.011311802208043509,0.042786043137311935,7.012888431549072,129.14862060546875,0.007839505954090456,0.004183946820944917,0.05912398546934128,7.255617141723633,152.8123321533203,0.004398651217722574,0.0018507597888544058,0.07912085950374603,0.052575126789023284,0.04450192668775588,0.052575126789023284,0.04450192668775588,0.052575126789023284,0.04450192668775588
genomic_benchmark/open_chromatin_region,139804,34952,2,6.935146808624268,122.37345123291016,0.002805637831238195,0.0,0.0021130861714482307,7.727229595184326,211.89849853515625,0.0024359489634742954,0.0,0.003957703243941069,8.052517890930176,265.49078369140625,0.0028505915911114735,4.185355862618145e-05,0.008101004175841808,0.00941593131846705,0.009207827018302916,0.00941593131846705,0.009207827018302916,0.00941593131846705,0.009207827018302916
genomic_benchmark/promoter_notata_251bps,27097,9034,2,6.75299072265625,107.85810089111328,0.02767992598750236,0.017280199156936904,0.07170519232749939,7.469381809234619,177.2180633544922,0.01226465948147529,0.0072153440933034885,0.08760406076908112,7.769128322601318,218.14268493652344,0.005575391641321377,0.002576812175986376,0.10511413216590881,0.05061241856291659,0.04046035919534596,0.05061241856291659,0.04046035919534596,0.05061241856291659,0.04046035919534596
genomic_benchmark/regulatory_region_type,150000,57713,3,7.054818153381348,132.9571990966797,0.46948840057241764,0.5183872898430394,,7.946427345275879,246.66810607910156,0.22181859127382247,0.2352400095092282,,8.335189819335938,322.9551086425781,0.06932618867816134,0.06755211036461684,,0.02598550068810837,0.019936769589264047,0.02598550068810837,0.019936769589264047,0.02598550068810837,0.019936769589264047
iDHS-EL/DNase_I,711,306,2,6.848801136016846,115.26423645019531,0.015029905888326228,0.004602061143899827,0.034372325986623764,7.52333927154541,183.9716033935547,0.008962619199045525,0.0020667600210044768,0.04811588674783707,7.781255722045898,219.98414611816406,0.007365709367078867,0.0008381686718412773,0.07466977834701538,0.016453596324888322,0.011391504872895086,0.016453596324888322,0.011391504872895086,0.016453596324888322,0.011391504872895086
iDNA_ABF/5mC,3281,1407,2,5.053153038024902,33.200958251953125,0.004296747305198925,0.0004192114854264517,0.017415646463632584,5.239312171936035,37.77375030517578,0.0037346529800571923,0.0007389484098523358,0.027461284771561623,5.305655479431152,39.551361083984375,0.0034757908166807598,0.0,0.05105791240930557,0.007394826620641577,0.005226524705777558,0.007394826620641577,0.005226524705777558,0.007394826620641577,0.005226524705777558
iDNA_ABF/6mA,25668,11002,2,5.0704522132873535,33.601463317871094,0.005242428228258823,0.0028719334524802687,0.029215125367045403,5.246404647827148,37.95991134643555,0.0034232545796296673,0.0011085322816409837,0.042323119938373566,5.308560848236084,39.6310920715332,0.003041010137766872,0.00046492770897521574,0.06472860276699066,0.010015350222203035,0.00659591391627079,0.010015350222203035,0.00659591391627079,0.010015350222203035,0.00659591391627079
iPro-WAEL/Promoter_Arabidopsis_NonTATA,8267,3543,2,6.833606243133545,114.05661010742188,0.01665520084343735,0.010602283259878775,0.030096162110567093,7.519896984100342,183.53317260742188,0.007744533774061908,0.004531747380124518,0.04244524985551834,7.797056198120117,222.4066619873047,0.004209127852230608,0.001814308110008822,0.05681297183036804,0.06532981240201503,0.0479057127903163,0.06532981240201503,0.0479057127903163,0.06532981240201503,0.0479057127903163
iPro-WAEL/Promoter_Arabidopsis_TATA,3063,1313,2,6.84240198135376,114.75410461425781,0.016362157295847474,0.009772643569855965,0.03219427913427353,7.533242225646973,185.23876953125,0.007926599522650901,0.004352893634442245,0.044664330780506134,7.80759334564209,224.03701782226562,0.004567957343686695,0.0013737513036572446,0.060185663402080536,0.058431939078518326,0.042822886046982256,0.058431939078518326,0.042822886046982256,0.058431939078518326,0.042822886046982256
iPro-WAEL/Promoter_B_amyloliquefaciens,1483,636,2,5.078084945678711,33.77970886230469,0.011188507500555982,0.0066805072390467846,0.07452473044395447,5.241230487823486,37.824012756347656,0.006490842312874112,0.002362788831248519,0.1037655919790268,5.29569149017334,39.27914047241211,0.005523350207254119,0.0003695848184842587,0.16641893982887268,0.04740024899659303,0.031225912087391783,0.04740024899659303,0.031225912087391783,0.04740024899659303,0.031225912087391783
iPro-WAEL/Promoter_GM12878,10992,2750,2,7.533060073852539,185.2153778076172,0.08361754093029056,0.05376621644728674,0.05879475176334381,8.989703178405762,508.3587646484375,0.03856371395465426,0.01722884588424456,0.07270312309265137,9.867392539978027,934.0736694335938,0.01657031933638265,0.006483223663249715,0.08893126249313354,0.12795575307514148,0.11797565816340949,0.0989636599322257,0.06905300318951946,,
iPro-WAEL/Promoter_HUVEC,11928,2982,2,7.453431129455566,175.26950073242188,0.09858379498720671,0.06539332465143777,0.08283956348896027,8.82825756072998,454.53814697265625,0.04550776337225962,0.022859221306829935,0.10132050514221191,9.621231079101562,787.5518188476562,0.019313276861863193,0.00899872988468342,0.12212800979614258,0.1453137695401915,0.1332548304601231,0.11662044967301688,0.08761074427459625,,
iPro-WAEL/Promoter_Hela-S3,11736,2936,2,7.4232330322265625,171.63893127441406,0.09748431200181701,0.06375899814449781,0.08672972023487091,8.748249053955078,430.0167541503906,0.04407928783530805,0.02231786388995627,0.10573980957269669,9.491119384765625,719.6339111328125,0.019298097496972137,0.00948318285641303,0.12695004045963287,0.13953010226085907,0.12582025177352507,0.12456409800769119,0.0895440839561168,,
iPro-WAEL/Promoter_NHEK,8170,2044,2,6.991196155548096,127.22127532958984,0.05455936321659803,0.0357957835791235,0.08682562410831451,7.932929515838623,244.3710479736328,0.023887379372841303,0.01471755185454604,0.10434822738170624,8.387900352478027,334.97283935546875,0.010323471018011728,0.0062659639029124525,0.12297464907169342,0.07844845228985375,0.0646859565585639,0.08425256863413288,0.06666969259118316,,
iPro-WAEL/Promoter_R_capsulatus,7406,3175,2,5.061071872711182,33.383697509765625,0.0039011081914028904,0.00200132187037938,0.016358131542801857,5.236464023590088,37.69925308227539,0.0030983738421931813,0.0002084686423156068,0.027079476043581963,5.294064044952393,39.23485565185547,0.0030179897888347245,0.00046001841435305835,0.050614483654499054,0.011477642148532979,0.008547668458899427,0.008111529202837926,0.006546609648930168,,
mouse/mouse_TFBS_1,5668,2430,2,6.115449905395508,69.33202362060547,0.0034769147853663538,0.0013545246091958285,0.00567978248000145,6.467556953430176,88.49701690673828,0.0031454446557691077,0.0007676113096471981,0.012548524886369705,6.586352348327637,96.092529296875,0.0029838223913212134,0.00017686918240722438,0.02462329901754856,0.015182818662555409,0.013016462792113659,0.0030269309169845236,0.0013079466741747758,,
mouse/mouse_TFBS_2,47209,20233,2,5.706835746765137,52.231048583984375,0.004260578780353759,0.0017028758864017224,0.015222315676510334,6.098156929016113,68.50592803955078,0.00344834879537001,0.0009348784194723736,0.027245350182056427,6.281364917755127,77.78202819824219,0.003014882281624192,0.0005615213396757968,0.04379932954907417,0.018896183853610346,0.012018941190844123,0.013014809332290335,0.009235562539965603,,
mouse/mouse_TFBS_3,2293,983,2,5.345002174377441,40.644893646240234,0.006458882056368619,0.0018717449222841465,0.021776383742690086,5.724733829498291,52.88306427001953,0.005536770041232932,0.001159810756070967,0.04737074673175812,5.9202351570129395,60.557559967041016,0.004464555713729902,0.0003751312217830094,0.08214019984006882,0.07035766884503121,0.054833486301494316,0.017735759592620175,0.015437337564201181,,
mouse/mouse_TFBS_4,1667,715,2,6.125114917755127,69.79805755615234,0.006315191441706988,0.0019727773538348314,0.008582539856433868,6.4655866622924805,88.3762435913086,0.005332387686823801,0.0,0.020936179906129837,6.579147815704346,95.61385345458984,0.005133921639638111,0.0,0.046048276126384735,0.015815716933051286,0.01259115876470518,0.005471734679999355,0.0014959469961257632,,
mouse/mouse_TFBS_5,13180,5650,2,6.073179721832275,67.3301010131836,0.003084274094225359,0.0008097700130867969,0.0037404142785817385,6.4538774490356445,87.661865234375,0.00328609029927466,0.0007936408843670639,0.007822604849934578,6.587690830230713,96.18171691894531,0.0028034404432714286,0.0,0.01580190658569336,0.004335144234858206,0.0031451459375085866,0.0020434656486270535,0.00028534422797255043,,
prom/promoter_all_300bps,41437,17759,2,6.996140003204346,127.65798950195312,0.0184462503243154,0.013510869758863953,0.02500540018081665,7.744925022125244,214.51356506347656,0.007460916289831551,0.005321056099721222,0.03284645080566406,8.043731689453125,263.8788146972656,0.00399257617477509,0.0018196829024850203,0.041882991790771484,0.09691068998338025,0.08673402172020583,0.0783838339148436,0.07559611571434033,,
prom/promoter_all_70bps,41437,17759,2,5.712329387664795,52.43031692504883,0.007086238368244151,0.005154833444667273,0.03332442790269852,5.976705074310303,62.97490310668945,0.003936592415417434,0.001976077050540148,0.043486740440130234,6.067533493041992,67.06710815429688,0.003169906336815829,0.0005158560795832656,0.05855875089764595,0.02746468055263888,0.017917820159219944,0.04088308090574341,0.03571700833932967,,
prom/promoter_notata_300bps,37146,15920,2,7.014340400695801,129.27867126464844,0.02012085255326411,0.014808042616965666,0.0253054928034544,7.7591657638549805,216.64149475097656,0.007688830640667438,0.005916053542928457,0.0336122065782547,8.052140235900879,265.4212951660156,0.004051437906714401,0.001996510473928015,0.043339379131793976,0.12087599994658771,0.10699426786768695,0.0981449986510588,0.09457195572038646,,
prom/promoter_notata_70bps,37146,15920,2,5.708907604217529,52.30611038208008,0.007506705801054029,0.00600179498476372,0.03551670163869858,5.973625183105469,62.840606689453125,0.004151594101794515,0.0018876534412751722,0.04667242243885994,6.065757751464844,66.98461151123047,0.0030997322326902547,0.0003557964273329661,0.06275526434183121,0.03160393039199028,0.021147643166882668,0.04776963144232417,0.04287980863028784,,
prom/promoter_tata_300bps,4290,1840,2,6.9378886222839355,122.60623931884766,0.005587643277917621,0.0028608869194294284,0.007776785641908646,7.711784362792969,209.64205932617188,0.003797247519142755,0.0013760442342840573,0.010412036441266537,8.032639503479004,261.8577575683594,0.003403415200419603,0.0006275788983662878,0.014911080710589886,0.012528584785699112,0.010866241372165852,0.012315178499196854,0.010311029087673895,,
prom/promoter_tata_70bps,4290,1840,2,5.701777458190918,52.048240661621094,0.00740363322067424,0.005961373508023171,0.032314036041498184,5.974147796630859,62.863372802734375,0.0040378062475424515,0.0013759125566064068,0.04376313090324402,6.068739414215088,67.1231918334961,0.003422478624469002,0.0007178873115303297,0.06304796785116196,0.020494669290953012,0.016208490374065798,0.035711764107295485,0.03499358562321653,,
splice/acceptors,15525,6654,2,7.317384243011475,159.49685668945312,0.0036579483372418337,0.0021044383126939126,0.0008512024069204926,8.421265602111816,342.81005859375,0.003053517892716725,0.0006899869059771024,0.0016806228086352348,8.92991828918457,487.7230224609375,0.0030162060450723473,0.00030513901893647333,0.0036531256046146154,0.03783945489556276,0.03126223842707676,0.01443273468740457,0.01284954720855036,,
splice/donors,15381,6592,2,7.319526672363281,159.73390197753906,0.003377433014280436,0.001413303982215397,0.0007353739929385483,8.42177677154541,342.9315490722656,0.0030513630591459374,0.0003660282180534269,0.0015635418239980936,8.929086685180664,487.4419860839844,0.0028818624712479593,0.0,0.003506619017571211,0.03642821144343821,0.02986392573985175,0.013621959616197148,0.011395775900196692,,
splice/splice_site_type_DNABERT,31933,13687,3,7.110306262969971,138.17054748535156,0.004225886298190291,0.0023681929543705182,,8.019049644470215,259.4026794433594,0.0033209820143775947,0.0006438371673140875,,8.408269882202148,339.73590087890625,0.0031893206625803017,0.0004408018686339332,,0.031441373433509896,0.02670884680314356,0.02360004969026519,0.020995733946438278,,
splice/splice_site_type_NT,20999,9001,3,7.115240097045898,138.6438751220703,0.004660199701431295,0.002192507719994241,,8.028204917907715,261.0540771484375,0.003681814972179163,0.0005961028904617471,,8.418511390686035,342.1562194824219,0.0035728207582053266,0.0004419422204153811,,0.030764584063318667,0.02714900291218736,0.02684299668907941,0.02494632733270974,,
tf/Human_TFBS_1,24064,10314,2,5.916524887084961,60.40201950073242,0.0068332735938639805,0.004567320518544582,0.017962977290153503,6.344796180725098,81.27818298339844,0.003795009393728969,0.0012486150888694203,0.026930999010801315,6.5157389640808105,91.50247955322266,0.0030901906636392066,0.00033928396634541613,0.041850797832012177,0.021765981520663166,0.018515092637482966,0.020853461533377,0.01705908996629346,,
tf/Human_TFBS_2,22870,9802,2,5.942402362823486,61.49522018432617,0.00572197304062356,0.0020609039449442923,0.018298553302884102,6.361860275268555,82.2452392578125,0.0037215925684605947,0.0012361048906966987,0.02727559208869934,6.526428699493408,92.18299102783203,0.00319305611156919,0.00077530275503912,0.041804611682891846,0.019736886237950217,0.016276225988110404,0.020757661427177478,0.016778227551635272,,
tf/Human_TFBS_3,14699,6301,2,5.898940563201904,59.6702766418457,0.004912270930081238,0.001625864594889559,0.0152127118781209,6.339899063110352,81.00275421142578,0.0034921238403075993,0.0009023740125445601,0.022865034639835358,6.514813423156738,91.44380187988281,0.0030888281591872134,0.0002611811002797282,0.03557600453495979,0.010521219877736335,0.008800875457608992,0.012967348590175159,0.011825165560623296,,
tf/Human_TFBS_4,20505,8789,2,6.117123126983643,69.4124755859375,0.003127651146967064,0.00020548953837928874,0.00422085914760828,6.46282958984375,88.20751190185547,0.003100609484342212,0.0005600805106736884,0.008586332201957703,6.579440593719482,95.63326263427734,0.002887341168822298,0.00024713709303136877,0.018396630883216858,0.013213944347969088,0.010527354438778058,0.02010348666434321,0.016005512349423046,,
tf/Human_TFBS_5,14699,6301,2,6.027472496032715,65.23040008544922,0.006305249655050584,0.0027315626369577295,0.01795322820544243,6.417678356170654,85.48967742919922,0.0038794908396366156,0.0012770628346443491,0.02825741097331047,6.560035705566406,94.3555679321289,0.003209875645209216,0.0005552075902155451,0.0460013672709465,0.04744233889649636,0.04597699591205917,0.053724845546627084,0.054447888846777204,,
virus/covid_variants,64168,27501,9,7.484189033508301,179.0463104248047,0.019675999206263894,0.01950164949114286,,8.838713645935059,457.84442138671875,0.011679536792449043,0.011169794813545852,,9.560534477233887,755.1055297851562,0.007003761620084774,0.0046091863958364065,,0.01502509899321946,0.012963159190788387,0.021099466997471707,0.020580699293436755,,
