dataset,motif,n_matched,n_total_test,overlap_rate,mean_delta_resid_l2,std_delta_resid_l2
splice/acceptors,GT_AG_donor_acceptor,128,6654,1.0,-33.407379150390625,186.95977783203125
splice/acceptors,branch_point_TACTAAC,124,6654,0.018635407273820258,-0.993198573589325,72.19746398925781
splice/acceptors,polypyrimidine_tract,128,6654,0.9930868650435828,5.321528434753418,67.05248260498047
splice/donors,GT_AG_donor_acceptor,128,6592,0.9998483009708737,-134.77960205078125,249.54714965820312
splice/donors,branch_point_TACTAAC,128,6592,0.020934466019417477,14.390545845031738,77.71585845947266
splice/donors,polypyrimidine_tract,128,6592,0.9927184466019418,-4.510583877563477,66.91472625732422
splice/splice_site_type_DNABERT,GT_AG_donor_acceptor,128,13687,0.9999269379703368,-31.03070640563965,218.28775024414062
splice/splice_site_type_DNABERT,branch_point_TACTAAC,128,13687,0.00993643603419303,3.2818822860717773,119.85562896728516
splice/splice_site_type_DNABERT,polypyrimidine_tract,128,13687,0.9853875940673632,4.3142852783203125,131.65139770507812
splice/splice_site_type_NT,GT_AG_donor_acceptor,128,9001,1.0,-61.894676208496094,224.3948516845703
splice/splice_site_type_NT,branch_point_TACTAAC,107,9001,0.011887568047994667,-6.130983829498291,86.04971313476562
splice/splice_site_type_NT,polypyrimidine_tract,128,9001,0.9884457282524164,-6.049365997314453,127.04301452636719
