dataset,ridge_k6_hyenadna-medium-160k-seqlen-hf_R2,ridge_k6_NTv3_650M_pre_R2,proj_k6_NTv3_650M_pre_MCC,proj_k6_NTv3_650M_pre_AUROC,resid_k6_NTv3_650M_pre_MCC,resid_k6_NTv3_650M_pre_AUROC,proj_k6_hyenadna-medium-160k-seqlen-hf_MCC,proj_k6_hyenadna-medium-160k-seqlen-hf_AUROC,resid_k6_hyenadna-medium-160k-seqlen-hf_MCC,resid_k6_hyenadna-medium-160k-seqlen-hf_AUROC,ridge_k6_DNABERT-2-117M_R2,proj_k6_DNABERT-2-117M_MCC,proj_k6_DNABERT-2-117M_AUROC,resid_k6_DNABERT-2-117M_MCC,resid_k6_DNABERT-2-117M_AUROC,proj_k6_NTv3_650M_pre_F1,proj_k6_NTv3_650M_pre_Accuracy,resid_k6_NTv3_650M_pre_F1,resid_k6_NTv3_650M_pre_Accuracy,ridge_k4_NTv3_650M_pre_R2,proj_k4_NTv3_650M_pre_MCC,proj_k4_NTv3_650M_pre_AUROC,resid_k4_NTv3_650M_pre_MCC,resid_k4_NTv3_650M_pre_AUROC,ridge_k4_NTv3_650M_pre_R2__pool_max__map_ridge,ridge_k4_NTv3_650M_pre_R2__pool_cls__map_ridge,proj_k4_NTv3_650M_pre_MCC__pool_max__map_ridge,proj_k4_NTv3_650M_pre_AUROC__pool_max__map_ridge,proj_k4_NTv3_650M_pre_MCC__pool_cls__map_ridge,proj_k4_NTv3_650M_pre_AUROC__pool_cls__map_ridge,resid_k4_NTv3_650M_pre_MCC__pool_max__map_ridge,resid_k4_NTv3_650M_pre_AUROC__pool_max__map_ridge,resid_k4_NTv3_650M_pre_MCC__pool_cls__map_ridge,resid_k4_NTv3_650M_pre_AUROC__pool_cls__map_ridge,ridge_k5_NTv3_650M_pre_R2__pool_max__map_ridge,ridge_k5_NTv3_650M_pre_R2__pool_cls__map_ridge,proj_k5_NTv3_650M_pre_MCC__pool_max__map_ridge,proj_k5_NTv3_650M_pre_AUROC__pool_max__map_ridge,proj_k5_NTv3_650M_pre_MCC__pool_cls__map_ridge,proj_k5_NTv3_650M_pre_AUROC__pool_cls__map_ridge,resid_k5_NTv3_650M_pre_MCC__pool_max__map_ridge,resid_k5_NTv3_650M_pre_AUROC__pool_max__map_ridge,resid_k5_NTv3_650M_pre_MCC__pool_cls__map_ridge,resid_k5_NTv3_650M_pre_AUROC__pool_cls__map_ridge,ridge_k6_NTv3_650M_pre_R2__pool_max__map_ridge,ridge_k6_NTv3_650M_pre_R2__pool_cls__map_ridge,proj_k6_NTv3_650M_pre_MCC__pool_max__map_ridge,proj_k6_NTv3_650M_pre_AUROC__pool_max__map_ridge,proj_k6_NTv3_650M_pre_MCC__pool_cls__map_ridge,proj_k6_NTv3_650M_pre_AUROC__pool_cls__map_ridge,resid_k6_NTv3_650M_pre_MCC__pool_max__map_ridge,resid_k6_NTv3_650M_pre_AUROC__pool_max__map_ridge,resid_k6_NTv3_650M_pre_MCC__pool_cls__map_ridge,resid_k6_NTv3_650M_pre_AUROC__pool_cls__map_ridge,ridge_k4_NTv3_650M_pre_R2__pool_mean__map_mlp,proj_k4_NTv3_650M_pre_MCC__pool_mean__map_mlp,proj_k4_NTv3_650M_pre_AUROC__pool_mean__map_mlp,ridge_k4_hyenadna-medium-160k-seqlen-hf_R2,proj_k4_hyenadna-medium-160k-seqlen-hf_MCC,proj_k4_hyenadna-medium-160k-seqlen-hf_AUROC,resid_k4_hyenadna-medium-160k-seqlen-hf_MCC,resid_k4_hyenadna-medium-160k-seqlen-hf_AUROC,ridge_k5_hyenadna-medium-160k-seqlen-hf_R2,ridge_k4_hyenadna-medium-160k-seqlen-hf_R2__pool_max__map_ridge,proj_k4_hyenadna-medium-160k-seqlen-hf_MCC__pool_max__map_ridge,proj_k4_hyenadna-medium-160k-seqlen-hf_AUROC__pool_max__map_ridge,resid_k4_hyenadna-medium-160k-seqlen-hf_MCC__pool_max__map_ridge,resid_k4_hyenadna-medium-160k-seqlen-hf_AUROC__pool_max__map_ridge,ridge_k5_hyenadna-medium-160k-seqlen-hf_R2__pool_max__map_ridge,proj_k5_hyenadna-medium-160k-seqlen-hf_MCC__pool_max__map_ridge,proj_k5_hyenadna-medium-160k-seqlen-hf_AUROC__pool_max__map_ridge,resid_k5_hyenadna-medium-160k-seqlen-hf_MCC__pool_max__map_ridge,resid_k5_hyenadna-medium-160k-seqlen-hf_AUROC__pool_max__map_ridge,ridge_k6_hyenadna-medium-160k-seqlen-hf_R2__pool_max__map_ridge,proj_k6_hyenadna-medium-160k-seqlen-hf_MCC__pool_max__map_ridge,proj_k6_hyenadna-medium-160k-seqlen-hf_AUROC__pool_max__map_ridge,resid_k6_hyenadna-medium-160k-seqlen-hf_MCC__pool_max__map_ridge,resid_k6_hyenadna-medium-160k-seqlen-hf_AUROC__pool_max__map_ridge,ridge_k5_NTv3_650M_pre_R2,proj_k5_NTv3_650M_pre_MCC,proj_k5_NTv3_650M_pre_AUROC,resid_k5_NTv3_650M_pre_MCC,resid_k5_NTv3_650M_pre_AUROC
EMP/Yeast_H3,0.6518653035163879,0.4145350456237793,0.7303422265416611,0.9358151677585864,0.6077744272790745,0.8831278538812786,0.6874888962519693,0.9196370855668058,0.3485842096617743,0.7233505062537225,0.2349659949541092,0.7049943210343662,0.9249972205677984,0.4255849726424045,0.7866789755807029,,,,,0.3698491752147674,0.7210802234994939,0.9300519158229104,0.6231283228538683,0.8866136589239627,0.2072874307632446,0.017015554010868,0.6964429176112255,0.9237050823903116,0.680833839434057,0.9160708755211436,0.5785108040846393,0.863891800675005,0.4783458411696549,0.8184865991661704,0.2383298128843307,0.0166486706584692,0.7053612646205218,0.9242843954734962,0.6407218968698963,0.9005733571570379,0.5753396212649126,0.8563839587055787,0.4591781637783274,0.801565812983919,0.2756417989730835,0.0379414111375808,0.7133876578531153,0.9278606313281716,0.6278042378343758,0.897522533253921,0.5799562452719724,0.8595443716497916,0.4495334687687717,0.8007417113361128,-0.5265421271324158,0.6308180819487689,0.894821123684733,0.3697190284729004,0.7211182497938897,0.930112169942426,0.6221891451250834,0.8859434187016082,0.3936611115932464,0.3697190284729004,0.7211182497938897,0.930112169942426,0.6221891451250834,0.8859434187016082,0.3936611115932464,0.7188349822372209,0.9319954337899542,0.6054149435071551,0.8781802660313678,0.4145345687866211,0.7258722901083544,0.9356636887035934,0.6108753175417565,0.8841566408576533,0.3936607837677002,0.719245661111124,0.9317042882668256,0.6071212630298165,0.879239031169347
EMP/Yeast_H3K14ac,0.6452277898788452,0.4232700169086456,0.4144801358326943,0.7725236399719823,0.4219018891066012,0.7734061591280539,0.3341579135439183,0.7253099015266488,0.0829765354871484,0.5837758918716702,0.2565571367740631,0.3863290426813344,0.762785956437183,0.2052787617682501,0.6533589289315052,,,,,0.3784886300563812,0.3734080503103203,0.7496849744895252,0.4395684942760461,0.7818191933489695,0.2325318306684494,0.0248231384903192,0.36945050828431,0.7491179783180864,0.3595054778050242,0.7413503753608346,0.4624058887316464,0.7974169980950057,0.3254553048940032,0.7332099569784348,0.2542147934436798,0.0294631998986005,0.3853890469293939,0.7591599087566065,0.3673312284818537,0.7415950497341498,0.4472711305197983,0.7918711976391866,0.3174143626246792,0.7284008328380702,0.2806520462036133,0.0469136834144592,0.4024441573004209,0.7701311001939486,0.3721222021256985,0.7426438910836712,0.4497431560086225,0.7907995139345828,0.3128825518071936,0.7271058661489398,,,,,,,,,,0.3783512115478515,0.376898202499471,0.7510056854663256,0.4351812220839768,0.7814594366204657,0.4013721942901611,0.4029261879922055,0.7618730084451213,0.4317560936125996,0.7776755238071233,0.4232688844203949,0.4095433375425333,0.7719580118544775,0.4278363244447518,0.7749530550219685,0.4013735949993133,0.4023345075541777,0.7618678264226434,0.4312511867152763,0.7768915045343111
EMP/Yeast_H3K36me3,0.6497713327407837,0.4334729611873626,0.3940540183119245,0.7591682066052515,0.1465398862525529,0.6047587449165843,0.3940540183119245,0.7591682066052515,0.1465398862525529,0.6047587449165843,0.2600163519382477,0.4337028208004341,0.7866653602750132,0.2662455549680157,0.6950490183746634,,,,,0.3881454467773437,0.4432344829731524,0.7889208351667687,0.5021713657567897,0.8197660220182897,0.2468591779470443,0.0262260232120752,0.4386388101088631,0.7860981170747596,0.4297925735887821,0.7794629935876471,0.5573804215293137,0.8326463007857916,0.4575261619164035,0.7854040597297565,0.263150542974472,0.0310752596706151,0.448387337795901,0.7938450710710896,0.4201819239456839,0.7758571760843824,0.5463425598032302,0.8252816281759257,0.4430484022172272,0.7815147125739755,0.2863800823688507,0.0482054054737091,0.4597301753106991,0.8021739063273049,0.4218582927636976,0.7754707754449566,0.53993076345722,0.8265265988255126,0.4314053383401093,0.7765422593425761,,,,,,,,,,0.3880316317081451,0.4418760570241049,0.7894942940255091,0.5057087746308021,0.8189669605018075,0.410286396741867,0.4558801723937655,0.7966823168855975,0.4922046363900795,0.80902907883647,0.4334751665592193,0.4736704761208181,0.8069919243516847,0.4825382433996217,0.8089796845799737,0.4102843999862671,0.4619091068807285,0.7976155115766456,0.4901008471250353,0.8099918438791358
EMP/Yeast_H3K4me1,0.6451736688613892,0.4255402982234955,0.3480487535246174,0.7318756049560861,0.3998721032851125,0.751700707910236,0.3093643695529418,0.7104136381657197,0.1284389798172435,0.6091426053382576,0.2573611140251159,0.3313467897391673,0.7207395465374189,0.1946996090645509,0.6448558641898142,,,,,0.3817810118198395,0.329840860645398,0.7191888945242322,0.4077720494386109,0.7538849788734155,0.2358394265174865,0.0246721804141998,0.3206526589717124,0.7182772636519168,0.328555954571305,0.7174472460434532,0.4716530760257488,0.7811664446262042,0.3526513143503432,0.7262248686508631,0.2534635961055755,0.0293135587126016,0.3420196453813994,0.7247306047953597,0.3130115399697117,0.7071454912689881,0.4584372007064635,0.777312316280864,0.3438598699824861,0.7189682976223217,0.2767301797866821,0.0469427071511745,0.3520833285506384,0.7322259883776997,0.3128217698872422,0.7032011775883191,0.4493689345160376,0.7735285950017681,0.3258593463242322,0.7118795516806617,,,,,,,,,,0.3817430436611175,,,,,,,,,,,,,,,0.4039811193943023,0.3431524865821139,0.7266362387893377,0.3995263244781568,0.7509368113322785
EMP/Yeast_H3K4me2,0.648087739944458,0.422222226858139,0.3080328957550532,0.7128833516323,0.2051638647987106,0.6792058785638178,0.2806076649868084,0.6935395319703508,0.1138177249945296,0.59031431344494,0.2555169761180877,0.2965735305339242,0.7126091357310596,0.0669978882570606,0.5855385126588121,,,,,0.3795343339443207,0.2944741542985902,0.7085330128108396,0.2301859245905265,0.6887755007358167,0.2306983470916748,0.0250932481139898,0.2759928454075616,0.6984252144622296,0.2800715486282857,0.6994023802623935,0.1944184233081494,0.6650566799140052,0.1274836431083638,0.61845242996311,0.2505298256874084,0.0289741605520248,0.2861987955772711,0.7032272403487968,0.2555683018974378,0.6891492450443106,0.179393606888416,0.6582828390268172,0.0866890903507451,0.5981223121103412,0.2716298401355743,0.0470756888389587,0.3018131131679831,0.7098927134559574,0.2414900564958327,0.6826494247131086,0.1742710711653731,0.6542861727889335,0.0768363577610178,0.5833013699660383,,,,,,,,,,,,,,,,,,,,,,,,,0.4022888243198395,0.3000179217159345,0.7112767834215952,0.2229821875061094,0.6883931123998037
EMP/Yeast_H3K4me3,0.647504448890686,0.4204743802547455,0.2897468221559781,0.6983541143712908,0.2773605104747225,0.689186372916168,0.2233092110795717,0.6592076770795489,0.092994841158613,0.5648468153296502,0.2615633606910705,0.2789241338618017,0.6906010692984682,0.1342408865272701,0.5973137050829697,,,,,0.3748607635498047,0.2615693800613483,0.6767935244993923,0.2921595985839823,0.6989339085109172,0.2304393500089645,0.0248387698084115,0.2647156747216406,0.6761967231528963,0.2519769748862386,0.6722637406448415,0.3145027315412013,0.7204015849793932,0.2038432634048644,0.6427566322421243,0.2494130879640579,0.0306993518024683,0.2686315621965159,0.6842537226089622,0.2398705581729426,0.6702077143569731,0.2975368159685738,0.7143999855768338,0.1954148710997665,0.6387370975533715,0.274319976568222,0.0476312451064586,0.2833797471407921,0.6980459081863299,0.2439817252459204,0.6683683321984759,0.2958633142619161,0.7090654905677735,0.1925249348949917,0.6351427759960677,,,,,,,,,,,,,,,,,,,,,,,,,0.3986901044845581,0.2750027804993689,0.687928993197414,0.278995415278017,0.6937235397442439
EMP/Yeast_H3K79me3,0.6447353363037109,0.4275358617305755,0.6138208620275986,0.8725017034998204,0.5615288728408981,0.8513353828984714,0.5562988371612015,0.8508005107816784,0.2168144228434178,0.6567631893808918,0.2535617649555206,0.58129066801154,0.8602218037246285,0.3638804027027589,0.7429336413046395,,,,,0.3879705667495727,0.5847448172889719,0.8638871988024531,0.5602536254877455,0.8533352648606887,0.2356141805648803,0.3877955377101898,0.5768139136649026,0.8595820389417377,0.5837804732454739,0.8636781109662466,0.5834520205034701,0.8592468116385256,0.5608421909366431,0.8535268079900848,0.2545344829559326,0.4079035818576813,0.5971256566299903,0.8663850392475628,0.6068255434156757,0.8699824552931897,0.5762091022160268,0.8553770502358072,0.5505517825819519,0.8498787430049201,0.2784201502799988,0.4275358617305755,0.5988059679424343,0.8689607309757967,0.6110338472401831,0.8725804668930845,0.5718062110975368,0.8541028323702524,0.5580764564383736,0.8516227512461034,,,,,,,,,,,,,,,,,,,,,,,,,0.4079035818576813,0.6068255434156757,0.8699824552931897,0.5505517825819519,0.8498787430049201
EMP/Yeast_H3K9ac,0.6453832983970642,0.6453832983970642,0.4616149230835579,0.802094266773512,0.3790720086402746,0.7540179208858455,0.3979805764618497,0.767822889196474,0.201553997035205,0.6543372331900634,0.2538227438926697,0.4458100621566869,0.7974700954323595,0.1934693415368965,0.6486743206818679,,,,,0.382516860961914,0.4244038491624349,0.7851784657973337,0.3965148000439215,0.762461776061776,0.2261821031570434,0.3823926448822021,0.4109558543009109,0.7781288264005245,0.4250011103719971,0.7844091207110074,0.3682410449427388,0.7548310920084506,0.3991294666540128,0.7637514970496103,0.2461169213056564,0.4023924767971039,0.4334389677356792,0.7914532818532819,0.4460932454262955,0.7961909812777737,0.3614666962331796,0.7481110803525899,0.3876242554999959,0.7589437459022363,0.2743299305438995,0.4230670630931854,0.4446593786475433,0.7963538719312304,0.4583994707247301,0.8012809208129963,0.3651420336179576,0.744662052888468,0.3765601000324652,0.7547074816055948,,,,,,,,,,,,,,,,,,,,,,,,,0.4023924767971039,0.4460932454262955,0.7961909812777737,0.3876242554999959,0.7589437459022363
EMP/Yeast_H4,0.6436280608177185,0.6436280608177185,0.7853286904382998,0.943979856161272,0.7442746886225434,0.924970786452344,0.7234742058568207,0.922920772183299,0.2686702008853422,0.7030058714164855,0.2331016510725021,0.7281015648363062,0.931326421711914,0.4880104950066072,0.8216586793787816,,,,,0.3889850378036499,0.7495237257567607,0.9321473139578278,0.7402078897637651,0.9253490427919372,0.207951471209526,0.3890557289123535,0.7433460423707038,0.9307858444319485,0.7503009069060178,0.932224569437901,0.7409759429130381,0.9285226388107892,0.7441627251823381,0.9256413893490444,0.2402744144201278,0.4111762940883636,0.7564791457830942,0.936834779657239,0.7711874784461381,0.9379785195992508,0.7176946562692812,0.9218383511400884,0.7413985922146706,0.921486479868826,0.2772826254367828,0.4272022247314453,0.7676561254032962,0.9424434008622218,0.7820806676681773,0.9438612288940562,0.7275500265550006,0.9250313665692318,0.7321765909895321,0.9249353249205072,,,,,,,,,,,,,,,,,,,,,,,,,0.4111762940883636,0.7711874784461381,0.9379785195992508,0.7413985922146706,0.921486479868826
EMP/Yeast_H4ac,0.6453511118888855,0.6453511118888855,0.392980762379561,0.7647654182536439,0.3642948013380202,0.7374266666328092,0.3300460024003918,0.7206298907347162,0.131521618794278,0.5879164355310816,0.2614664733409881,0.3773944145622169,0.7522171510260498,0.1636087365505918,0.6206477352098426,,,,,0.37838876247406,0.3705569292484287,0.7457991804776672,0.381694668110783,0.7521859097285015,0.230315163731575,0.3782829940319061,0.3517298391782013,0.737744427564397,0.3663193301906212,0.7457845216915022,0.3773173777685124,0.7514789791852161,0.3786539105695622,0.7509489159385174,0.2496746182441711,0.4005139172077179,0.3702569361881014,0.7502999279988125,0.3869208491611058,0.757263697866181,0.3585234127911959,0.7435207203289047,0.3731126019559528,0.7440210812582302,0.2743321061134338,0.4211341142654419,0.393806131732404,0.7574018213368674,0.3952856871320343,0.7637239518948655,0.3593466664993625,0.7407678310667618,0.3618259540274774,0.7377868649427164,,,,,,,,,,,,,,,,,,,,,,,,,0.4005139172077179,0.3869208491611058,0.757263697866181,0.3731126019559528,0.7440210812582302
deep4mc/A.thaliana_4mC,0.8507150411605835,0.6307340662406178,0.181369633929814,0.6235374059043448,0.1716880907329914,0.6202011506958561,0.1332571047546921,0.5904656719526793,0.0944585755943083,0.5678554139676333,0.167230799794197,0.1617405929577949,0.6115169467153707,0.0697664776455355,0.5465692981211998,,,,,0.5530712008476257,0.1749532100094693,0.6207033619015041,0.1792950519408462,0.6237614320607106,0.2934297621250152,0.5551174283027649,0.1785910943340541,0.6241149969941615,0.1760660916302298,0.6210862124591934,0.1614946214337802,0.6128802829880335,0.1767963432716729,0.623511431985767,0.3448307812213897,0.6010821461677551,0.183922342149386,0.626340328388272,0.1786857374480893,0.6222534946924756,0.1630025560513181,0.6107281966962157,0.1718903801587034,0.6206676816876004,0.3809971809387207,0.6307355761528015,0.1815273935560581,0.6240079944893927,0.179226587495973,0.6235833946225042,0.1539254049418209,0.6071777112041571,0.1737271729016858,0.6191144961674155,,,,,,,,,,,,,,,,,,,,,,,,,0.6010821461677551,0.1786857374480893,0.6222534946924756,0.1718903801587034,0.6206676816876004
deep4mc/C.elegans_4mC,0.852685809135437,0.625645359543842,0.1900129211343992,0.6313777971272722,0.1651299565331535,0.6164261480961375,0.1435858804347168,0.6001266815936581,0.1035379727696447,0.5739253269773477,0.155360460281372,0.1698454825796556,0.618519990064963,0.0575896940213145,0.5397548410109225,,,,,0.5529909729957581,0.17794159329365,0.6223929702986533,0.1924682970265372,0.6325500669903645,0.2967128157615661,0.5551886558532715,0.1852988172534972,0.628696041864593,0.177064104059078,0.6230150468684065,0.1717392823002779,0.6189135093371162,0.1925927450402493,0.6345951474120597,0.3464558124542236,0.6017603278160095,0.1996268352820871,0.634995900905075,0.1858936496495574,0.6297760905081464,0.1566037192150605,0.6102281478515688,0.1787351148981287,0.6221570851821747,0.3474600315093994,0.6256466507911682,0.1966592152861464,0.6378983089619246,0.1859992588062581,0.6299516954829244,0.1540274963290994,0.6077441078305184,0.1701208401553053,0.6158088329480451,,,,,,,,,,,,,,,,,,,,,,,,,0.6017603278160095,0.1858936496495574,0.6297760905081464,0.1787351148981287,0.6221570851821747
deep4mc/D.melanogaster_4mC,0.8454742431640625,0.6275140329544363,0.199760483582006,0.6375818861398945,0.1911643174874855,0.6319254884873571,0.1530731374782662,0.608979190098174,0.109250811712356,0.5771911711441837,0.1728934645652771,0.1847754277882414,0.6266506678830627,0.0701291022762955,0.5524830380849934,,,,,0.5496025681495667,0.1894066492691838,0.6329657561852371,0.1988355012703023,0.6394481270679866,0.296703577041626,0.1680948734283447,0.2002945802777259,0.6363972508544274,0.1746229628013345,0.6196961996704838,0.1822813208116798,0.628027190533898,0.1534534597551217,0.6095687490638744,0.3472929000854492,0.2746878862380981,0.201477748936334,0.6390142277474435,0.1685759757655477,0.6171706213150692,0.1721882636883377,0.6222101019866286,0.15603570370705,0.6076195558339347,0.3804825842380523,0.3799212872982025,0.1983904599551481,0.6372993287128443,0.1713529931573598,0.6173479691180676,0.15990924720112,0.6157477689573945,0.1513923354355847,0.6053612709521929,,,,,,,,,,,,,,,,,,,,,,,,,0.5986581444740295,0.1951361946724003,0.6364646001552265,0.1938640896829029,0.6354695292820087
deep4mc/E.coli_4mC,0.776438295841217,0.4797632478112789,0.0477697271388261,0.6550514402221969,0.0207468396045388,0.573604768492994,0.0259565868899143,0.607978175614526,0.0218902761107166,0.5398461474446329,0.1084613874554634,0.0,0.6315486159511501,0.043199958361901,0.4999661919672114,,,,,0.5230192542076111,0.0381674336992493,0.6343510418075334,0.0366676914686668,0.570308745357897,0.2547691762447357,0.1597192734479904,0.0032856554367592,0.6298639356711155,-0.0127013796147188,0.6043487532637754,0.0,0.5707253643465687,0.0,0.5694723866390654,0.2520774900913238,0.2532855868339538,0.051862917866727,0.645503011515536,0.0,0.5705043118244895,-0.0073311733990885,0.5579844170975023,0.0,0.5400099863727622,0.2352148741483688,0.335872620344162,0.0539284658497354,0.6541297812360217,0.0229731335046838,0.5742689663063945,0.0,0.5472261809405915,-0.0073311733990885,0.5452523119493191,,,,,,,,,,,,,,,,,,,,,,,,,0.5203508138656616,0.0713068983307425,0.6489550717250419,0.0,0.5781204814263868
deep4mc/G.pickeringii_4mC,0.8043811321258545,0.5399875385880847,0.080641241254325,0.657853353585371,0.0311500780793539,0.5928421044358494,0.0587008776152379,0.6266768197869037,0.0616075497169971,0.5639097769832224,0.1275375038385391,0.0523923882853034,0.6353439429329417,1.0469093671204137e-06,0.553453616957617,,,,,0.5222079753875732,0.1019265015258142,0.651072968177841,0.0220253630040796,0.5970624834257472,0.2784355580806732,0.1586632430553436,0.0988794885180166,0.6507552032482757,0.0453530413811313,0.6252691008228147,0.0,0.5865971766484377,0.0,0.5888792573217038,0.2937745153903961,0.2626982629299164,0.0809445839469061,0.6555895664155127,0.0249280443634638,0.6204981551340583,0.0124603938214061,0.5839402824164607,0.0,0.5665455998094223,0.2976562976837158,0.3627246916294098,0.0689197185428008,0.6553325088157749,0.0083281978942573,0.6117246586533894,0.0044064830017873,0.5661692279152357,0.0,0.5669751583709243,,,,,,,,,,,,,,,,,,,,,,,,,0.5580146312713623,0.085736091901214,0.6542088811842374,0.0311500780793539,0.5848787391412813
deep4mc/G.subterraneus_4mC,0.8196930885314941,0.5771167414973996,0.0240721016395248,0.632660658675977,0.0234677132994605,0.5699272893935305,0.015603409948788,0.6114688116864759,0.0081310660524364,0.5464126400652285,0.149961307644844,0.0076646355823067,0.6123166687396588,0.0,0.5395697089072627,,,,,0.516234815120697,0.0261664119462693,0.6299366304711229,0.0191609559681891,0.5926126803867059,0.2711435854434967,0.1624052375555038,0.0277997741333066,0.6336306152944914,0.0135511798909577,0.6079239852832429,0.0135485932212319,0.5835029079779671,0.0,0.5791739375009338,0.3140266239643097,0.2700307071208954,0.0278823750108027,0.6332822361771359,0.0057209901965356,0.5978670753404283,0.0135485932212319,0.57604876104596,0.0,0.572109073283218,0.3122908771038055,0.3729749917984009,0.026310217576505,0.6346889667592301,0.0008181327325002,0.5921452675333908,0.0,0.5774506794401796,-0.0027093605789716,0.5649911294690042,,,,,,,,,,,,,,,,,,,,,,,,,0.560792088508606,0.0327469588935337,0.6322283573305629,0.0234677132994605,0.5839762002382421
enhancers/enhancer,0.7185924649238586,0.2236543721699734,0.5269069017678727,0.829675,0.4872034886318019,0.8398999999999999,0.5750071876347684,0.835375,0.4072511942595935,0.8014999999999999,0.1746692508459091,0.5587067445622941,0.855775,0.5109204860592989,0.8291,,,,,0.2049740552902221,0.5570158675831798,0.8437000000000001,0.4746748334074814,0.8359500000000001,0.113293319940567,0.0365039147436618,0.5273852196529815,0.847575,0.5486399563719825,0.845375,0.4479720744688664,0.8308,0.4129268568409523,0.8243999999999999,0.1267332285642624,0.0532668121159076,0.5291502622129182,0.842,0.4862645390838647,0.8464999999999999,0.458038862659178,0.833,0.3951316644589047,0.82785,0.1385601162910461,0.1097244247794151,0.5096656843222442,0.8415749999999999,0.4598599586754566,0.84565,0.4585968939178623,0.83935,0.3646984043128985,0.816275,,,,,,,,,,,,,,,,,,,,,,,,,0.214570090174675,0.5326700420873823,0.837275,0.4977514596506143,0.8391
enhancers/enhancer_strength,0.7185924649238586,0.2236543721699734,0.5030353645676501,0.8411805555555555,0.4975136795750458,0.8520222222222222,0.5118701524579086,0.8495125,0.5620709386787005,0.8209777777777777,0.1746692508459091,0.5417311638857459,0.8627222222222222,0.5013985610223213,0.8274194444444444,,,,,0.2049740552902221,0.5030892994528163,0.8581249999999999,0.5008728893791708,0.8498666666666667,0.113293319940567,0.0365039147436618,0.5011274179841059,0.8609166666666667,0.4943980547370392,0.8479111111111112,0.5229064072000861,0.8424805555555555,0.5187614794838364,0.8138666666666666,0.1267332285642624,0.0532668121159076,0.5044877627004057,0.8494472222222221,0.5088313552925241,0.838913888888889,0.518827221734721,0.8428972222222222,0.5446183997725921,0.8270555555555555,0.1385601162910461,0.1097244247794151,0.4852876582653205,0.8491027777777779,0.4930086494262458,0.848175,0.498779557169467,0.8398305555555557,0.566796490395189,0.8239388888888889,,,,,,,,,,,,,,,,,,,,,,,,,0.214570090174675,0.5021045196842217,0.844461111111111,0.4866780639921596,0.8494166666666666
genomic_benchmark/coding,0.7921416163444519,0.3394036897386295,0.8120059867798091,0.9659505728,0.8396065971639635,0.9711875008,0.7392732827656534,0.9437379712,0.5105144817999979,0.8330554048,0.2347011566162109,0.7701604165028659,0.9539458048,0.5867505102201632,0.8631015744000001,,,,,0.271793931722641,0.7940359827146642,0.9605889856,0.8421921468342877,0.9712095168,0.1953022480010986,0.0513390563428401,0.7898794949621469,0.9592193984,0.7718638072252628,0.9539723264,0.8194394496090738,0.964046848,0.7574319870024906,0.949330912,0.2322359085083007,0.0837163850665092,0.7972107783625858,0.9617108799999998,0.764510688686599,0.9516852288,0.8098891652084829,0.9615300352,0.7542939064519338,0.946488,0.2599672079086303,0.1369804739952087,0.8086423288932608,0.9651237440000002,0.7658611968805087,0.9522845056,0.819141789744909,0.9648683904,0.7490555498545881,0.9462111744,,,,,,,,,,,,,,,,,,,,,,,,,0.3118850290775299,0.8001658994848917,0.9634921088,0.8343645792646791,0.9691038144
genomic_benchmark/enhancer_cohn,0.7575298547744751,0.5183490884761676,0.451642275552252,0.8048237437147207,0.4245827720143311,0.7856795559015752,0.4451004829645551,0.7962012568735791,0.3359408641725929,0.7246137853066899,0.251694768667221,0.461784480257807,0.8084098040248988,0.4103822742888417,0.769550984714479,,,,,0.3928174972534179,0.4464675700133578,0.8025640095069253,0.4415371844972601,0.7978558708511191,0.2680010497570038,0.0303771439939737,0.4474037196163768,0.7991507933430312,0.4314919525193623,0.7899555013325406,0.4194139339466559,0.782042454366991,0.3739043090993282,0.7555943999159477,0.3251267373561859,0.0408664382994174,0.4478993439043523,0.8005332979359128,0.4094350006368802,0.7828579539296605,0.3998286301734086,0.7774850364696178,0.3585868726977371,0.749533668813381,0.3774090707302093,0.0681889355182647,0.4409961326207594,0.7997318015663026,0.3983007979003776,0.7731929335081993,0.3941025323892034,0.7686120664768861,0.3505503831459036,0.7405788339996864,,,,,,,,,,,,,,,,,,,,,,,,,0.4580250084400177,0.451065970378813,0.805177883638603,0.4310765817952597,0.7903878602756425
genomic_benchmark/enhancer_ensembl,0.4138891398906708,0.4469516050400337,0.6824332130125642,0.93056793636889,0.6116511427615126,0.8870412949755349,0.667552965610578,0.9215820032280972,0.4237850829912342,0.7807749143009124,0.257543683052063,0.7021797873393766,0.932910703734978,0.4981914331739352,0.8283065397378008,,,,,0.3656764924526214,0.6694715567599409,0.9245042558397832,0.6325572098649545,0.9024606541124458,0.1642909497022628,0.0765690132975578,0.6745809488308623,0.92321068989968,0.7005451914542024,0.9285896159782157,0.6403669403635338,0.8991359350852414,0.7070350060973176,0.9280075763633894,0.2080374509096145,0.0965074375271797,,,,,,,,,,,,,,,,,,,,,,,,,,,,,,,,,,,,,,,,,,,0.4201094210147857,0.6799990202297067,0.9284907942096932,0.6181760351621961,0.8902740212621525
genomic_benchmark/human_vs_worm,0.8866217136383057,0.5418111398162773,0.9187759926501834,0.9929202048,0.8718330435230177,0.9842571136,0.7972034923967092,0.9638703296,0.4299026451526411,0.783878592,0.3084353804588318,0.9040519475941436,0.9902917184,0.866784694720446,0.9799333056,,,,,0.5165548324584961,0.9054228044056192,0.9906233664,0.8686048395859699,0.9840439488,,,,,,,,,,,,,,,,,,,,,,,,,,,,,,,,,,,,,,,,,,,,,,,,,,,,,,,0.5418985486030579,0.9112823078189962,0.9917595648,0.8614277297372103,0.9822166336
genomic_benchmark/open_chromatin_region,0.5526285171508789,0.463068114445204,0.3583472561905425,0.7435897177313204,0.3072660921681368,0.7098253565390611,0.3301848730351558,0.7235972617398816,0.2463110644221758,0.6709862103793026,0.2949697375297546,0.3518102162469095,0.7397234796479347,0.228180386951987,0.6581228870083398,,,,,0.37509885430336,0.3505500156137657,0.7392107960269195,0.3267972234072179,0.7230164452458254,,,,,,,,,,,,,,,,,,,,,,,,,,,,,,,,,,,,,,,,,,,,,,,,,,,,,,,0.4322148859500885,0.3563680988230966,0.7415445560732644,0.3195823185992097,0.7175660282307972
genomic_benchmark/promoter_notata_251bps,0.8426409959793091,0.4218714464461596,0.7818066267009297,0.964482584119396,0.7309392964395885,0.9450645434636946,0.728274967861686,0.9428273857816432,0.6023645410476549,0.886607925903259,0.2857408225536346,0.7612063084836845,0.9586525188955136,0.6144388551369481,0.9033837929926498,,,,,0.3206528723239898,0.7520385389351013,0.947337166894255,0.7288754279927834,0.9352510029076482,,,,,,,,,,,,,,,,,,,,,,,,,,,,,,,,,,,,,,,,,,,,,,,,,,,,,,,0.3737951815128326,0.7684126107271002,0.954494085790065,0.7187178822119544,0.9336550442247512
genomic_benchmark/regulatory_region_type,0.3657228052616119,0.4470556562824563,0.5347485106129217,0.8566213107715618,0.4147594495353882,0.7923604886621934,0.6382741986608262,0.9078047540296084,0.6163959407362729,0.8914246969906876,0.2589246332645416,0.5747943947738144,0.8832470703501029,0.4789774209718668,0.8206997148357872,,,,,0.3492237627506256,0.5452279752958341,0.8650622600159329,0.446686589077687,0.8096760114145042,,,,,,,,,,,,,,,,,,,,,,,,,,,,,,,,,,,,,,,,,,,,,,,,,,,,,,,0.4096972048282623,0.543170244938574,0.8617578593961565,0.4272879734484207,0.7996111279045705
iDHS-EL/DNase_I,0.3936883807182312,0.17872688615066,0.5910240894493848,0.8464714714714715,0.63160056256292,0.8547297297297297,0.6028596880201922,0.858108108108108,0.3676584207157504,0.7385242385242385,0.1099152192473411,0.6032554715186295,0.8373552123552124,0.2616720883197425,0.7429214929214928,,,,,0.148447960615158,0.6147974177060035,0.8372479622479622,0.5597109530781973,0.8460960960960962,,,,,,,,,,,,,,,,,,,,,,,,,,,,,,,,,,,,,,,,,,,,,,,,,,,,,,,0.1216522827744484,0.6147974177060035,0.8499839124839124,0.6294255682348096,0.8506810381810382
iDNA_ABF/5mC,0.8033928871154785,0.5136587313453531,0.3752513030669805,0.7648581970128023,0.3612867041050278,0.760525103452735,0.2438945688660037,0.6644363038277512,0.0944226217334398,0.5405203349282297,0.0911411121487617,0.2994929281256411,0.7068448532264321,0.1134440815326542,0.5856899812491918,,,,,0.5258398056030273,0.4371944676121266,0.7950463920858657,0.3148695588608865,0.7284486939092202,,,,,,,,,,,,,,,,,,,,,,,,,,,,,,,,,,,,,,,,,,,,,,,,,,,,,,,0.5470332503318787,0.4314465619049129,0.7828482639337904,0.328478093639845,0.7362965537307642
iDNA_ABF/6mA,0.8588035106658936,0.6011942401051408,0.4628113040665725,0.8104904725392263,0.369772503150739,0.7569824937383929,0.3519389401845464,0.7410935943592878,0.1968197777606609,0.6432820249402854,0.1365521699190139,0.4216202656685457,0.7851626256514118,0.182070948460679,0.6351713547083258,0.7306977827291563,0.7309580076349754,0.6845294959242485,0.6846936920559898,0.535804271697998,0.4591591495019103,0.801092931459868,0.3771318598766488,0.7570732375971303,,,,,,,,,,,,,,,,,,,,,,,,,,,,,,,,,,,,,,,,,,,,,,,,,,,,,,,0.5894374251365662,0.4509570872420309,0.8019490168220146,0.3619509691395805,0.748020496744308
iPro-WAEL/Promoter_Arabidopsis_NonTATA,0.6462222337722778,0.1907215613652122,0.8375033812561967,0.9753424880154687,0.842937868489796,0.9735470388871116,0.746552455998056,0.9453959770722948,0.3945744159370594,0.771252547629032,0.1493620723485946,0.778325179938734,0.96042173059054,0.434006538137452,0.7882874069693189,0.9187095293937696,0.9187129551227772,0.9209254159059764,0.920970928591589,0.2097272872924804,0.8363405541831519,0.972083466636416,0.8133793216939085,0.9701415965524316,,,,,,,,,,,,,,,,,,,,,,,,,,,,,,,,,,,,,,,,,,,,,,,,,,,,,,,0.2114290744066238,0.8442778980348145,0.9742337356430988,0.82942037057861,0.9710092880914356
iPro-WAEL/Promoter_Arabidopsis_TATA,0.613161563873291,0.1370642867607522,0.8389797361247177,0.9763775468118452,0.7665321806344162,0.960243442217273,0.774238537983691,0.9551523962715498,0.3201143124714475,0.7596201435288295,0.1228548511862754,0.7707368061828416,0.9585343974263796,0.3699605128359727,0.7609502598366742,0.9193637536080574,0.9268849961919268,0.8831234986865436,0.8956587966488957,0.1918820142745971,0.8428800482021628,0.9731386104924524,0.7672375457026263,0.9584467541037698,,,,,,,,,,,,,,,,,,,,,,,,,,,,,,,,,,,,,,,,,,,,,,,,,,,,,,,0.1737714260816574,0.8414767788475599,0.9754753361379196,0.7853865476657464,0.9589532809535596
iPro-WAEL/Promoter_B_amyloliquefaciens,0.718120813369751,0.3450176737841324,0.6195093746489395,0.8862177743935602,0.5849049144698284,0.8656586533231807,0.5692697969978969,0.8730209744568496,0.161586251650749,0.6062814592130377,0.0532884933054447,0.6289271481265389,0.8796416245562335,0.321518595637844,0.6992078953353835,0.809736668389081,0.809748427672956,0.7924446202531645,0.7924528301886793,0.5058175921440125,0.6198227208758423,0.885891439138475,0.5572853014297503,0.855769706199381,,,,,,,,,,,,,,,,,,,,,,,,,,,,,,,,,,,,,,,,,,,,,,,,,,,,,,,0.4588544368743896,0.635388789694115,0.8857332159844941,0.5700654571632071,0.8644868130890104
iPro-WAEL/Promoter_GM12878,0.3865718245506286,0.5737141966819763,0.8814547785665838,0.9846854876033058,0.8363656270544401,0.9735791074380163,0.8749100164342258,0.981530181818182,0.8148405206431946,0.968028033057851,0.1854666471481323,0.8865689013057809,0.9846878677685952,0.844088525540708,0.968457785123967,0.9407272648895556,0.9407272727272727,0.918181720811304,0.9181818181818182,0.5261792540550232,0.8836447765589129,0.9831161652892562,0.8118169425429567,0.9646312727272728,,,,,,,,,,,,,,,,,,,,,,,,,,,,,,,,,,,,,,,,,,,,,,,,,,,,,,,0.5615978240966797,0.8792876098864874,0.9838963305785124,0.8116537506533513,0.966738776859504
iPro-WAEL/Promoter_HUVEC,0.4350407421588897,0.5737759470939636,0.9054914543230016,0.9881083955105548,0.8665888585076429,0.9807933224205506,0.894920762691629,0.9842347174934246,0.8323302923529641,0.972571399782554,0.2091886401176452,0.90965337551516,0.9866347649950676,0.8403876838493228,0.971557941433533,0.9527147610192718,0.9527162977867204,0.933264095339256,0.9332662642521796,0.5212644338607788,0.9008747404227432,0.9870351102816316,0.8417169684775319,0.9748277278245824,,,,,,,,,,,,,,,,,,,,,,,,,,,,,,,,,,,,,,,,,,,,,,,,,,,,,,,0.5577736496925354,0.9068198683793516,0.9869820307941995,0.8517867180231343,0.9768595926104356
iPro-WAEL/Promoter_Hela-S3,0.403218150138855,0.5669175982475281,0.8953355384254735,0.986053519589573,0.8431520253458673,0.9781645123209765,0.8850747489768371,0.9803081079375452,0.8038214279034149,0.9677711245907238,0.2076637744903564,0.8891380880445608,0.9852811384003148,0.8249749478911899,0.971532335602759,0.9475406488500906,0.9475476839237056,0.921297778530768,0.9213215258855586,0.5131283402442932,0.8878842431991438,0.984770935265686,0.8368882619695489,0.9750318325921196,,,,,,,,,,,,,,,,,,,,,,,,,,,,,,,,,,,,,,,,,,,,,,,,,,,,,,,0.551276445388794,0.8925826610857607,0.9857648917135028,0.842940574889346,0.975042969359042
iPro-WAEL/Promoter_NHEK,0.443560928106308,0.5064006447792053,0.8038537864951865,0.964428368457535,0.7692923843356432,0.9435472443809576,0.7313767668908641,0.9344767368384772,0.651024405577065,0.9037189655370496,0.1986773610115051,0.7633660808217766,0.9461935271387594,0.6710372916944949,0.9101249995212948,0.9016311722043486,0.9016634050880626,0.8845241971005611,0.8845401174168297,0.4387234449386596,0.7777663242900644,0.9531706565155617,0.7407076922114606,0.940412682243098,,,,,,,,,,,,,,,,,,,,,,,,,,,,,,,,,,,,,,,,,,,,,,,,,,,,,,,0.4835348129272461,0.792861221371858,0.9603115030962658,0.7495466452615224,0.9414725357209875
iPro-WAEL/Promoter_R_capsulatus,0.7833713293075562,0.5525049567222595,0.4039073812510058,0.7884132841914249,0.3153936653401583,0.7344983500733875,0.2661308308463381,0.6954502192096388,0.2099226147283003,0.6272918183167653,0.1312896460294723,0.3630517375249467,0.7497902366575036,0.1494023597107125,0.6112479986156016,,,,,0.5181116461753845,0.3918497350477037,0.7694563934358561,0.3556353110331344,0.7574218914342732,,,,,,,,,,,,,,,,,,,,,,,,,,,,,,,,,,,,,,,,,,,,,,,,,,,,,,,0.5584327578544617,0.3994567786435407,0.7825022047972897,0.3624284621447983,0.7541184660802555
mouse/mouse_TFBS_1,0.6962244510650635,0.3601136207580566,0.4991715350236408,0.8340835577232468,0.4338611862178987,0.7884434960795271,0.1773791550999437,0.6249365780961574,0.0453388461090713,0.5165330488238582,0.1396159082651138,0.3946237665435863,0.7747355586038713,0.1550606304520295,0.5979325644803468,,,,,0.3784912526607513,0.3934861463606816,0.7663005300682484,0.3881640875587522,0.7547298006740164,,,,,,,,,,,,,,,,,,,,,,,,,,,,,,,,,,,,,,,,,,,,,,,,,,,,,,,0.3995900154113769,0.4437230066892898,0.8072444918626902,0.4242793371704198,0.7797676505952683
mouse/mouse_TFBS_2,0.7924691438674927,0.5828137993812561,0.7616447811744251,0.9538689249579836,0.6774901979998696,0.9114732579394432,0.655266181262916,0.9113270445553728,0.4511594287064587,0.7956915457279525,0.1553743481636047,0.7092233429161737,0.9354165496588296,0.4507199374274779,0.7938293476799891,,,,,0.4991687536239624,0.7013118362945396,0.9296798337271246,0.6897880997704826,0.9178953613227414,,,,,,,,,,,,,,,,,,,,,,,,,,,,,,,,,,,,,,,,,,,,,,,,,,,,,,,0.5562260746955872,0.7364406348780349,0.9450107477194564,0.6803141666010725,0.909334090860147
mouse/mouse_TFBS_3,0.8078533411026001,0.7014920115470886,0.7746771856811544,0.9613945324789296,0.6542715621917768,0.9277441094166544,0.6075261010879154,0.9160891990793636,0.3138735524992435,0.7667155133873131,0.1681025028228759,0.7460957412366812,0.9561435100094382,0.5049531252393357,0.8115489377908036,,,,,0.6835255026817322,0.6813005915627031,0.9350586988558276,0.6132960181314542,0.8969706754094018,,,,,,,,,,,,,,,,,,,,,,,,,,,,,,,,,,,,,,,,,,,,,,,,,,,,,,,0.709123432636261,0.749488750157268,0.952194376831752,0.6645333050136237,0.9201935654794428
mouse/mouse_TFBS_4,0.6129438877105713,0.271383136510849,0.4994091705736809,0.8150751920880084,0.2538557562917989,0.7419917687745489,0.1928715142828474,0.6387219692346212,0.0683212704814165,0.5283515640893229,0.0626427605748176,0.5640642388413492,0.841666275448727,0.1329810730183325,0.6003434893510476,,,,,0.248607262969017,0.3762284824177616,0.7670649265292709,0.454809700968545,0.7906592804719653,,,,,,,,,,,,,,,,,,,,,,,,,,,,,,,,,,,,,,,,,,,,,,,,,,,,,,,0.2425802499055862,0.5248511965950351,0.8342839929267797,0.4532820131589984,0.7954321393361814
mouse/mouse_TFBS_5,0.7318862080574036,0.4260237216949463,0.3667483368719917,0.7471459942047145,0.2936189070835855,0.7140217714777978,0.1535146270378425,0.6075614378573106,0.1125409903444695,0.5748865533714465,0.1743312329053878,0.3103936004147993,0.7173877985746729,0.0988157805968392,0.5719940480852064,,,,,0.4439561367034912,0.3222314955528254,0.7253326650481635,0.2864549466794905,0.6959953637716344,,,,,,,,,,,,,,,,,,,,,,,,,,,,,,,,,,,,,,,,,,,,,,,,,,,,,,,0.4495979249477386,0.3516384854842889,0.7435495340277233,0.2703442294010301,0.6970976583914167
prom/promoter_all_300bps,0.7455388307571411,0.3808757066726684,0.804743752910498,0.9578577387783098,0.7624933011118871,0.9417291749740506,0.7460446271648383,0.9401903177250908,0.4502591803313209,0.7973136774289775,0.2460191696882248,0.7750536343272645,0.9491144011733323,0.5664737706685213,0.8638629816887504,,,,,0.3321733176708221,0.7972808124104992,0.9552031935359168,0.7757988594437888,0.946624747988218,,,,,,,,,,,,,,,,,,,,,,,,,,,,,,,,,,,,,,,,,,,,,,,,,,,,,,,0.3694277703762054,0.8019876073321129,0.9572774267960944,0.7655276600975971,0.94333974206778
prom/promoter_all_70bps,0.7870063781738281,0.5458667278289795,0.6012646869986636,0.8805831770784186,0.5397275988989979,0.8458377280028087,0.5252475954966924,0.8440119172275102,0.3033615789538036,0.7033566713746069,0.1872536092996597,0.5658762385774253,0.86591044741667,0.3517111519897694,0.7384807912992393,,,,,0.4965972006320953,0.5950356713725237,0.8795002493483459,0.5297416695795553,0.841930581471211,,,,,,,,,,,,,,,,,,,,,,,,,,,,,,,,,,,,,,,,,,,,,,,,,,,,,,,0.5373725295066833,0.6039520311046975,0.8806747992783863,0.5182078536619762,0.8361391427185717
prom/promoter_notata_300bps,0.740764856338501,0.3682328760623932,0.8895268873998422,0.9868878705714504,0.8430936813253892,0.970224662887301,0.8308389106223332,0.9729320045579656,0.4955956605240552,0.8216134062271154,0.2419809103012085,0.8592738801235312,0.9792694944572106,0.6347993977584206,0.8930811327365471,,,,,0.3269151449203491,0.8790491411785238,0.98509108040201,0.8590071966879842,0.9745427356632408,,,,,,,,,,,,,,,,,,,,,,,,,,,,,,,,,,,,,,,,,,,,,,,,,,,,,,,0.3597498834133148,0.8870137446186589,0.9865550506931644,0.8503104818421212,0.9717057965707936
prom/promoter_notata_70bps,0.7810558676719666,0.5373355150222778,0.6425880664685175,0.9007476452614832,0.5826678298389418,0.8692489299512639,0.5778758343012818,0.8658434603924143,0.312712610730671,0.7169275712734527,0.1861440688371658,0.6141096061873094,0.8883261312845634,0.3795933150370961,0.754507667104366,,,,,0.4989485740661621,0.6463700508332808,0.90127875558698,0.5842055098440486,0.8664827277088962,,,,,,,,,,,,,,,,,,,,,,,,,,,,,,,,,,,,,,,,,,,,,,,,,,,,,,,0.5338903069496155,0.6432206486313436,0.9007442678215196,0.5698665812996379,0.8612195556930381
prom/promoter_tata_300bps,0.7469050884246826,0.3505945205688476,0.4402925658170874,0.7960733695652175,0.4696995315937951,0.7998623582230624,0.3805436019857137,0.7602286153119093,0.3826086956521739,0.7474769612476371,0.2140485048294067,0.4141600396715265,0.7749226134215501,0.1899204142299054,0.6446650519848771,,,,,0.299980878829956,0.4532632794071118,0.7893885869565217,0.4863527678026347,0.805922140831758,,,,,,,,,,,,,,,,,,,,,,,,,,,,,,,,,,,,,,,,,,,,,,,,,,,,,,,0.3329728841781616,0.4565228178718271,0.7940613185255199,0.4891315905769576,0.8047938327032136
prom/promoter_tata_70bps,0.7838557958602905,0.4806110858917236,0.4794727522646266,0.8097123109640831,0.31695004162996,0.7239319470699433,0.434884642137308,0.7767893431001891,0.2404186360628749,0.6587045132325141,0.1127024590969085,0.4903984851462032,0.8174875945179583,0.2241811223641781,0.663609995274102,,,,,0.4508170187473297,0.4688575884885828,0.8120457230623819,0.429568231951321,0.7848859877126654,,,,,,,,,,,,,,,,,,,,,,,,,,,,,,,,,,,,,,,,,,,,,,,,,,,,,,,0.4794200360774994,0.4892240806794822,0.8166912807183364,0.4243936325835886,0.7857212901701323
splice/acceptors,0.7661346793174744,0.5375951528549194,0.5324430493485822,0.8384552140366094,0.695896995160626,0.9035176451455522,0.4398354069707575,0.7837638459731483,0.3094945261299452,0.7195732368406786,0.2623187601566314,0.481016009882062,0.8159670045716556,0.2818911898443505,0.6930994651343488,,,,,0.4158281981945038,0.48367904186687,0.813418080627383,0.7298583820362649,0.9173596881155022,,,,,,,,,,,,,,,,,,,,,,,,,,,,,,,,,,,,,,,,,,,,,,,,,,,,,,,0.4819742739200592,0.5024423892776834,0.8289117471675611,0.6938155997400219,0.9069830686109756
splice/donors,0.7714531421661377,0.5341780185699463,0.5475745631113839,0.8486896148606355,0.6867775400809555,0.9027119463161384,0.4405881174916725,0.797138655694245,0.2947189212374455,0.7126641260723885,0.2604779005050659,0.5114450215391451,0.8295526344858059,0.296604690576615,0.7050391214698626,,,,,0.3982560634613037,0.4964634792685207,0.8266760558194336,0.7157269002265042,0.9175353934239108,,,,,,,,,,,,,,,,,,,,,,,,,,,,,,,,,,,,,,,,,,,,,,,,,,,,,,,0.4703713953495025,0.5202332467479143,0.8361041459553002,0.6850804807392615,0.9063720129607128
splice/splice_site_type_DNABERT,0.8034116625785828,0.5226407051086426,0.3168525248759906,0.7745040008285775,0.4751619319928034,0.8382451353048962,0.2278698421737423,0.738704569811925,0.2403011370700808,0.723066257955859,0.3248154819011688,0.2426552130233854,0.7639177522854972,0.1391130903265298,0.6565210344205165,,,,,0.4056755602359772,0.2700701325402654,0.7537119172900105,0.5062748678661303,0.8443129522550125,,,,,,,,,,,,,,,,,,,,,,,,,,,,,,,,,,,,,,,,,,,,,,,,,,,,,,,0.4695168733596802,0.2902345092077235,0.765891285770064,0.4939509524726445,0.8391634374141642
splice/splice_site_type_NT,0.7731910347938538,0.4535203874111175,0.2693938895178651,0.7129207025636175,0.4888767784107003,0.8168929324841505,0.2312617444083654,0.6865162984733146,0.2962887498625036,0.7191934409477918,0.285633772611618,0.2226457583940662,0.6881269214211271,0.1651187965198732,0.6348219076995627,,,,,0.3814849853515625,0.2504764432296333,0.7020161417337919,0.502337174086304,0.828981102702785,,,,,,,,,,,,,,,,,,,,,,,,,,,,,,,,,,,,,,,,,,,,,,,,,,,,,,,0.4249773025512695,0.2556112551766823,0.7055522263036997,0.4873728045989501,0.8220147603474013
tf/Human_TFBS_1,0.7984305620193481,0.5175875425338745,0.5750267673042696,0.8698132470182254,0.5083147270535469,0.8271745568065214,0.5288517459552002,0.8424040678258247,0.2322899617520374,0.6668057359959892,0.1939980834722519,0.5624433439305296,0.8595223798591966,0.3295806460071598,0.7266235399459493,,,,,0.4507744312286377,0.5685336849919217,0.8665487933305682,0.510333967596962,0.8258411306725649,,,,,,,,,,,,,,,,,,,,,,,,,,,,,,,,,,,,,,,,,,,,,,,,,,,,,,,0.5036188364028931,0.5734401717997902,0.8669813615513405,0.4800850689122944,0.8147133282338112
tf/Human_TFBS_2,0.8016604781150818,0.5146544575691223,0.5408309185029969,0.8573312493305004,0.4922598758041926,0.8202183690031405,0.5090925030568112,0.8357554461004902,0.2180383129751118,0.654625011256338,0.1938907951116562,0.5297555758242982,0.8471881594689314,0.3125535497485134,0.716007264173421,,,,,0.4431596100330353,0.5363213081436957,0.8528223027326496,0.4848794763875435,0.8204032164962566,,,,,,,,,,,,,,,,,,,,,,,,,,,,,,,,,,,,,,,,,,,,,,,,,,,,,,,0.4975111782550812,0.5406462076782524,0.8550579582237172,0.4670006495614999,0.8076808796209426
tf/Human_TFBS_3,0.7973709106445312,0.4988459050655365,0.5152919283267259,0.8312376519421901,0.4369683769293263,0.7906031343035469,0.4527243871988992,0.800402391782906,0.1706979150484933,0.6313481736712456,0.1889369934797287,0.5019425559100678,0.8201107232271942,0.2665687207591911,0.686927707505302,,,,,0.4448130130767822,0.5023574728152741,0.8239994358052117,0.4138970121008014,0.7855073471258809,,,,,,,,,,,,,,,,,,,,,,,,,,,,,,,,,,,,,,,,,,,,,,,,,,,,,,,0.4935664236545563,0.5085797267855675,0.8291921435875735,0.3966238417037387,0.773653010130319
tf/Human_TFBS_4,0.7946770191192627,0.5202347040176392,0.3940136514646797,0.7685948829798418,0.309187907390912,0.7152578006103059,0.3278755449156397,0.7276416853471198,0.1697559337886174,0.6227176577016027,0.1527183502912521,0.3675622346578794,0.7572246879212163,0.1664910433750909,0.6198688044458184,,,,,0.4236927032470703,0.3724441501681974,0.7561235897746591,0.3069495416706609,0.7094018992700254,,,,,,,,,,,,,,,,,,,,,,,,,,,,,,,,,,,,,,,,,,,,,,,,,,,,,,,0.4923629462718963,0.3855808133303741,0.763656563428359,0.2838127799687631,0.69009384500428
tf/Human_TFBS_5,0.8086487650871277,0.5298661589622498,0.6958102175870315,0.9308012069738504,0.6164686384592907,0.8938655906666062,0.6674194958423321,0.92134001299663,0.5167721453677218,0.8322205598625783,0.1934123784303665,0.6845188820120188,0.927513664092528,0.4816191169597796,0.820192732969629,,,,,0.4421829283237457,0.6904224203904062,0.9260728516520328,0.642402846277134,0.9156484965720127,,,,,,,,,,,,,,,,,,,,,,,,,,,,,,,,,,,,,,,,,,,,,,,,,,,,,,,0.4998055398464203,0.6990818863386135,0.9293570698140676,0.635047562322763,0.911307773294444
virus/covid_variants,0.969342052936554,0.9145329741589024,0.4972662645734813,0.8602467777319363,0.3659487743822541,0.784554419568099,0.4991213929279857,0.8539647260585873,0.501205580471521,0.8553152247782845,0.7620604634284973,0.4311525168293005,0.8367249595013216,0.346484690245763,0.7788332082243756,,,,,0.8764357566833496,0.5527329577713171,0.886153381269886,0.4292748662378815,0.8213470210619416,,,,,,,,,,,,,,,,,,,,,,,,,,,,,,,,,,,,,,,,,,,,,,,,,,,,,,,0.9055892825126648,0.5300519424517863,0.8738862411684849,0.4018496829116881,0.8044288503230622
