dataset,group,RF_MCC,LP_MCC,kmer_size,delta_MCC,RF_wins,LP_wins,tie
EMP/Yeast_H3,EMP,0.6502389898680512,0.6616656513308365,4,-0.01142666146278537,False,True,False
EMP/Yeast_H3K14ac,EMP,0.3633473065783845,0.3398975772725472,4,0.023449729305837275,True,False,False
EMP/Yeast_H3K36me3,EMP,0.4178110054905303,0.3984789745256728,4,0.019332030964857472,True,False,False
EMP/Yeast_H3K4me1,EMP,0.3299346521568046,0.3123472311713434,4,0.017587420985461233,True,False,False
EMP/Yeast_H3K4me2,EMP,0.2824098100137923,0.2726606010358738,4,0.009749208977918478,True,False,False
EMP/Yeast_H3K4me3,EMP,0.2671023546531975,0.2131569312592608,4,0.05394542339393668,True,False,False
EMP/Yeast_H3K79me3,EMP,0.5617634092419973,0.5522681261194585,4,0.009495283122538778,True,False,False
EMP/Yeast_H3K9ac,EMP,0.3931747751902265,0.4036702680994206,4,-0.010495492909194104,False,True,False
EMP/Yeast_H4,EMP,0.7081212245762214,0.6952969045605618,4,0.012824320015659585,True,False,False
EMP/Yeast_H4ac,EMP,0.3557796212567258,0.3218633500543824,4,0.03391627120234342,True,False,False
deep4mc/A.thaliana_4mC,deep4mc,0.1961400579652814,0.205716560847001,4,-0.0095765028817196,False,True,False
deep4mc/C.elegans_4mC,deep4mc,0.216222180831382,0.228203222514412,4,-0.011981041683029992,False,True,False
deep4mc/D.melanogaster_4mC,deep4mc,0.2289306099976899,0.2327727053230398,4,-0.0038420953253499035,False,True,False
deep4mc/E.coli_4mC,deep4mc,0.0,0.0763280304197795,4,-0.0763280304197795,False,True,False
deep4mc/G.pickeringii_4mC,deep4mc,0.0228919456076237,0.1011472711686436,4,-0.0782553255610199,False,True,False
deep4mc/G.subterraneus_4mC,deep4mc,-0.0066371600682268,0.0731200786943749,4,-0.0797572387626017,False,True,False
enhancers/enhancer,enhancers,0.5083022996014029,0.43544110754525,4,0.07286119205615293,True,False,False
enhancers/enhancer_strength,enhancers,0.473895749303635,0.2810013320855966,4,0.1928944172180384,True,False,False
genomic_benchmark/coding,genomic_benchmark,0.7477382191867453,0.7626462652477753,4,-0.014908046061030022,False,True,False
genomic_benchmark/enhancer_cohn,genomic_benchmark,0.4082676478885972,0.4531344405672391,4,-0.04486679267864191,False,True,False
genomic_benchmark/enhancer_ensembl,genomic_benchmark,0.6914749372221595,0.5222539616718624,4,0.16922097555029703,True,False,False
genomic_benchmark/human_vs_worm,genomic_benchmark,0.8805642858929225,0.8799825189949471,4,0.0005817668979753998,True,False,False
genomic_benchmark/open_chromatin_region,genomic_benchmark,0.3447417055691516,0.3218127739087383,4,0.02292893166041332,True,False,False
genomic_benchmark/promoter_notata_251bps,genomic_benchmark,0.7709718857136543,0.656866055657908,4,0.11410583005574626,True,False,False
genomic_benchmark/regulatory_region_type,genomic_benchmark,0.8302014479728175,0.4198073864556096,4,0.41039406151720786,True,False,False
iDHS-EL/DNase_I,iDHS-EL,0.5541318506816152,0.6493789489824234,4,-0.09524709830080824,False,True,False
iDNA_ABF/5mC,iDNA_ABF,0.4741182736614529,0.4104236972192441,4,0.06369457644220883,True,False,False
iDNA_ABF/6mA,iDNA_ABF,0.5176495660077043,0.5093656457542197,4,0.008283920253484567,True,False,False
iPro-WAEL/Promoter_Arabidopsis_NonTATA,iPro-WAEL,0.7911991840381203,0.8069766602927885,4,-0.015777476254668188,False,True,False
iPro-WAEL/Promoter_Arabidopsis_TATA,iPro-WAEL,0.7875570194300952,0.7836229064316187,4,0.003934112998476458,True,False,False
iPro-WAEL/Promoter_B_amyloliquefaciens,iPro-WAEL,0.6135288988226918,0.61022135106267,4,0.003307547760021845,True,False,False
iPro-WAEL/Promoter_GM12878,iPro-WAEL,0.8741820493704899,0.8720009224477446,4,0.0021811269227453023,True,False,False
iPro-WAEL/Promoter_HUVEC,iPro-WAEL,0.902472192133314,0.8967531474316855,4,0.0057190447016284285,True,False,False
iPro-WAEL/Promoter_Hela-S3,iPro-WAEL,0.8780232803569717,0.8866564598158893,4,-0.008633179458917506,False,True,False
iPro-WAEL/Promoter_NHEK,iPro-WAEL,0.7525661843691549,0.7808951897004471,4,-0.028329005331292234,False,True,False
iPro-WAEL/Promoter_R_capsulatus,iPro-WAEL,0.4064053451604786,0.3455452264830873,4,0.06086011867739133,True,False,False
mouse/mouse_TFBS_1,mouse,0.4416049518270179,0.4551594495133851,4,-0.013554497686367184,False,True,False
mouse/mouse_TFBS_2,mouse,0.6819068481034495,0.6222118735037526,4,0.05969497459969686,True,False,False
mouse/mouse_TFBS_3,mouse,0.6808964187417977,0.6775412299239932,4,0.0033551888178044997,True,False,False
mouse/mouse_TFBS_4,mouse,0.4921598828379329,0.4912570865241246,4,0.0009027963138082962,True,False,False
mouse/mouse_TFBS_5,mouse,0.3870082880854226,0.3900891065696797,4,-0.0030808184842571196,False,True,False
prom/promoter_all_300bps,prom,0.7615961382717149,0.7421341065017661,4,0.019462031769948762,True,False,False
prom/promoter_all_70bps,prom,0.5596850011280262,0.5544774692881503,4,0.0052075318398758785,True,False,False
prom/promoter_notata_300bps,prom,0.8550715120202524,0.8266651310688066,4,0.028406380951445875,True,False,False
prom/promoter_notata_70bps,prom,0.6193367727750063,0.5881683785620992,4,0.03116839421290707,True,False,False
prom/promoter_tata_300bps,prom,0.4393059015294429,0.448934525381967,4,-0.00962862385252411,False,True,False
prom/promoter_tata_70bps,prom,0.4956568587826203,0.4882537888036059,4,0.007403069979014354,True,False,False
splice/acceptors,splice,0.5234672000959323,0.3083491649442837,4,0.21511803515164857,True,False,False
splice/donors,splice,0.5279125486071893,0.3203924748175457,4,0.2075200737896436,True,False,False
splice/splice_site_type_DNABERT,splice,0.2268994143841081,0.1083141837640924,4,0.1185852306200157,True,False,False
splice/splice_site_type_NT,splice,0.2218988263621867,0.1749483669785222,4,0.04695045938366449,True,False,False
tf/Human_TFBS_1,tf,0.5718813178307669,0.5429844968157705,4,0.028896821014996354,True,False,False
tf/Human_TFBS_2,tf,0.5284336774836105,0.5161003416146238,4,0.012333335868986661,True,False,False
tf/Human_TFBS_3,tf,0.5149002093064681,0.4975414656351807,4,0.01735874367128737,True,False,False
tf/Human_TFBS_4,tf,0.3769829376565057,0.3644964588364233,4,0.012486478820082414,True,False,False
tf/Human_TFBS_5,tf,0.7116751234762081,0.565224235498005,4,0.14645088797820305,True,False,False
virus/covid_variants,virus,0.65530456624256,0.3308198828712216,4,0.32448468337133834,True,False,False
EMP/Yeast_H3,EMP,0.6318674532287831,0.6648022444126576,5,-0.032934791183874434,False,True,False
EMP/Yeast_H3K14ac,EMP,0.3864247241018781,0.3493836755122649,5,0.03704104858961321,True,False,False
EMP/Yeast_H3K36me3,EMP,0.4437202686165719,0.4183290441750334,5,0.025391224441538462,True,False,False
EMP/Yeast_H3K4me1,EMP,0.3495853630264314,0.3181194015526919,5,0.03146596147373948,True,False,False
EMP/Yeast_H3K4me2,EMP,0.2896240365970529,0.2604079423503116,5,0.029216094246741264,True,False,False
EMP/Yeast_H3K4me3,EMP,0.3223549350506919,0.2305406446709335,5,0.09181429037975841,True,False,False
EMP/Yeast_H3K79me3,EMP,0.5733300037492575,0.5652854091048871,5,0.008044594644370351,True,False,False
EMP/Yeast_H3K9ac,EMP,0.4107064961888284,0.4067914826691573,5,0.003915013519671051,True,False,False
EMP/Yeast_H4,EMP,0.6824589891710412,0.7124657163896908,5,-0.03000672721864961,False,True,False
EMP/Yeast_H4ac,EMP,0.3864459445429409,0.3507484183047079,5,0.035697526238233024,True,False,False
deep4mc/A.thaliana_4mC,deep4mc,0.2021958359642879,0.2275099631944917,5,-0.02531412723020382,False,True,False
deep4mc/C.elegans_4mC,deep4mc,0.238212422449133,0.2763587042510436,5,-0.0381462818019106,False,True,False
deep4mc/D.melanogaster_4mC,deep4mc,0.2372123246116766,0.2754031952001199,5,-0.03819087058844331,False,True,False
deep4mc/E.coli_4mC,deep4mc,0.0,0.0945176234342915,5,-0.0945176234342915,False,True,False
deep4mc/G.pickeringii_4mC,deep4mc,0.0,0.1051699268051705,5,-0.1051699268051705,False,True,False
deep4mc/G.subterraneus_4mC,deep4mc,0.0,0.1385956360817701,5,-0.1385956360817701,False,True,False
enhancers/enhancer,enhancers,0.5208746559314252,0.4459430518499069,5,0.07493160408151833,True,False,False
enhancers/enhancer_strength,enhancers,0.4661662382004545,0.308161693144781,5,0.15800454505567352,True,False,False
genomic_benchmark/coding,genomic_benchmark,0.7159511643016548,0.7900395029627469,5,-0.0740883386610921,False,True,False
genomic_benchmark/enhancer_cohn,genomic_benchmark,0.3960654262495107,0.4563830307915898,5,-0.06031760454207913,False,True,False
genomic_benchmark/enhancer_ensembl,genomic_benchmark,0.6799531158257769,0.565515089999745,5,0.11443802582603191,True,False,False
genomic_benchmark/human_vs_worm,genomic_benchmark,0.8526549413739801,0.9054388852720768,5,-0.05278394389809671,False,True,False
genomic_benchmark/open_chromatin_region,genomic_benchmark,0.34561111052306,0.375226597667758,5,-0.029615487144698027,False,True,False
genomic_benchmark/promoter_notata_251bps,genomic_benchmark,0.7835145339749172,0.695092247922713,5,0.08842228605220426,True,False,False
genomic_benchmark/regulatory_region_type,genomic_benchmark,0.8239442868325784,0.4463650649271626,5,0.37757922190541576,True,False,False
iDHS-EL/DNase_I,iDHS-EL,0.5968101769219415,0.6095551548850041,5,-0.01274497796306262,False,True,False
iDNA_ABF/5mC,iDNA_ABF,0.3952028703016922,0.3731355045474719,5,0.022067365754220303,True,False,False
iDNA_ABF/6mA,iDNA_ABF,0.4921725576073377,0.5355390017590463,5,-0.04336644415170865,False,True,False
iPro-WAEL/Promoter_Arabidopsis_NonTATA,iPro-WAEL,0.8053905478625556,0.8285300621474014,5,-0.02313951428484584,False,True,False
iPro-WAEL/Promoter_Arabidopsis_TATA,iPro-WAEL,0.7559018149912003,0.7963127566356061,5,-0.04041094164440573,False,True,False
iPro-WAEL/Promoter_B_amyloliquefaciens,iPro-WAEL,0.6084191516409551,0.6292016980151628,5,-0.020782546374207733,False,True,False
iPro-WAEL/Promoter_GM12878,iPro-WAEL,0.8705454545454545,0.8655554994345525,5,0.004989955110902056,True,False,False
iPro-WAEL/Promoter_HUVEC,iPro-WAEL,0.8972594628352032,0.9064629939364164,5,-0.009203531101213192,False,True,False
iPro-WAEL/Promoter_Hela-S3,iPro-WAEL,0.8748898917318654,0.8949544133218462,5,-0.020064521589980844,False,True,False
iPro-WAEL/Promoter_NHEK,iPro-WAEL,0.7402719939039719,0.77904549122284,5,-0.03877349731886803,False,True,False
iPro-WAEL/Promoter_R_capsulatus,iPro-WAEL,0.3841810173182615,0.3436380057722216,5,0.0405430115460399,True,False,False
mouse/mouse_TFBS_1,mouse,0.5006563550661874,0.5236996769301087,5,-0.023043321863921218,False,True,False
mouse/mouse_TFBS_2,mouse,0.6982134667906812,0.6870592056370937,5,0.01115426115358753,True,False,False
mouse/mouse_TFBS_3,mouse,0.7613526697459722,0.7383591757117742,5,0.022993494034197925,True,False,False
mouse/mouse_TFBS_4,mouse,0.6261643186147426,0.5920394167368559,5,0.03412490187788675,True,False,False
mouse/mouse_TFBS_5,mouse,0.3916988592317517,0.4077888625066918,5,-0.01609000327494009,False,True,False
prom/promoter_all_300bps,prom,0.7301055046732726,0.7594459849394148,5,-0.02934048026614222,False,True,False
prom/promoter_all_70bps,prom,0.5260252842561606,0.5620582858048988,5,-0.03603300154873823,False,True,False
prom/promoter_notata_300bps,prom,0.8257422634928858,0.8446375089403306,5,-0.01889524544744481,False,True,False
prom/promoter_notata_70bps,prom,0.5431623408298308,0.5946715337676559,5,-0.05150919293782508,False,True,False
prom/promoter_tata_300bps,prom,0.4666421571512529,0.4902176808942732,5,-0.0235755237430203,False,True,False
prom/promoter_tata_70bps,prom,0.5065408903767932,0.5185153252580529,5,-0.01197443488125971,False,True,False
splice/acceptors,splice,0.5393905300222336,0.3957821399883844,5,0.14360839003384918,True,False,False
splice/donors,splice,0.5462599307924165,0.4038234996985159,5,0.14243643109390064,True,False,False
splice/splice_site_type_DNABERT,splice,0.2238488726192558,0.1858705952135965,5,0.03797827740565929,True,False,False
splice/splice_site_type_NT,splice,0.2122215882743552,0.1964891668926637,5,0.01573242138169148,True,False,False
tf/Human_TFBS_1,tf,0.5468602746952076,0.5549803433155388,5,-0.008120068620331211,False,True,False
tf/Human_TFBS_2,tf,0.5160266991915382,0.5272757689097888,5,-0.01124906971825057,False,True,False
tf/Human_TFBS_3,tf,0.5099462178852662,0.5248376251946334,5,-0.014891407309367222,False,True,False
tf/Human_TFBS_4,tf,0.395256300350038,0.4013426786113453,5,-0.0060863782613073125,False,True,False
tf/Human_TFBS_5,tf,0.687860613233612,0.6216649289766641,5,0.06619568425694788,True,False,False
virus/covid_variants,virus,0.6707202293146162,0.5862768553943216,5,0.08444337392029455,True,False,False
EMP/Yeast_H3,EMP,0.6599388038043943,0.6728216281960726,6,-0.012882824391678316,False,True,False
EMP/Yeast_H3K14ac,EMP,0.3976585207951492,0.3824947450476684,6,0.01516377574748079,True,False,False
EMP/Yeast_H3K36me3,EMP,0.4596250565941954,0.4263183407357774,6,0.03330671585841799,True,False,False
EMP/Yeast_H3K4me1,EMP,0.3697013732264936,0.3157962181033638,6,0.05390515512312982,True,False,False
EMP/Yeast_H3K4me2,EMP,0.2925228640029574,0.2652358879755765,6,0.027286976027380894,True,False,False
EMP/Yeast_H3K4me3,EMP,0.3821194250634468,0.2867279862772258,6,0.09539143878622103,True,False,False
EMP/Yeast_H3K79me3,EMP,0.5818747758543935,0.5672609242318832,6,0.014613851622510277,True,False,False
EMP/Yeast_H3K9ac,EMP,0.433886777588675,0.4254699863393736,6,0.008416791249301392,True,False,False
EMP/Yeast_H4,EMP,0.6794565339985045,0.7162266491464719,6,-0.036770115147967464,False,True,False
EMP/Yeast_H4ac,EMP,0.4288807189345976,0.3590701672044425,6,0.0698105517301551,True,False,False
deep4mc/A.thaliana_4mC,deep4mc,0.1922746020527251,0.231774808385439,6,-0.03950020633271392,False,True,False
deep4mc/C.elegans_4mC,deep4mc,0.2492864186727509,0.3054648745499289,6,-0.056178455877177985,False,True,False
deep4mc/D.melanogaster_4mC,deep4mc,0.2278619305122458,0.2947647962194686,6,-0.06690286570722281,False,True,False
deep4mc/E.coli_4mC,deep4mc,0.0,0.1414583040387055,6,-0.1414583040387055,False,True,False
deep4mc/G.pickeringii_4mC,deep4mc,0.0,0.1437892073131142,6,-0.1437892073131142,False,True,False
deep4mc/G.subterraneus_4mC,deep4mc,0.0,0.1679716984268813,6,-0.1679716984268813,False,True,False
enhancers/enhancer,enhancers,0.4697092511615889,0.4763416000357052,6,-0.0066323488741162895,False,True,False
enhancers/enhancer_strength,enhancers,0.4287374326540295,0.4039596733986989,6,0.0247777592553306,True,False,False
genomic_benchmark/coding,genomic_benchmark,0.6545025154855207,0.8040847576227689,6,-0.14958224213724813,False,True,False
genomic_benchmark/enhancer_cohn,genomic_benchmark,0.3769908999218447,0.4385308239088903,6,-0.06153992398704561,False,True,False
genomic_benchmark/enhancer_ensembl,genomic_benchmark,0.618627944227811,0.610564421041374,6,0.008063523186436994,True,False,False
genomic_benchmark/human_vs_worm,genomic_benchmark,0.7812284901125139,0.9140347515306508,6,-0.1328062614181369,False,True,False
genomic_benchmark/open_chromatin_region,genomic_benchmark,0.3521533704456454,0.4143421899246619,6,-0.0621888194790165,False,True,False
genomic_benchmark/promoter_notata_251bps,genomic_benchmark,0.7647858884649208,0.7750647094460206,6,-0.010278820981099779,False,True,False
genomic_benchmark/regulatory_region_type,genomic_benchmark,0.7264651934699327,0.4527568432978037,6,0.27370835017212897,True,False,False
iDHS-EL/DNase_I,iDHS-EL,0.5968101769219415,0.5532280931139303,6,0.04358208380801121,True,False,False
iDNA_ABF/5mC,iDNA_ABF,0.3174979732177252,0.3574980451017269,6,-0.040000071884001676,False,True,False
iDNA_ABF/6mA,iDNA_ABF,0.4595367926555976,0.5393907406410124,6,-0.07985394798541484,False,True,False
iPro-WAEL/Promoter_Arabidopsis_NonTATA,iPro-WAEL,0.7781905225664866,0.8245865538506617,6,-0.04639603128417513,False,True,False
iPro-WAEL/Promoter_Arabidopsis_TATA,iPro-WAEL,0.7508103188992693,0.7886388988632425,6,-0.03782857996397315,False,True,False
iPro-WAEL/Promoter_B_amyloliquefaciens,iPro-WAEL,0.5477589755066715,0.5857671557994171,6,-0.03800818029274555,False,True,False
iPro-WAEL/Promoter_GM12878,iPro-WAEL,0.8603636363636363,0.8686138331811237,6,-0.008250196817487399,False,True,False
iPro-WAEL/Promoter_HUVEC,iPro-WAEL,0.8953108855173527,0.9037458044846524,6,-0.008434918967299643,False,True,False
iPro-WAEL/Promoter_Hela-S3,iPro-WAEL,0.872274208715494,0.8954278352723131,6,-0.023153626556819074,False,True,False
iPro-WAEL/Promoter_NHEK,iPro-WAEL,0.7375107559353511,0.7859886248719985,6,-0.048477868936647406,False,True,False
iPro-WAEL/Promoter_R_capsulatus,iPro-WAEL,0.366185345859809,0.3553933812643471,6,0.01079196459546189,True,False,False
mouse/mouse_TFBS_1,mouse,0.4979019079262202,0.5342787223401653,6,-0.03637681441394508,False,True,False
mouse/mouse_TFBS_2,mouse,0.651620085254239,0.7077084338186574,6,-0.056088348564418467,False,True,False
mouse/mouse_TFBS_3,mouse,0.7478708514374496,0.7440444568158603,6,0.0038263946215892908,True,False,False
mouse/mouse_TFBS_4,mouse,0.6676825915302869,0.6285030108253176,6,0.0391795807049693,True,False,False
mouse/mouse_TFBS_5,mouse,0.3676950603017631,0.3879700708829965,6,-0.020275010581233432,False,True,False
prom/promoter_all_300bps,prom,0.6437114143591518,0.7628273050986879,6,-0.1191158907395361,False,True,False
prom/promoter_all_70bps,prom,0.4056852382609066,0.550744783962782,6,-0.14505954570187546,False,True,False
prom/promoter_notata_300bps,prom,0.7357986627015785,0.8625629229770685,6,-0.12676426027549004,False,True,False
prom/promoter_notata_70bps,prom,0.415204721077309,0.5832988691886524,6,-0.16809414811134338,False,True,False
prom/promoter_tata_300bps,prom,0.440500862381152,0.4685006790305758,6,-0.027999816649423803,False,True,False
prom/promoter_tata_70bps,prom,0.5447663881557602,0.5380463388645572,6,0.006720049291202956,True,False,False
splice/acceptors,splice,0.5475248940925188,0.4532049198826668,6,0.094319974209852,True,False,False
splice/donors,splice,0.5537163620766578,0.46237739764625,6,0.09133896443040773,True,False,False
splice/splice_site_type_DNABERT,splice,0.1746790294495853,0.2562747402087251,6,-0.0815957107591398,False,True,False
splice/splice_site_type_NT,splice,0.2033679696557003,0.1888294896542346,6,0.014538480001465709,True,False,False
tf/Human_TFBS_1,tf,0.5066854482025854,0.5386861024863973,6,-0.032000654283811825,False,True,False
tf/Human_TFBS_2,tf,0.4941024749915352,0.5112223925321794,6,-0.01711991754064418,False,True,False
tf/Human_TFBS_3,tf,0.4769421072972115,0.5346773608555915,6,-0.057735253558379995,False,True,False
tf/Human_TFBS_4,tf,0.3883242687504333,0.4092988034828098,6,-0.020974534732376482,False,True,False
tf/Human_TFBS_5,tf,0.6457807226181479,0.6560249292848147,6,-0.01024420666666681,False,True,False
virus/covid_variants,virus,0.6727182149074552,0.6937746826110441,6,-0.021056467703588932,False,True,False
