dataset,group,RF_MCC,LP_MCC,model,RF_col,LP_col,delta_MCC,RF_wins,LP_wins,tie
EMP/Yeast_H3,EMP,0.7548902158556319,0.734361723247965,NTv3,fm_NTv3_650M_pre_MCC,lp_fm_NTv3_650M_pre_MCC__pool_max,0.02052849260766687,True,False,False
EMP/Yeast_H3K14ac,EMP,0.5131740219570456,0.535919906258213,NTv3,fm_NTv3_650M_pre_MCC,lp_fm_NTv3_650M_pre_MCC__pool_max,-0.022745884301167307,False,True,False
EMP/Yeast_H3K36me3,EMP,0.5520223328286477,0.5908483387396121,NTv3,fm_NTv3_650M_pre_MCC,lp_fm_NTv3_650M_pre_MCC__pool_max,-0.03882600591096441,False,True,False
EMP/Yeast_H3K4me1,EMP,0.4579032056688147,0.5212112000138399,NTv3,fm_NTv3_650M_pre_MCC,lp_fm_NTv3_650M_pre_MCC__pool_max,-0.06330799434502521,False,True,False
EMP/Yeast_H3K4me2,EMP,0.3277396382129183,0.3019883976831594,NTv3,fm_NTv3_650M_pre_MCC,lp_fm_NTv3_650M_pre_MCC__pool_max,0.025751240529758912,True,False,False
EMP/Yeast_H3K4me3,EMP,0.3680509487028043,0.395032442861797,NTv3,fm_NTv3_650M_pre_MCC,lp_fm_NTv3_650M_pre_MCC__pool_max,-0.026981494158992703,False,True,False
EMP/Yeast_H3K79me3,EMP,0.6335808217713691,0.6282025214337492,NTv3,fm_NTv3_650M_pre_MCC,lp_fm_NTv3_650M_pre_MCC__pool_max,0.005378300337619879,True,False,False
EMP/Yeast_H3K9ac,EMP,0.5235595339824798,0.5069621627391054,NTv3,fm_NTv3_650M_pre_MCC,lp_fm_NTv3_650M_pre_MCC__pool_max,0.016597371243374348,True,False,False
EMP/Yeast_H4,EMP,0.8148623222454355,0.8122946339700711,NTv3,fm_NTv3_650M_pre_MCC,lp_fm_NTv3_650M_pre_MCC__pool_max,0.002567688275364466,True,False,False
EMP/Yeast_H4ac,EMP,0.4760383942206153,0.4681151800811253,NTv3,fm_NTv3_650M_pre_MCC,lp_fm_NTv3_650M_pre_MCC__pool_max,0.007923214139489987,True,False,False
deep4mc/A.thaliana_4mC,deep4mc,0.1919454364417682,0.2432719706958714,NTv3,fm_NTv3_650M_pre_MCC,lp_fm_NTv3_650M_pre_MCC__pool_max,-0.05132653425410319,False,True,False
deep4mc/C.elegans_4mC,deep4mc,0.1874836237704671,0.2845794025587533,NTv3,fm_NTv3_650M_pre_MCC,lp_fm_NTv3_650M_pre_MCC__pool_max,-0.09709577878828621,False,True,False
deep4mc/D.melanogaster_4mC,deep4mc,0.2026537280551684,0.2805583344836637,NTv3,fm_NTv3_650M_pre_MCC,lp_fm_NTv3_650M_pre_MCC__pool_max,-0.07790460642849528,False,True,False
deep4mc/E.coli_4mC,deep4mc,0.0,0.056097154281871,NTv3,fm_NTv3_650M_pre_MCC,lp_fm_NTv3_650M_pre_MCC__pool_max,-0.056097154281871,False,True,False
deep4mc/G.pickeringii_4mC,deep4mc,0.0657643486241893,0.1180462710271402,NTv3,fm_NTv3_650M_pre_MCC,lp_fm_NTv3_650M_pre_MCC__pool_max,-0.0522819224029509,False,True,False
deep4mc/G.subterraneus_4mC,deep4mc,0.017289940495174,0.0735384700461424,NTv3,fm_NTv3_650M_pre_MCC,lp_fm_NTv3_650M_pre_MCC__pool_max,-0.0562485295509684,False,True,False
enhancers/enhancer,enhancers,0.5072943541423918,0.4681056508494896,NTv3,fm_NTv3_650M_pre_MCC,lp_fm_NTv3_650M_pre_MCC__pool_max,0.039188703292902194,True,False,False
enhancers/enhancer_strength,enhancers,0.5192178681519504,0.3191498242062267,NTv3,fm_NTv3_650M_pre_MCC,lp_fm_NTv3_650M_pre_MCC__pool_max,0.2000680439457237,True,False,False
genomic_benchmark/coding,genomic_benchmark,0.8681710417900512,0.8592949868593247,NTv3,fm_NTv3_650M_pre_MCC,lp_fm_NTv3_650M_pre_MCC__pool_max,0.008876054930726518,True,False,False
genomic_benchmark/enhancer_cohn,genomic_benchmark,0.478123220729566,0.4671989120078397,NTv3,fm_NTv3_650M_pre_MCC,lp_fm_NTv3_650M_pre_MCC__pool_max,0.010924308721726284,True,False,False
genomic_benchmark/enhancer_ensembl,genomic_benchmark,0.6245442264098119,0.5261776974400912,NTv3,fm_NTv3_650M_pre_MCC,lp_fm_NTv3_650M_pre_MCC__pool_max,0.09836652896972065,True,False,False
genomic_benchmark/human_vs_worm,genomic_benchmark,0.904706574338526,0.8992103589630032,NTv3,fm_NTv3_650M_pre_MCC,lp_fm_NTv3_650M_pre_MCC__pool_max,0.005496215375522806,True,False,False
genomic_benchmark/open_chromatin_region,genomic_benchmark,0.3576398843866114,0.3233292316732488,NTv3,fm_NTv3_650M_pre_MCC,lp_fm_NTv3_650M_pre_MCC__pool_max,0.03431065271336259,True,False,False
genomic_benchmark/promoter_notata_251bps,genomic_benchmark,0.7502437008896053,0.7117858642404844,NTv3,fm_NTv3_650M_pre_MCC,lp_fm_NTv3_650M_pre_MCC__pool_max,0.03845783664912095,True,False,False
genomic_benchmark/regulatory_region_type,genomic_benchmark,0.4939675420989897,0.4464278690859062,NTv3,fm_NTv3_650M_pre_MCC,lp_fm_NTv3_650M_pre_MCC__pool_max,0.04753967301308348,True,False,False
iDHS-EL/DNase_I,iDHS-EL,0.6389314857477728,0.676170759190768,NTv3,fm_NTv3_650M_pre_MCC,lp_fm_NTv3_650M_pre_MCC__pool_max,-0.03723927344299516,False,True,False
iDNA_ABF/5mC,iDNA_ABF,0.4600748284171476,0.4533839493743568,NTv3,fm_NTv3_650M_pre_MCC,lp_fm_NTv3_650M_pre_MCC__pool_max,0.006690879042790809,True,False,False
iDNA_ABF/6mA,iDNA_ABF,0.4538004517421886,0.5173844937708976,NTv3,fm_NTv3_650M_pre_MCC,lp_fm_NTv3_650M_pre_MCC__pool_max,-0.06358404202870899,False,True,False
iPro-WAEL/Promoter_Arabidopsis_NonTATA,iPro-WAEL,0.8707534943573685,0.8721423400170799,NTv3,fm_NTv3_650M_pre_MCC,lp_fm_NTv3_650M_pre_MCC__pool_max,-0.001388845659711424,False,True,False
iPro-WAEL/Promoter_Arabidopsis_TATA,iPro-WAEL,0.8136472308708954,0.8196575604568607,NTv3,fm_NTv3_650M_pre_MCC,lp_fm_NTv3_650M_pre_MCC__pool_max,-0.006010329585965257,False,True,False
iPro-WAEL/Promoter_B_amyloliquefaciens,iPro-WAEL,0.6289622340583804,0.6701732973010474,NTv3,fm_NTv3_650M_pre_MCC,lp_fm_NTv3_650M_pre_MCC__pool_max,-0.04121106324266699,False,True,False
iPro-WAEL/Promoter_GM12878,iPro-WAEL,0.8930911452803341,0.8815573658106534,NTv3,fm_NTv3_650M_pre_MCC,lp_fm_NTv3_650M_pre_MCC__pool_max,0.011533779469680705,True,False,False
iPro-WAEL/Promoter_HUVEC,iPro-WAEL,0.9170199829724496,0.9114720929151316,NTv3,fm_NTv3_650M_pre_MCC,lp_fm_NTv3_650M_pre_MCC__pool_max,0.005547890057317928,True,False,False
iPro-WAEL/Promoter_Hela-S3,iPro-WAEL,0.9089927146351158,0.9006126635878621,NTv3,fm_NTv3_650M_pre_MCC,lp_fm_NTv3_650M_pre_MCC__pool_max,0.0083800510472537,True,False,False
iPro-WAEL/Promoter_NHEK,iPro-WAEL,0.809728479210133,0.8366273528984021,NTv3,fm_NTv3_650M_pre_MCC,lp_fm_NTv3_650M_pre_MCC__pool_max,-0.026898873688269043,False,True,False
iPro-WAEL/Promoter_R_capsulatus,iPro-WAEL,0.3925980414606801,0.4051740128815265,NTv3,fm_NTv3_650M_pre_MCC,lp_fm_NTv3_650M_pre_MCC__pool_max,-0.012575971420846377,False,True,False
mouse/mouse_TFBS_1,mouse,0.4977350282999436,0.5705617463020317,NTv3,fm_NTv3_650M_pre_MCC,lp_fm_NTv3_650M_pre_MCC__pool_max,-0.07282671800208812,False,True,False
mouse/mouse_TFBS_2,mouse,0.7824600778603458,0.7961739324710156,NTv3,fm_NTv3_650M_pre_MCC,lp_fm_NTv3_650M_pre_MCC__pool_max,-0.013713854610669873,False,True,False
mouse/mouse_TFBS_3,mouse,0.7302262775333672,0.7709250119716876,NTv3,fm_NTv3_650M_pre_MCC,lp_fm_NTv3_650M_pre_MCC__pool_max,-0.040698734438320394,False,True,False
mouse/mouse_TFBS_4,mouse,0.4864725645678073,0.5979124894553061,NTv3,fm_NTv3_650M_pre_MCC,lp_fm_NTv3_650M_pre_MCC__pool_max,-0.11143992488749876,False,True,False
mouse/mouse_TFBS_5,mouse,0.3736845519231785,0.426992000199816,NTv3,fm_NTv3_650M_pre_MCC,lp_fm_NTv3_650M_pre_MCC__pool_max,-0.05330744827663747,False,True,False
prom/promoter_all_300bps,prom,0.8163483946320028,0.8024664408935197,NTv3,fm_NTv3_650M_pre_MCC,lp_fm_NTv3_650M_pre_MCC__pool_max,0.01388195373848311,True,False,False
prom/promoter_all_70bps,prom,0.5991591479862485,0.6060849612235183,NTv3,fm_NTv3_650M_pre_MCC,lp_fm_NTv3_650M_pre_MCC__pool_max,-0.006925813237269818,False,True,False
prom/promoter_notata_300bps,prom,0.9082459354591892,0.9013917530065668,NTv3,fm_NTv3_650M_pre_MCC,lp_fm_NTv3_650M_pre_MCC__pool_max,0.0068541824526223705,True,False,False
prom/promoter_notata_70bps,prom,0.6506914089814118,0.6474054274261176,NTv3,fm_NTv3_650M_pre_MCC,lp_fm_NTv3_650M_pre_MCC__pool_max,0.0032859815552941374,True,False,False
prom/promoter_tata_300bps,prom,0.525089652567045,0.5880855156490704,NTv3,fm_NTv3_650M_pre_MCC,lp_fm_NTv3_650M_pre_MCC__pool_max,-0.06299586308202543,False,True,False
prom/promoter_tata_70bps,prom,0.4682595845841795,0.5415923693150557,NTv3,fm_NTv3_650M_pre_MCC,lp_fm_NTv3_650M_pre_MCC__pool_max,-0.07333278473087623,False,True,False
splice/acceptors,splice,0.7699919062014157,0.7899540169656015,NTv3,fm_NTv3_650M_pre_MCC,lp_fm_NTv3_650M_pre_MCC__pool_max,-0.01996211076418586,False,True,False
splice/donors,splice,0.769592055733883,0.7825101940524013,NTv3,fm_NTv3_650M_pre_MCC,lp_fm_NTv3_650M_pre_MCC__pool_max,-0.01291813831851829,False,True,False
splice/splice_site_type_DNABERT,splice,0.566486674087751,0.5613186253193958,NTv3,fm_NTv3_650M_pre_MCC,lp_fm_NTv3_650M_pre_MCC__pool_max,0.0051680487683551934,True,False,False
splice/splice_site_type_NT,splice,0.5431944651785678,0.5630696226231899,NTv3,fm_NTv3_650M_pre_MCC,lp_fm_NTv3_650M_pre_MCC__pool_max,-0.019875157444622094,False,True,False
tf/Human_TFBS_1,tf,0.5804360507117924,0.5859038613491554,NTv3,fm_NTv3_650M_pre_MCC,lp_fm_NTv3_650M_pre_MCC__pool_max,-0.005467810637363013,False,True,False
tf/Human_TFBS_2,tf,0.5480737725548114,0.5484102830539013,NTv3,fm_NTv3_650M_pre_MCC,lp_fm_NTv3_650M_pre_MCC__pool_max,-0.0003365104990898926,False,True,False
tf/Human_TFBS_3,tf,0.5033548376821587,0.509606297768651,NTv3,fm_NTv3_650M_pre_MCC,lp_fm_NTv3_650M_pre_MCC__pool_max,-0.006251460086492244,False,True,False
tf/Human_TFBS_4,tf,0.3803364174443229,0.3716287441072388,NTv3,fm_NTv3_650M_pre_MCC,lp_fm_NTv3_650M_pre_MCC__pool_max,0.00870767333708411,True,False,False
tf/Human_TFBS_5,tf,0.6910601214565487,0.59951359015637,NTv3,fm_NTv3_650M_pre_MCC,lp_fm_NTv3_650M_pre_MCC__pool_max,0.09154653130017876,True,False,False
virus/covid_variants,virus,0.447980785693265,0.4271935474670837,NTv3,fm_NTv3_650M_pre_MCC,lp_fm_NTv3_650M_pre_MCC__pool_max,0.02078723822618128,True,False,False
EMP/Yeast_H3,EMP,0.6436585652697211,0.7887386731459849,HyenaDNA,fm_hyenadna-medium-160k-seqlen-hf_MCC,lp_fm_hyenadna-medium-160k-seqlen-hf_MCC,-0.1450801078762638,False,True,False
EMP/Yeast_H3K14ac,EMP,0.2806214951602538,0.5441470978377152,HyenaDNA,fm_hyenadna-medium-160k-seqlen-hf_MCC,lp_fm_hyenadna-medium-160k-seqlen-hf_MCC,-0.2635256026774614,False,True,False
EMP/Yeast_H3K36me3,EMP,0.3510467467975927,0.5937507957943033,HyenaDNA,fm_hyenadna-medium-160k-seqlen-hf_MCC,lp_fm_hyenadna-medium-160k-seqlen-hf_MCC,-0.24270404899671066,False,True,False
EMP/Yeast_H3K4me1,EMP,0.2883595553577951,0.5047138903153348,HyenaDNA,fm_hyenadna-medium-160k-seqlen-hf_MCC,lp_fm_hyenadna-medium-160k-seqlen-hf_MCC,-0.21635433495753964,False,True,False
EMP/Yeast_H3K4me2,EMP,0.2662537329052003,0.3480073414875193,HyenaDNA,fm_hyenadna-medium-160k-seqlen-hf_MCC,lp_fm_hyenadna-medium-160k-seqlen-hf_MCC,-0.08175360858231895,False,True,False
EMP/Yeast_H3K4me3,EMP,0.2014711558715121,0.3996941337232638,HyenaDNA,fm_hyenadna-medium-160k-seqlen-hf_MCC,lp_fm_hyenadna-medium-160k-seqlen-hf_MCC,-0.1982229778517517,False,True,False
EMP/Yeast_H3K79me3,EMP,0.5055766150645019,0.6561858132006869,HyenaDNA,fm_hyenadna-medium-160k-seqlen-hf_MCC,lp_fm_hyenadna-medium-160k-seqlen-hf_MCC,-0.150609198136185,False,True,False
EMP/Yeast_H3K9ac,EMP,0.3813980991176015,0.5381752118893675,HyenaDNA,fm_hyenadna-medium-160k-seqlen-hf_MCC,lp_fm_hyenadna-medium-160k-seqlen-hf_MCC,-0.15677711277176598,False,True,False
EMP/Yeast_H4,EMP,0.6514773204899593,0.8269458783500968,HyenaDNA,fm_hyenadna-medium-160k-seqlen-hf_MCC,lp_fm_hyenadna-medium-160k-seqlen-hf_MCC,-0.1754685578601375,False,True,False
EMP/Yeast_H4ac,EMP,0.2793311630119431,0.4945967489679993,HyenaDNA,fm_hyenadna-medium-160k-seqlen-hf_MCC,lp_fm_hyenadna-medium-160k-seqlen-hf_MCC,-0.21526558595605622,False,True,False
deep4mc/A.thaliana_4mC,deep4mc,0.1338374350161441,0.3058958030425646,HyenaDNA,fm_hyenadna-medium-160k-seqlen-hf_MCC,lp_fm_hyenadna-medium-160k-seqlen-hf_MCC,-0.1720583680264205,False,True,False
deep4mc/C.elegans_4mC,deep4mc,0.1386030911357534,0.353105753477411,HyenaDNA,fm_hyenadna-medium-160k-seqlen-hf_MCC,lp_fm_hyenadna-medium-160k-seqlen-hf_MCC,-0.21450266234165763,False,True,False
deep4mc/D.melanogaster_4mC,deep4mc,0.1570768899533749,0.357049768349243,HyenaDNA,fm_hyenadna-medium-160k-seqlen-hf_MCC,lp_fm_hyenadna-medium-160k-seqlen-hf_MCC,-0.1999728783958681,False,True,False
deep4mc/E.coli_4mC,deep4mc,0.010385982373169,0.181252284483998,HyenaDNA,fm_hyenadna-medium-160k-seqlen-hf_MCC,lp_fm_hyenadna-medium-160k-seqlen-hf_MCC,-0.17086630211082898,False,True,False
deep4mc/G.pickeringii_4mC,deep4mc,0.0726505617048337,0.1479332762578744,HyenaDNA,fm_hyenadna-medium-160k-seqlen-hf_MCC,lp_fm_hyenadna-medium-160k-seqlen-hf_MCC,-0.0752827145530407,False,True,False
deep4mc/G.subterraneus_4mC,deep4mc,0.0199660919190079,0.1028748638204318,HyenaDNA,fm_hyenadna-medium-160k-seqlen-hf_MCC,lp_fm_hyenadna-medium-160k-seqlen-hf_MCC,-0.0829087719014239,False,True,False
enhancers/enhancer,enhancers,0.5300265019876657,0.4254814716983816,HyenaDNA,fm_hyenadna-medium-160k-seqlen-hf_MCC,lp_fm_hyenadna-medium-160k-seqlen-hf_MCC,0.10454503028928408,True,False,False
enhancers/enhancer_strength,enhancers,0.5197416439608005,0.3441213020592016,HyenaDNA,fm_hyenadna-medium-160k-seqlen-hf_MCC,lp_fm_hyenadna-medium-160k-seqlen-hf_MCC,0.17562034190159886,True,False,False
genomic_benchmark/coding,genomic_benchmark,0.7254360662141138,0.8799589528554882,HyenaDNA,fm_hyenadna-medium-160k-seqlen-hf_MCC,lp_fm_hyenadna-medium-160k-seqlen-hf_MCC,-0.15452288664137437,False,True,False
genomic_benchmark/enhancer_cohn,genomic_benchmark,0.42205076504349,0.499196753051889,HyenaDNA,fm_hyenadna-medium-160k-seqlen-hf_MCC,lp_fm_hyenadna-medium-160k-seqlen-hf_MCC,-0.077145988008399,False,True,False
genomic_benchmark/enhancer_ensembl,genomic_benchmark,0.4387761862914956,0.5577614345850725,HyenaDNA,fm_hyenadna-medium-160k-seqlen-hf_MCC,lp_fm_hyenadna-medium-160k-seqlen-hf_MCC,-0.11898524829357693,False,True,False
genomic_benchmark/human_vs_worm,genomic_benchmark,0.7481882395308985,0.9254404264430468,HyenaDNA,fm_hyenadna-medium-160k-seqlen-hf_MCC,lp_fm_hyenadna-medium-160k-seqlen-hf_MCC,-0.17725218691214828,False,True,False
genomic_benchmark/open_chromatin_region,genomic_benchmark,0.313117242348927,0.3981255163820621,HyenaDNA,fm_hyenadna-medium-160k-seqlen-hf_MCC,lp_fm_hyenadna-medium-160k-seqlen-hf_MCC,-0.0850082740331351,False,True,False
genomic_benchmark/promoter_notata_251bps,genomic_benchmark,0.6971812124573378,0.7440807585617263,HyenaDNA,fm_hyenadna-medium-160k-seqlen-hf_MCC,lp_fm_hyenadna-medium-160k-seqlen-hf_MCC,-0.04689954610438851,False,True,False
genomic_benchmark/regulatory_region_type,genomic_benchmark,0.6277014191186208,0.5160857043579142,HyenaDNA,fm_hyenadna-medium-160k-seqlen-hf_MCC,lp_fm_hyenadna-medium-160k-seqlen-hf_MCC,0.11161571476070653,True,False,False
iDHS-EL/DNase_I,iDHS-EL,0.4862053058802824,0.6648723501960674,HyenaDNA,fm_hyenadna-medium-160k-seqlen-hf_MCC,lp_fm_hyenadna-medium-160k-seqlen-hf_MCC,-0.178667044315785,False,True,False
iDNA_ABF/5mC,iDNA_ABF,0.279512072958448,0.5220571628012585,HyenaDNA,fm_hyenadna-medium-160k-seqlen-hf_MCC,lp_fm_hyenadna-medium-160k-seqlen-hf_MCC,-0.24254508984281048,False,True,False
iDNA_ABF/6mA,iDNA_ABF,0.351193904475718,0.5826311994668574,HyenaDNA,fm_hyenadna-medium-160k-seqlen-hf_MCC,lp_fm_hyenadna-medium-160k-seqlen-hf_MCC,-0.23143729499113935,False,True,False
iPro-WAEL/Promoter_Arabidopsis_NonTATA,iPro-WAEL,0.7045303106245182,0.8852257455616106,HyenaDNA,fm_hyenadna-medium-160k-seqlen-hf_MCC,lp_fm_hyenadna-medium-160k-seqlen-hf_MCC,-0.1806954349370924,False,True,False
iPro-WAEL/Promoter_Arabidopsis_TATA,iPro-WAEL,0.6926062281973004,0.8400992329267795,HyenaDNA,fm_hyenadna-medium-160k-seqlen-hf_MCC,lp_fm_hyenadna-medium-160k-seqlen-hf_MCC,-0.14749300472947902,False,True,False
iPro-WAEL/Promoter_B_amyloliquefaciens,iPro-WAEL,0.5603481780876542,0.6509397112111851,HyenaDNA,fm_hyenadna-medium-160k-seqlen-hf_MCC,lp_fm_hyenadna-medium-160k-seqlen-hf_MCC,-0.09059153312353085,False,True,False
iPro-WAEL/Promoter_GM12878,iPro-WAEL,0.8487847395039496,0.8756884722693966,HyenaDNA,fm_hyenadna-medium-160k-seqlen-hf_MCC,lp_fm_hyenadna-medium-160k-seqlen-hf_MCC,-0.026903732765446997,False,True,False
iPro-WAEL/Promoter_HUVEC,iPro-WAEL,0.8853136632968016,0.9074479335645128,HyenaDNA,fm_hyenadna-medium-160k-seqlen-hf_MCC,lp_fm_hyenadna-medium-160k-seqlen-hf_MCC,-0.022134270267711198,False,True,False
iPro-WAEL/Promoter_Hela-S3,iPro-WAEL,0.8549762460537971,0.8905801317622624,HyenaDNA,fm_hyenadna-medium-160k-seqlen-hf_MCC,lp_fm_hyenadna-medium-160k-seqlen-hf_MCC,-0.03560388570846529,False,True,False
iPro-WAEL/Promoter_NHEK,iPro-WAEL,0.7083188855982293,0.7614624364034738,HyenaDNA,fm_hyenadna-medium-160k-seqlen-hf_MCC,lp_fm_hyenadna-medium-160k-seqlen-hf_MCC,-0.053143550805244466,False,True,False
iPro-WAEL/Promoter_R_capsulatus,iPro-WAEL,0.261053777917028,0.3344389145951853,HyenaDNA,fm_hyenadna-medium-160k-seqlen-hf_MCC,lp_fm_hyenadna-medium-160k-seqlen-hf_MCC,-0.07338513667815733,False,True,False
mouse/mouse_TFBS_1,mouse,0.1227737121125661,0.3639202636056851,HyenaDNA,fm_hyenadna-medium-160k-seqlen-hf_MCC,lp_fm_hyenadna-medium-160k-seqlen-hf_MCC,-0.24114655149311898,False,True,False
mouse/mouse_TFBS_2,mouse,0.6483780983939404,0.6981122628280467,HyenaDNA,fm_hyenadna-medium-160k-seqlen-hf_MCC,lp_fm_hyenadna-medium-160k-seqlen-hf_MCC,-0.049734164434106276,False,True,False
mouse/mouse_TFBS_3,mouse,0.5798248609721258,0.6827996082757517,HyenaDNA,fm_hyenadna-medium-160k-seqlen-hf_MCC,lp_fm_hyenadna-medium-160k-seqlen-hf_MCC,-0.10297474730362588,False,True,False
mouse/mouse_TFBS_4,mouse,0.110565383046915,0.3568068724233373,HyenaDNA,fm_hyenadna-medium-160k-seqlen-hf_MCC,lp_fm_hyenadna-medium-160k-seqlen-hf_MCC,-0.24624148937642232,False,True,False
mouse/mouse_TFBS_5,mouse,0.1804180978059844,0.3717373393996758,HyenaDNA,fm_hyenadna-medium-160k-seqlen-hf_MCC,lp_fm_hyenadna-medium-160k-seqlen-hf_MCC,-0.1913192415936914,False,True,False
prom/promoter_all_300bps,prom,0.7348549704779673,0.7790242536766635,HyenaDNA,fm_hyenadna-medium-160k-seqlen-hf_MCC,lp_fm_hyenadna-medium-160k-seqlen-hf_MCC,-0.044169283198696174,False,True,False
prom/promoter_all_70bps,prom,0.5070722748004998,0.5576963102363155,HyenaDNA,fm_hyenadna-medium-160k-seqlen-hf_MCC,lp_fm_hyenadna-medium-160k-seqlen-hf_MCC,-0.05062403543581573,False,True,False
prom/promoter_notata_300bps,prom,0.8069765055398188,0.8683869749940124,HyenaDNA,fm_hyenadna-medium-160k-seqlen-hf_MCC,lp_fm_hyenadna-medium-160k-seqlen-hf_MCC,-0.061410469454193595,False,True,False
prom/promoter_notata_70bps,prom,0.5437886802211586,0.6036136721682088,HyenaDNA,fm_hyenadna-medium-160k-seqlen-hf_MCC,lp_fm_hyenadna-medium-160k-seqlen-hf_MCC,-0.059824991947050266,False,True,False
prom/promoter_tata_300bps,prom,0.4652272851845217,0.546747205092782,HyenaDNA,fm_hyenadna-medium-160k-seqlen-hf_MCC,lp_fm_hyenadna-medium-160k-seqlen-hf_MCC,-0.08151991990826024,False,True,False
prom/promoter_tata_70bps,prom,0.4145360265275025,0.4915006621071985,HyenaDNA,fm_hyenadna-medium-160k-seqlen-hf_MCC,lp_fm_hyenadna-medium-160k-seqlen-hf_MCC,-0.07696463557969602,False,True,False
splice/acceptors,splice,0.4352440444520017,0.4135742406434029,HyenaDNA,fm_hyenadna-medium-160k-seqlen-hf_MCC,lp_fm_hyenadna-medium-160k-seqlen-hf_MCC,0.021669803808598787,True,False,False
splice/donors,splice,0.4485900251385795,0.4115556042508731,HyenaDNA,fm_hyenadna-medium-160k-seqlen-hf_MCC,lp_fm_hyenadna-medium-160k-seqlen-hf_MCC,0.037034420887706365,True,False,False
splice/splice_site_type_DNABERT,splice,0.2633308168578648,0.2730203388139369,HyenaDNA,fm_hyenadna-medium-160k-seqlen-hf_MCC,lp_fm_hyenadna-medium-160k-seqlen-hf_MCC,-0.009689521956072089,False,True,False
splice/splice_site_type_NT,splice,0.3414893308223501,0.4006458212495958,HyenaDNA,fm_hyenadna-medium-160k-seqlen-hf_MCC,lp_fm_hyenadna-medium-160k-seqlen-hf_MCC,-0.05915649042724569,False,True,False
tf/Human_TFBS_1,tf,0.5070164882808926,0.5587856948123161,HyenaDNA,fm_hyenadna-medium-160k-seqlen-hf_MCC,lp_fm_hyenadna-medium-160k-seqlen-hf_MCC,-0.05176920653142347,False,True,False
tf/Human_TFBS_2,tf,0.4861181272538954,0.5194048565144943,HyenaDNA,fm_hyenadna-medium-160k-seqlen-hf_MCC,lp_fm_hyenadna-medium-160k-seqlen-hf_MCC,-0.03328672926059889,False,True,False
tf/Human_TFBS_3,tf,0.4379322663622323,0.4884869150314453,HyenaDNA,fm_hyenadna-medium-160k-seqlen-hf_MCC,lp_fm_hyenadna-medium-160k-seqlen-hf_MCC,-0.050554648669213,False,True,False
tf/Human_TFBS_4,tf,0.3210739536880829,0.3568693335714464,HyenaDNA,fm_hyenadna-medium-160k-seqlen-hf_MCC,lp_fm_hyenadna-medium-160k-seqlen-hf_MCC,-0.03579537988336351,False,True,False
tf/Human_TFBS_5,tf,0.6495043991738318,0.5312310531271043,HyenaDNA,fm_hyenadna-medium-160k-seqlen-hf_MCC,lp_fm_hyenadna-medium-160k-seqlen-hf_MCC,0.11827334604672757,True,False,False
virus/covid_variants,virus,0.5110222240348212,0.251652639387319,HyenaDNA,fm_hyenadna-medium-160k-seqlen-hf_MCC,lp_fm_hyenadna-medium-160k-seqlen-hf_MCC,0.2593695846475022,True,False,False
EMP/Yeast_H3,EMP,0.6300758293706441,0.6527809568952593,DNABERT-2,fm_DNABERT-2-117M_MCC,lp_fm_DNABERT-2-117M_MCC,-0.022705127524615176,False,True,False
EMP/Yeast_H3K14ac,EMP,0.3319182135282352,0.3520059424128624,DNABERT-2,fm_DNABERT-2-117M_MCC,lp_fm_DNABERT-2-117M_MCC,-0.02008772888462723,False,True,False
EMP/Yeast_H3K36me3,EMP,0.3925002766284089,0.4194449973573987,DNABERT-2,fm_DNABERT-2-117M_MCC,lp_fm_DNABERT-2-117M_MCC,-0.02694472072898979,False,True,False
EMP/Yeast_H3K4me1,EMP,0.3004060996199626,0.3207528136684293,DNABERT-2,fm_DNABERT-2-117M_MCC,lp_fm_DNABERT-2-117M_MCC,-0.020346714048466663,False,True,False
EMP/Yeast_H3K4me2,EMP,0.2314040008195934,0.2610136084866417,DNABERT-2,fm_DNABERT-2-117M_MCC,lp_fm_DNABERT-2-117M_MCC,-0.029609607667048288,False,True,False
EMP/Yeast_H3K4me3,EMP,0.2127708709055569,0.2200801082505253,DNABERT-2,fm_DNABERT-2-117M_MCC,lp_fm_DNABERT-2-117M_MCC,-0.007309237344968383,False,True,False
EMP/Yeast_H3K79me3,EMP,0.5165480503327811,0.5500075323928776,DNABERT-2,fm_DNABERT-2-117M_MCC,lp_fm_DNABERT-2-117M_MCC,-0.033459482060096524,False,True,False
EMP/Yeast_H3K9ac,EMP,0.3726320654954728,0.4103378492104783,DNABERT-2,fm_DNABERT-2-117M_MCC,lp_fm_DNABERT-2-117M_MCC,-0.03770578371500549,False,True,False
EMP/Yeast_H4,EMP,0.6834460272042501,0.7174473317592909,DNABERT-2,fm_DNABERT-2-117M_MCC,lp_fm_DNABERT-2-117M_MCC,-0.0340013045550408,False,True,False
EMP/Yeast_H4ac,EMP,0.3242398599832265,0.3324297765216364,DNABERT-2,fm_DNABERT-2-117M_MCC,lp_fm_DNABERT-2-117M_MCC,-0.008189916538409892,False,True,False
deep4mc/A.thaliana_4mC,deep4mc,0.1068116293471023,0.106392990602003,DNABERT-2,fm_DNABERT-2-117M_MCC,lp_fm_DNABERT-2-117M_MCC,0.00041863874509930066,True,False,False
deep4mc/C.elegans_4mC,deep4mc,0.1230119038788292,0.1195253797988777,DNABERT-2,fm_DNABERT-2-117M_MCC,lp_fm_DNABERT-2-117M_MCC,0.0034865240799514946,True,False,False
deep4mc/D.melanogaster_4mC,deep4mc,0.125568228808979,0.1348046078022471,DNABERT-2,fm_DNABERT-2-117M_MCC,lp_fm_DNABERT-2-117M_MCC,-0.009236378993268096,False,True,False
deep4mc/E.coli_4mC,deep4mc,-0.0103692386576493,-0.0073311733990885,DNABERT-2,fm_DNABERT-2-117M_MCC,lp_fm_DNABERT-2-117M_MCC,-0.0030380652585608008,False,True,False
deep4mc/G.pickeringii_4mC,deep4mc,-0.0062292904365417,0.0117818538577033,DNABERT-2,fm_DNABERT-2-117M_MCC,lp_fm_DNABERT-2-117M_MCC,-0.018011144294245,False,True,False
deep4mc/G.subterraneus_4mC,deep4mc,-0.0054190195484109,-0.0027093605789716,DNABERT-2,fm_DNABERT-2-117M_MCC,lp_fm_DNABERT-2-117M_MCC,-0.0027096589694393,False,True,False
enhancers/enhancer,enhancers,0.5131137862772546,0.4459430518499069,DNABERT-2,fm_DNABERT-2-117M_MCC,lp_fm_DNABERT-2-117M_MCC,0.06717073442734767,True,False,False
enhancers/enhancer_strength,enhancers,0.5073422963483419,0.2541672097794434,DNABERT-2,fm_DNABERT-2-117M_MCC,lp_fm_DNABERT-2-117M_MCC,0.25317508656889853,True,False,False
genomic_benchmark/coding,genomic_benchmark,0.700102106231775,0.7415266654648479,DNABERT-2,fm_DNABERT-2-117M_MCC,lp_fm_DNABERT-2-117M_MCC,-0.041424559233072866,False,True,False
genomic_benchmark/enhancer_cohn,genomic_benchmark,0.4755899861832298,0.4557089298484659,DNABERT-2,fm_DNABERT-2-117M_MCC,lp_fm_DNABERT-2-117M_MCC,0.01988105633476389,True,False,False
genomic_benchmark/enhancer_ensembl,genomic_benchmark,0.5043217964670981,0.444732552578991,DNABERT-2,fm_DNABERT-2-117M_MCC,lp_fm_DNABERT-2-117M_MCC,0.059589243888107046,True,False,False
genomic_benchmark/human_vs_worm,genomic_benchmark,0.8463505201888939,0.8447259712200501,DNABERT-2,fm_DNABERT-2-117M_MCC,lp_fm_DNABERT-2-117M_MCC,0.0016245489688437864,True,False,False
genomic_benchmark/open_chromatin_region,genomic_benchmark,0.3120404050672563,0.3064610353000042,DNABERT-2,fm_DNABERT-2-117M_MCC,lp_fm_DNABERT-2-117M_MCC,0.005579369767252096,True,False,False
genomic_benchmark/promoter_notata_251bps,genomic_benchmark,0.6996026325723033,0.634508056797744,DNABERT-2,fm_DNABERT-2-117M_MCC,lp_fm_DNABERT-2-117M_MCC,0.06509457577455924,True,False,False
genomic_benchmark/regulatory_region_type,genomic_benchmark,0.4640878509152559,0.4762008690725452,DNABERT-2,fm_DNABERT-2-117M_MCC,lp_fm_DNABERT-2-117M_MCC,-0.012113018157289324,False,True,False
iDHS-EL/DNase_I,iDHS-EL,0.5232173000558866,0.5813184104508101,DNABERT-2,fm_DNABERT-2-117M_MCC,lp_fm_DNABERT-2-117M_MCC,-0.058101110394923494,False,True,False
iDNA_ABF/5mC,iDNA_ABF,0.237676803752389,0.1883428368353791,DNABERT-2,fm_DNABERT-2-117M_MCC,lp_fm_DNABERT-2-117M_MCC,0.04933396691700989,True,False,False
iDNA_ABF/6mA,iDNA_ABF,0.3040954952494629,0.2983804003879698,DNABERT-2,fm_DNABERT-2-117M_MCC,lp_fm_DNABERT-2-117M_MCC,0.005715094861493075,True,False,False
iPro-WAEL/Promoter_Arabidopsis_NonTATA,iPro-WAEL,0.6711812108148592,0.7669543090201769,DNABERT-2,fm_DNABERT-2-117M_MCC,lp_fm_DNABERT-2-117M_MCC,-0.09577309820531776,False,True,False
iPro-WAEL/Promoter_Arabidopsis_TATA,iPro-WAEL,0.631186051005197,0.7469540320046262,DNABERT-2,fm_DNABERT-2-117M_MCC,lp_fm_DNABERT-2-117M_MCC,-0.1157679809994292,False,True,False
iPro-WAEL/Promoter_B_amyloliquefaciens,iPro-WAEL,0.4748347285718927,0.3899508519327947,DNABERT-2,fm_DNABERT-2-117M_MCC,lp_fm_DNABERT-2-117M_MCC,0.08488387663909797,True,False,False
iPro-WAEL/Promoter_GM12878,iPro-WAEL,0.8699196448098527,0.878668389579287,DNABERT-2,fm_DNABERT-2-117M_MCC,lp_fm_DNABERT-2-117M_MCC,-0.008748744769434214,False,True,False
iPro-WAEL/Promoter_HUVEC,iPro-WAEL,0.8894610570282147,0.9008358283559584,DNABERT-2,fm_DNABERT-2-117M_MCC,lp_fm_DNABERT-2-117M_MCC,-0.011374771327743782,False,True,False
iPro-WAEL/Promoter_Hela-S3,iPro-WAEL,0.8740368100557829,0.884262660618037,DNABERT-2,fm_DNABERT-2-117M_MCC,lp_fm_DNABERT-2-117M_MCC,-0.010225850562254113,False,True,False
iPro-WAEL/Promoter_NHEK,iPro-WAEL,0.7134850950841,0.729005045632756,DNABERT-2,fm_DNABERT-2-117M_MCC,lp_fm_DNABERT-2-117M_MCC,-0.01551995054865607,False,True,False
iPro-WAEL/Promoter_R_capsulatus,iPro-WAEL,0.2148998215564245,0.1499581436716644,DNABERT-2,fm_DNABERT-2-117M_MCC,lp_fm_DNABERT-2-117M_MCC,0.0649416778847601,True,False,False
mouse/mouse_TFBS_1,mouse,0.2041656438326814,0.2485637960768441,DNABERT-2,fm_DNABERT-2-117M_MCC,lp_fm_DNABERT-2-117M_MCC,-0.044398152244162686,False,True,False
mouse/mouse_TFBS_2,mouse,0.5415465352722932,0.5447422527820119,DNABERT-2,fm_DNABERT-2-117M_MCC,lp_fm_DNABERT-2-117M_MCC,-0.0031957175097186985,False,True,False
mouse/mouse_TFBS_3,mouse,0.5572455569174114,0.5646128121015187,DNABERT-2,fm_DNABERT-2-117M_MCC,lp_fm_DNABERT-2-117M_MCC,-0.007367255184107302,False,True,False
mouse/mouse_TFBS_4,mouse,0.2285882879074884,0.3174811824171009,DNABERT-2,fm_DNABERT-2-117M_MCC,lp_fm_DNABERT-2-117M_MCC,-0.08889289450961249,False,True,False
mouse/mouse_TFBS_5,mouse,0.1773996016300258,0.1964840107207897,DNABERT-2,fm_DNABERT-2-117M_MCC,lp_fm_DNABERT-2-117M_MCC,-0.019084409090763893,False,True,False
prom/promoter_all_300bps,prom,0.724131161640061,0.7589006337748562,DNABERT-2,fm_DNABERT-2-117M_MCC,lp_fm_DNABERT-2-117M_MCC,-0.0347694721347952,False,True,False
prom/promoter_all_70bps,prom,0.4819187746957705,0.4952429957629435,DNABERT-2,fm_DNABERT-2-117M_MCC,lp_fm_DNABERT-2-117M_MCC,-0.013324221067173014,False,True,False
prom/promoter_notata_300bps,prom,0.8064568776782168,0.8552389837087698,DNABERT-2,fm_DNABERT-2-117M_MCC,lp_fm_DNABERT-2-117M_MCC,-0.048782106030552996,False,True,False
prom/promoter_notata_70bps,prom,0.5110201490059794,0.5378321513215261,DNABERT-2,fm_DNABERT-2-117M_MCC,lp_fm_DNABERT-2-117M_MCC,-0.0268120023155467,False,True,False
prom/promoter_tata_300bps,prom,0.3340275161418543,0.353893836883606,DNABERT-2,fm_DNABERT-2-117M_MCC,lp_fm_DNABERT-2-117M_MCC,-0.01986632074175171,False,True,False
prom/promoter_tata_70bps,prom,0.3609924190815959,0.3402417123810703,DNABERT-2,fm_DNABERT-2-117M_MCC,lp_fm_DNABERT-2-117M_MCC,0.02075070670052559,True,False,False
splice/acceptors,splice,0.4017862648181348,0.3917917223583668,DNABERT-2,fm_DNABERT-2-117M_MCC,lp_fm_DNABERT-2-117M_MCC,0.009994542459767997,True,False,False
splice/donors,splice,0.3989118269643137,0.3838621328139385,DNABERT-2,fm_DNABERT-2-117M_MCC,lp_fm_DNABERT-2-117M_MCC,0.015049694150375215,True,False,False
splice/splice_site_type_DNABERT,splice,0.1690975892708722,0.1334171972913116,DNABERT-2,fm_DNABERT-2-117M_MCC,lp_fm_DNABERT-2-117M_MCC,0.035680391979560605,True,False,False
splice/splice_site_type_NT,splice,0.2234742227482256,0.1857541818514297,DNABERT-2,fm_DNABERT-2-117M_MCC,lp_fm_DNABERT-2-117M_MCC,0.0377200408967959,True,False,False
tf/Human_TFBS_1,tf,0.466202962157214,0.4537522582789242,DNABERT-2,fm_DNABERT-2-117M_MCC,lp_fm_DNABERT-2-117M_MCC,0.012450703878289837,True,False,False
tf/Human_TFBS_2,tf,0.4324018229225532,0.4287053000602626,DNABERT-2,fm_DNABERT-2-117M_MCC,lp_fm_DNABERT-2-117M_MCC,0.0036965228622906077,True,False,False
tf/Human_TFBS_3,tf,0.37344257214772,0.3813855185246218,DNABERT-2,fm_DNABERT-2-117M_MCC,lp_fm_DNABERT-2-117M_MCC,-0.00794294637690185,False,True,False
tf/Human_TFBS_4,tf,0.2322743372295551,0.2653207725612751,DNABERT-2,fm_DNABERT-2-117M_MCC,lp_fm_DNABERT-2-117M_MCC,-0.033046435331720025,False,True,False
tf/Human_TFBS_5,tf,0.5455120156696912,0.45411346595215,DNABERT-2,fm_DNABERT-2-117M_MCC,lp_fm_DNABERT-2-117M_MCC,0.09139854971754119,True,False,False
virus/covid_variants,virus,0.3872960777143199,0.3925083808211918,DNABERT-2,fm_DNABERT-2-117M_MCC,lp_fm_DNABERT-2-117M_MCC,-0.0052123031068719294,False,True,False
EMP/Yeast_H3,EMP,0.7053553294172704,0.7200697720275139,Caduceus,fm_caduceus-ph_seqlen-131k_d_model-256_n_layer-16_MCC,lp_fm_caduceus-ph_seqlen-131k_d_model-256_n_layer-16_MCC,-0.014714442610243461,False,True,False
EMP/Yeast_H3K14ac,EMP,0.3356723792761696,0.3587887055263861,Caduceus,fm_caduceus-ph_seqlen-131k_d_model-256_n_layer-16_MCC,lp_fm_caduceus-ph_seqlen-131k_d_model-256_n_layer-16_MCC,-0.02311632625021648,False,True,False
EMP/Yeast_H3K36me3,EMP,0.384159793442406,0.4296888694167441,Caduceus,fm_caduceus-ph_seqlen-131k_d_model-256_n_layer-16_MCC,lp_fm_caduceus-ph_seqlen-131k_d_model-256_n_layer-16_MCC,-0.04552907597433814,False,True,False
EMP/Yeast_H3K4me1,EMP,0.3187117820505836,0.3374964511058785,Caduceus,fm_caduceus-ph_seqlen-131k_d_model-256_n_layer-16_MCC,lp_fm_caduceus-ph_seqlen-131k_d_model-256_n_layer-16_MCC,-0.01878466905529491,False,True,False
EMP/Yeast_H3K4me2,EMP,0.2678502119641485,0.2848220284238703,Caduceus,fm_caduceus-ph_seqlen-131k_d_model-256_n_layer-16_MCC,lp_fm_caduceus-ph_seqlen-131k_d_model-256_n_layer-16_MCC,-0.01697181645972179,False,True,False
EMP/Yeast_H3K4me3,EMP,0.2170525066261925,0.240052443256905,Caduceus,fm_caduceus-ph_seqlen-131k_d_model-256_n_layer-16_MCC,lp_fm_caduceus-ph_seqlen-131k_d_model-256_n_layer-16_MCC,-0.02299993663071251,False,True,False
EMP/Yeast_H3K79me3,EMP,0.5253714153434994,0.5624996630488802,Caduceus,fm_caduceus-ph_seqlen-131k_d_model-256_n_layer-16_MCC,lp_fm_caduceus-ph_seqlen-131k_d_model-256_n_layer-16_MCC,-0.03712824770538081,False,True,False
EMP/Yeast_H3K9ac,EMP,0.4108456892047611,0.4562939877333086,Caduceus,fm_caduceus-ph_seqlen-131k_d_model-256_n_layer-16_MCC,lp_fm_caduceus-ph_seqlen-131k_d_model-256_n_layer-16_MCC,-0.04544829852854748,False,True,False
EMP/Yeast_H4,EMP,0.7415879967344662,0.7587613552380338,Caduceus,fm_caduceus-ph_seqlen-131k_d_model-256_n_layer-16_MCC,lp_fm_caduceus-ph_seqlen-131k_d_model-256_n_layer-16_MCC,-0.017173358503567604,False,True,False
EMP/Yeast_H4ac,EMP,0.3234820660926668,0.3566677418391889,Caduceus,fm_caduceus-ph_seqlen-131k_d_model-256_n_layer-16_MCC,lp_fm_caduceus-ph_seqlen-131k_d_model-256_n_layer-16_MCC,-0.03318567574652215,False,True,False
deep4mc/A.thaliana_4mC,deep4mc,0.1629582577088475,0.2201559449279654,Caduceus,fm_caduceus-ph_seqlen-131k_d_model-256_n_layer-16_MCC,lp_fm_caduceus-ph_seqlen-131k_d_model-256_n_layer-16_MCC,-0.05719768721911789,False,True,False
deep4mc/C.elegans_4mC,deep4mc,0.1339690451332925,0.2154442532846267,Caduceus,fm_caduceus-ph_seqlen-131k_d_model-256_n_layer-16_MCC,lp_fm_caduceus-ph_seqlen-131k_d_model-256_n_layer-16_MCC,-0.08147520815133422,False,True,False
deep4mc/D.melanogaster_4mC,deep4mc,0.1662047179016913,0.245325471240284,Caduceus,fm_caduceus-ph_seqlen-131k_d_model-256_n_layer-16_MCC,lp_fm_caduceus-ph_seqlen-131k_d_model-256_n_layer-16_MCC,-0.0791207533385927,False,True,False
deep4mc/E.coli_4mC,deep4mc,0.0305181830558823,0.1632333559675195,Caduceus,fm_caduceus-ph_seqlen-131k_d_model-256_n_layer-16_MCC,lp_fm_caduceus-ph_seqlen-131k_d_model-256_n_layer-16_MCC,-0.1327151729116372,False,True,False
deep4mc/G.pickeringii_4mC,deep4mc,0.0848572038437871,0.1151538862552386,Caduceus,fm_caduceus-ph_seqlen-131k_d_model-256_n_layer-16_MCC,lp_fm_caduceus-ph_seqlen-131k_d_model-256_n_layer-16_MCC,-0.030296682411451503,False,True,False
deep4mc/G.subterraneus_4mC,deep4mc,0.0216930019155861,0.0382653651100408,Caduceus,fm_caduceus-ph_seqlen-131k_d_model-256_n_layer-16_MCC,lp_fm_caduceus-ph_seqlen-131k_d_model-256_n_layer-16_MCC,-0.0165723631944547,False,True,False
enhancers/enhancer,enhancers,0.6104885863818946,0.4552789438057995,Caduceus,fm_caduceus-ph_seqlen-131k_d_model-256_n_layer-16_MCC,lp_fm_caduceus-ph_seqlen-131k_d_model-256_n_layer-16_MCC,0.15520964257609515,True,False,False
enhancers/enhancer_strength,enhancers,0.5668896465072408,0.3381138795935506,Caduceus,fm_caduceus-ph_seqlen-131k_d_model-256_n_layer-16_MCC,lp_fm_caduceus-ph_seqlen-131k_d_model-256_n_layer-16_MCC,0.22877576691369023,True,False,False
genomic_benchmark/coding,genomic_benchmark,0.8214980716195812,0.8408,Caduceus,fm_caduceus-ph_seqlen-131k_d_model-256_n_layer-16_MCC,lp_fm_caduceus-ph_seqlen-131k_d_model-256_n_layer-16_MCC,-0.019301928380418776,False,True,False
genomic_benchmark/enhancer_cohn,genomic_benchmark,0.4730902288517706,0.5001104256473493,Caduceus,fm_caduceus-ph_seqlen-131k_d_model-256_n_layer-16_MCC,lp_fm_caduceus-ph_seqlen-131k_d_model-256_n_layer-16_MCC,-0.02702019679557871,False,True,False
genomic_benchmark/enhancer_ensembl,genomic_benchmark,0.5985428687938499,0.4815341845343782,Caduceus,fm_caduceus-ph_seqlen-131k_d_model-256_n_layer-16_MCC,lp_fm_caduceus-ph_seqlen-131k_d_model-256_n_layer-16_MCC,0.1170086842594717,True,False,False
genomic_benchmark/human_vs_worm,genomic_benchmark,0.8830427774476914,0.9190447055209384,Caduceus,fm_caduceus-ph_seqlen-131k_d_model-256_n_layer-16_MCC,lp_fm_caduceus-ph_seqlen-131k_d_model-256_n_layer-16_MCC,-0.03600192807324698,False,True,False
genomic_benchmark/open_chromatin_region,genomic_benchmark,0.3710648892507343,0.3462327516601837,Caduceus,fm_caduceus-ph_seqlen-131k_d_model-256_n_layer-16_MCC,lp_fm_caduceus-ph_seqlen-131k_d_model-256_n_layer-16_MCC,0.024832137590550585,True,False,False
genomic_benchmark/promoter_notata_251bps,genomic_benchmark,0.74795541965645,0.7051158641081641,Caduceus,fm_caduceus-ph_seqlen-131k_d_model-256_n_layer-16_MCC,lp_fm_caduceus-ph_seqlen-131k_d_model-256_n_layer-16_MCC,0.04283955554828589,True,False,False
genomic_benchmark/regulatory_region_type,genomic_benchmark,0.4401026542856415,0.4002147414832234,Caduceus,fm_caduceus-ph_seqlen-131k_d_model-256_n_layer-16_MCC,lp_fm_caduceus-ph_seqlen-131k_d_model-256_n_layer-16_MCC,0.0398879128024181,True,False,False
iDHS-EL/DNase_I,iDHS-EL,0.6558064240041873,0.6434399485175759,Caduceus,fm_caduceus-ph_seqlen-131k_d_model-256_n_layer-16_MCC,lp_fm_caduceus-ph_seqlen-131k_d_model-256_n_layer-16_MCC,0.012366475486611406,True,False,False
iDNA_ABF/5mC,iDNA_ABF,0.3636903056858056,0.4613365315140484,Caduceus,fm_caduceus-ph_seqlen-131k_d_model-256_n_layer-16_MCC,lp_fm_caduceus-ph_seqlen-131k_d_model-256_n_layer-16_MCC,-0.09764622582824278,False,True,False
iDNA_ABF/6mA,iDNA_ABF,0.408510889759838,0.4694616595906106,Caduceus,fm_caduceus-ph_seqlen-131k_d_model-256_n_layer-16_MCC,lp_fm_caduceus-ph_seqlen-131k_d_model-256_n_layer-16_MCC,-0.06095076983077258,False,True,False
iPro-WAEL/Promoter_Arabidopsis_NonTATA,iPro-WAEL,0.768127712709173,0.8487703415980364,Caduceus,fm_caduceus-ph_seqlen-131k_d_model-256_n_layer-16_MCC,lp_fm_caduceus-ph_seqlen-131k_d_model-256_n_layer-16_MCC,-0.08064262888886342,False,True,False
iPro-WAEL/Promoter_Arabidopsis_TATA,iPro-WAEL,0.7554175800163849,0.8197713321732234,Caduceus,fm_caduceus-ph_seqlen-131k_d_model-256_n_layer-16_MCC,lp_fm_caduceus-ph_seqlen-131k_d_model-256_n_layer-16_MCC,-0.06435375215683847,False,True,False
iPro-WAEL/Promoter_B_amyloliquefaciens,iPro-WAEL,0.550317186417403,0.6132195377619192,Caduceus,fm_caduceus-ph_seqlen-131k_d_model-256_n_layer-16_MCC,lp_fm_caduceus-ph_seqlen-131k_d_model-256_n_layer-16_MCC,-0.06290235134451616,False,True,False
iPro-WAEL/Promoter_GM12878,iPro-WAEL,0.8930968138827523,0.8923976218722784,Caduceus,fm_caduceus-ph_seqlen-131k_d_model-256_n_layer-16_MCC,lp_fm_caduceus-ph_seqlen-131k_d_model-256_n_layer-16_MCC,0.0006991920104738591,True,False,False
iPro-WAEL/Promoter_HUVEC,iPro-WAEL,0.9088678198146396,0.9108884745407346,Caduceus,fm_caduceus-ph_seqlen-131k_d_model-256_n_layer-16_MCC,lp_fm_caduceus-ph_seqlen-131k_d_model-256_n_layer-16_MCC,-0.002020654726095028,False,True,False
iPro-WAEL/Promoter_Hela-S3,iPro-WAEL,0.8986767341998281,0.9075220419827236,Caduceus,fm_caduceus-ph_seqlen-131k_d_model-256_n_layer-16_MCC,lp_fm_caduceus-ph_seqlen-131k_d_model-256_n_layer-16_MCC,-0.008845307782895495,False,True,False
iPro-WAEL/Promoter_NHEK,iPro-WAEL,0.7779165686483155,0.8025343000034281,Caduceus,fm_caduceus-ph_seqlen-131k_d_model-256_n_layer-16_MCC,lp_fm_caduceus-ph_seqlen-131k_d_model-256_n_layer-16_MCC,-0.024617731355112582,False,True,False
iPro-WAEL/Promoter_R_capsulatus,iPro-WAEL,0.2554711031630114,0.3237928011364656,Caduceus,fm_caduceus-ph_seqlen-131k_d_model-256_n_layer-16_MCC,lp_fm_caduceus-ph_seqlen-131k_d_model-256_n_layer-16_MCC,-0.06832169797345417,False,True,False
mouse/mouse_TFBS_1,mouse,0.1518668828552772,0.409067353360131,Caduceus,fm_caduceus-ph_seqlen-131k_d_model-256_n_layer-16_MCC,lp_fm_caduceus-ph_seqlen-131k_d_model-256_n_layer-16_MCC,-0.25720047050485384,False,True,False
mouse/mouse_TFBS_2,mouse,0.7305314057190672,0.75378732790185,Caduceus,fm_caduceus-ph_seqlen-131k_d_model-256_n_layer-16_MCC,lp_fm_caduceus-ph_seqlen-131k_d_model-256_n_layer-16_MCC,-0.02325592218278283,False,True,False
mouse/mouse_TFBS_3,mouse,0.5993086573690988,0.7050602176915629,Caduceus,fm_caduceus-ph_seqlen-131k_d_model-256_n_layer-16_MCC,lp_fm_caduceus-ph_seqlen-131k_d_model-256_n_layer-16_MCC,-0.10575156032246413,False,True,False
mouse/mouse_TFBS_4,mouse,0.1295408741870012,0.4613998389878886,Caduceus,fm_caduceus-ph_seqlen-131k_d_model-256_n_layer-16_MCC,lp_fm_caduceus-ph_seqlen-131k_d_model-256_n_layer-16_MCC,-0.3318589648008874,False,True,False
mouse/mouse_TFBS_5,mouse,0.2337542099566101,0.4092509514507837,Caduceus,fm_caduceus-ph_seqlen-131k_d_model-256_n_layer-16_MCC,lp_fm_caduceus-ph_seqlen-131k_d_model-256_n_layer-16_MCC,-0.17549674149417363,False,True,False
prom/promoter_all_300bps,prom,0.7737215882864958,0.8015666839810688,Caduceus,fm_caduceus-ph_seqlen-131k_d_model-256_n_layer-16_MCC,lp_fm_caduceus-ph_seqlen-131k_d_model-256_n_layer-16_MCC,-0.02784509569457294,False,True,False
prom/promoter_all_70bps,prom,0.5766995022083391,0.5913276418070701,Caduceus,fm_caduceus-ph_seqlen-131k_d_model-256_n_layer-16_MCC,lp_fm_caduceus-ph_seqlen-131k_d_model-256_n_layer-16_MCC,-0.014628139598730994,False,True,False
prom/promoter_notata_300bps,prom,0.8571619414188787,0.9128399065951428,Caduceus,fm_caduceus-ph_seqlen-131k_d_model-256_n_layer-16_MCC,lp_fm_caduceus-ph_seqlen-131k_d_model-256_n_layer-16_MCC,-0.05567796517626411,False,True,False
prom/promoter_notata_70bps,prom,0.6220056628757475,0.6447705110123476,Caduceus,fm_caduceus-ph_seqlen-131k_d_model-256_n_layer-16_MCC,lp_fm_caduceus-ph_seqlen-131k_d_model-256_n_layer-16_MCC,-0.02276484813660007,False,True,False
prom/promoter_tata_300bps,prom,0.4576695312434952,0.5587167760808406,Caduceus,fm_caduceus-ph_seqlen-131k_d_model-256_n_layer-16_MCC,lp_fm_caduceus-ph_seqlen-131k_d_model-256_n_layer-16_MCC,-0.1010472448373454,False,True,False
prom/promoter_tata_70bps,prom,0.4521483255351493,0.5243605268322565,Caduceus,fm_caduceus-ph_seqlen-131k_d_model-256_n_layer-16_MCC,lp_fm_caduceus-ph_seqlen-131k_d_model-256_n_layer-16_MCC,-0.07221220129710726,False,True,False
splice/acceptors,splice,0.5401608619815155,0.4890924663598118,Caduceus,fm_caduceus-ph_seqlen-131k_d_model-256_n_layer-16_MCC,lp_fm_caduceus-ph_seqlen-131k_d_model-256_n_layer-16_MCC,0.05106839562170368,True,False,False
splice/donors,splice,0.5416119904417952,0.5009056048383085,Caduceus,fm_caduceus-ph_seqlen-131k_d_model-256_n_layer-16_MCC,lp_fm_caduceus-ph_seqlen-131k_d_model-256_n_layer-16_MCC,0.04070638560348672,True,False,False
splice/splice_site_type_DNABERT,splice,0.3255293489044651,0.3099864733278936,Caduceus,fm_caduceus-ph_seqlen-131k_d_model-256_n_layer-16_MCC,lp_fm_caduceus-ph_seqlen-131k_d_model-256_n_layer-16_MCC,0.015542875576571524,True,False,False
splice/splice_site_type_NT,splice,0.3281220149596919,0.387542196138294,Caduceus,fm_caduceus-ph_seqlen-131k_d_model-256_n_layer-16_MCC,lp_fm_caduceus-ph_seqlen-131k_d_model-256_n_layer-16_MCC,-0.059420181178602094,False,True,False
tf/Human_TFBS_1,tf,0.590124099743791,0.6035726609671166,Caduceus,fm_caduceus-ph_seqlen-131k_d_model-256_n_layer-16_MCC,lp_fm_caduceus-ph_seqlen-131k_d_model-256_n_layer-16_MCC,-0.013448561223325606,False,True,False
tf/Human_TFBS_2,tf,0.5450953640090047,0.5580272910415491,Caduceus,fm_caduceus-ph_seqlen-131k_d_model-256_n_layer-16_MCC,lp_fm_caduceus-ph_seqlen-131k_d_model-256_n_layer-16_MCC,-0.012931927032544421,False,True,False
tf/Human_TFBS_3,tf,0.4794096617659301,0.4777643538638958,Caduceus,fm_caduceus-ph_seqlen-131k_d_model-256_n_layer-16_MCC,lp_fm_caduceus-ph_seqlen-131k_d_model-256_n_layer-16_MCC,0.0016453079020342654,True,False,False
tf/Human_TFBS_4,tf,0.3822886488177249,0.383486820953704,Caduceus,fm_caduceus-ph_seqlen-131k_d_model-256_n_layer-16_MCC,lp_fm_caduceus-ph_seqlen-131k_d_model-256_n_layer-16_MCC,-0.0011981721359791142,False,True,False
tf/Human_TFBS_5,tf,0.67882023281151,0.5605501100357803,Caduceus,fm_caduceus-ph_seqlen-131k_d_model-256_n_layer-16_MCC,lp_fm_caduceus-ph_seqlen-131k_d_model-256_n_layer-16_MCC,0.11827012277572979,True,False,False
virus/covid_variants,virus,0.507862678152721,0.1907638317326482,Caduceus,fm_caduceus-ph_seqlen-131k_d_model-256_n_layer-16_MCC,lp_fm_caduceus-ph_seqlen-131k_d_model-256_n_layer-16_MCC,0.3170988464200728,True,False,False
EMP/Yeast_H3,EMP,0.5309273031668712,0.5164147296437951,Evo2,fm_evo2_1b_base_MCC,lp_fm_evo2_1b_base_MCC,0.014512573523076111,True,False,False
EMP/Yeast_H3K14ac,EMP,0.1082184107874969,0.1244944532421796,Evo2,fm_evo2_1b_base_MCC,lp_fm_evo2_1b_base_MCC,-0.0162760424546827,False,True,False
EMP/Yeast_H3K36me3,EMP,0.1351633916453983,0.1369380844485753,Evo2,fm_evo2_1b_base_MCC,lp_fm_evo2_1b_base_MCC,-0.0017746928031769915,False,True,False
EMP/Yeast_H3K4me1,EMP,0.124919729079114,0.1234397282938941,Evo2,fm_evo2_1b_base_MCC,lp_fm_evo2_1b_base_MCC,0.0014800007852198982,True,False,False
EMP/Yeast_H3K4me2,EMP,0.2090752932930646,0.2414710033984236,Evo2,fm_evo2_1b_base_MCC,lp_fm_evo2_1b_base_MCC,-0.032395710105358994,False,True,False
EMP/Yeast_H3K4me3,EMP,0.082432739237597,0.1274768841054105,Evo2,fm_evo2_1b_base_MCC,lp_fm_evo2_1b_base_MCC,-0.045044144867813496,False,True,False
EMP/Yeast_H3K79me3,EMP,0.2580090597981654,0.221292440021645,Evo2,fm_evo2_1b_base_MCC,lp_fm_evo2_1b_base_MCC,0.03671661977652041,True,False,False
EMP/Yeast_H3K9ac,EMP,0.2849559973385209,0.302809436994364,Evo2,fm_evo2_1b_base_MCC,lp_fm_evo2_1b_base_MCC,-0.01785343965584313,False,True,False
EMP/Yeast_H4,EMP,0.4060699876478689,0.3633333678838686,Evo2,fm_evo2_1b_base_MCC,lp_fm_evo2_1b_base_MCC,0.04273661976400028,True,False,False
EMP/Yeast_H4ac,EMP,0.1696739277828994,0.2006769817559852,Evo2,fm_evo2_1b_base_MCC,lp_fm_evo2_1b_base_MCC,-0.03100305397308581,False,True,False
deep4mc/A.thaliana_4mC,deep4mc,0.0284596332830533,0.0456400475021798,Evo2,fm_evo2_1b_base_MCC,lp_fm_evo2_1b_base_MCC,-0.0171804142191265,False,True,False
deep4mc/C.elegans_4mC,deep4mc,0.0877503062077844,0.1083815516317886,Evo2,fm_evo2_1b_base_MCC,lp_fm_evo2_1b_base_MCC,-0.0206312454240042,False,True,False
deep4mc/D.melanogaster_4mC,deep4mc,0.0319729664759675,0.0517931735499416,Evo2,fm_evo2_1b_base_MCC,lp_fm_evo2_1b_base_MCC,-0.019820207073974097,False,True,False
deep4mc/E.coli_4mC,deep4mc,0.0073400459285932,0.0,Evo2,fm_evo2_1b_base_MCC,lp_fm_evo2_1b_base_MCC,0.0073400459285932,True,False,False
deep4mc/G.pickeringii_4mC,deep4mc,0.0216747386045058,0.0220253630040796,Evo2,fm_evo2_1b_base_MCC,lp_fm_evo2_1b_base_MCC,-0.0003506243995738019,False,True,False
deep4mc/G.subterraneus_4mC,deep4mc,0.0109577371327056,,Evo2,fm_evo2_1b_base_MCC,lp_fm_evo2_1b_base_MCC,,False,False,False
enhancers/enhancer,enhancers,0.5355425115786407,0.4256442745669518,Evo2,fm_evo2_1b_base_MCC,lp_fm_evo2_1b_base_MCC,0.10989823701168894,True,False,False
enhancers/enhancer_strength,enhancers,0.5046812274821894,0.3193229392711094,Evo2,fm_evo2_1b_base_MCC,lp_fm_evo2_1b_base_MCC,0.18535828821107997,True,False,False
genomic_benchmark/coding,genomic_benchmark,0.5108895355556011,0.4882441008448023,Evo2,fm_evo2_1b_base_MCC,lp_fm_evo2_1b_base_MCC,0.02264543471079883,True,False,False
genomic_benchmark/enhancer_cohn,genomic_benchmark,0.3235489715630738,0.3429303589088717,Evo2,fm_evo2_1b_base_MCC,lp_fm_evo2_1b_base_MCC,-0.019381387345797918,False,True,False
genomic_benchmark/enhancer_ensembl,genomic_benchmark,0.4710650072883204,0.2190452965052086,Evo2,fm_evo2_1b_base_MCC,lp_fm_evo2_1b_base_MCC,0.2520197107831118,True,False,False
genomic_benchmark/human_vs_worm,genomic_benchmark,0.310590006626231,0.2799144506924156,Evo2,fm_evo2_1b_base_MCC,lp_fm_evo2_1b_base_MCC,0.03067555593381538,True,False,False
genomic_benchmark/open_chromatin_region,genomic_benchmark,0.1827085316443339,0.1063945643684331,Evo2,fm_evo2_1b_base_MCC,lp_fm_evo2_1b_base_MCC,0.0763139672759008,True,False,False
genomic_benchmark/promoter_notata_251bps,genomic_benchmark,0.4452830186138681,0.4266893941067767,Evo2,fm_evo2_1b_base_MCC,lp_fm_evo2_1b_base_MCC,0.0185936245070914,True,False,False
genomic_benchmark/regulatory_region_type,genomic_benchmark,0.4449543280196411,0.253877657644471,Evo2,fm_evo2_1b_base_MCC,lp_fm_evo2_1b_base_MCC,0.19107667037517007,True,False,False
iDHS-EL/DNase_I,iDHS-EL,0.1571954983783718,0.1263202478595772,Evo2,fm_evo2_1b_base_MCC,lp_fm_evo2_1b_base_MCC,0.030875250518794584,True,False,False
iDNA_ABF/5mC,iDNA_ABF,0.0234809742752383,0.0804075449060556,Evo2,fm_evo2_1b_base_MCC,lp_fm_evo2_1b_base_MCC,-0.056926570630817304,False,True,False
iDNA_ABF/6mA,iDNA_ABF,0.1678955613470228,0.1860843414643624,Evo2,fm_evo2_1b_base_MCC,lp_fm_evo2_1b_base_MCC,-0.018188780117339598,False,True,False
iPro-WAEL/Promoter_Arabidopsis_NonTATA,iPro-WAEL,0.4287259258606705,0.44468839992479,Evo2,fm_evo2_1b_base_MCC,lp_fm_evo2_1b_base_MCC,-0.015962474064119492,False,True,False
iPro-WAEL/Promoter_Arabidopsis_TATA,iPro-WAEL,0.4815835928650449,0.5338687403884343,Evo2,fm_evo2_1b_base_MCC,lp_fm_evo2_1b_base_MCC,-0.052285147523389475,False,True,False
iPro-WAEL/Promoter_B_amyloliquefaciens,iPro-WAEL,0.3365070421496348,0.3993611645836245,Evo2,fm_evo2_1b_base_MCC,lp_fm_evo2_1b_base_MCC,-0.06285412243398969,False,True,False
iPro-WAEL/Promoter_GM12878,iPro-WAEL,0.7237657677756101,0.7117624942568572,Evo2,fm_evo2_1b_base_MCC,lp_fm_evo2_1b_base_MCC,0.012003273518752855,True,False,False
iPro-WAEL/Promoter_HUVEC,iPro-WAEL,0.7614094522612123,0.7506759269429926,Evo2,fm_evo2_1b_base_MCC,lp_fm_evo2_1b_base_MCC,0.010733525318219694,True,False,False
iPro-WAEL/Promoter_Hela-S3,iPro-WAEL,0.7506687653326723,0.7493660347317259,Evo2,fm_evo2_1b_base_MCC,lp_fm_evo2_1b_base_MCC,0.0013027306009464334,True,False,False
iPro-WAEL/Promoter_NHEK,iPro-WAEL,0.5607542437969267,0.5720760999401631,Evo2,fm_evo2_1b_base_MCC,lp_fm_evo2_1b_base_MCC,-0.01132185614323633,False,True,False
iPro-WAEL/Promoter_R_capsulatus,iPro-WAEL,0.0677449942982849,0.0881862572885608,Evo2,fm_evo2_1b_base_MCC,lp_fm_evo2_1b_base_MCC,-0.020441262990275905,False,True,False
mouse/mouse_TFBS_1,mouse,-0.0024703443072477,0.0306938124092968,Evo2,fm_evo2_1b_base_MCC,lp_fm_evo2_1b_base_MCC,-0.0331641567165445,False,True,False
mouse/mouse_TFBS_2,mouse,0.4481652425345424,0.412472874589641,Evo2,fm_evo2_1b_base_MCC,lp_fm_evo2_1b_base_MCC,0.03569236794490138,True,False,False
mouse/mouse_TFBS_3,mouse,0.4512610275311857,0.4344232224336314,Evo2,fm_evo2_1b_base_MCC,lp_fm_evo2_1b_base_MCC,0.01683780509755428,True,False,False
mouse/mouse_TFBS_4,mouse,0.0096959898447912,0.0687027778168654,Evo2,fm_evo2_1b_base_MCC,lp_fm_evo2_1b_base_MCC,-0.059006787972074204,False,True,False
mouse/mouse_TFBS_5,mouse,0.0198319880058196,0.0116815213186096,Evo2,fm_evo2_1b_base_MCC,lp_fm_evo2_1b_base_MCC,0.00815046668721,True,False,False
prom/promoter_all_300bps,prom,0.4934466991638878,0.4310067752503946,Evo2,fm_evo2_1b_base_MCC,lp_fm_evo2_1b_base_MCC,0.06243992391349318,True,False,False
prom/promoter_all_70bps,prom,0.3608423718418503,0.3269892969911536,Evo2,fm_evo2_1b_base_MCC,lp_fm_evo2_1b_base_MCC,0.03385307485069672,True,False,False
prom/promoter_notata_300bps,prom,0.5668237341490606,0.4670666617871301,Evo2,fm_evo2_1b_base_MCC,lp_fm_evo2_1b_base_MCC,0.09975707236193054,True,False,False
prom/promoter_notata_70bps,prom,0.3813506960212423,0.342462408845803,Evo2,fm_evo2_1b_base_MCC,lp_fm_evo2_1b_base_MCC,0.038888287175439296,True,False,False
prom/promoter_tata_300bps,prom,0.217442691017814,0.267431750771344,Evo2,fm_evo2_1b_base_MCC,lp_fm_evo2_1b_base_MCC,-0.04998905975353002,False,True,False
prom/promoter_tata_70bps,prom,0.2206533470495053,0.2764159145142836,Evo2,fm_evo2_1b_base_MCC,lp_fm_evo2_1b_base_MCC,-0.05576256746477831,False,True,False
splice/acceptors,splice,0.1605423974155596,0.1561475494106798,Evo2,fm_evo2_1b_base_MCC,lp_fm_evo2_1b_base_MCC,0.004394848004879798,True,False,False
splice/donors,splice,0.1381511795070753,0.0791371076384619,Evo2,fm_evo2_1b_base_MCC,lp_fm_evo2_1b_base_MCC,0.059014071868613405,True,False,False
splice/splice_site_type_DNABERT,splice,0.1690199210723849,-0.0049680852356732,Evo2,fm_evo2_1b_base_MCC,lp_fm_evo2_1b_base_MCC,0.1739880063080581,True,False,False
splice/splice_site_type_NT,splice,0.1694709152204783,0.1174862477206644,Evo2,fm_evo2_1b_base_MCC,lp_fm_evo2_1b_base_MCC,0.0519846674998139,True,False,False
tf/Human_TFBS_1,tf,0.0758740946831584,0.0948691982535481,Evo2,fm_evo2_1b_base_MCC,lp_fm_evo2_1b_base_MCC,-0.018995103570389707,False,True,False
tf/Human_TFBS_2,tf,0.0571569136159016,0.0638806094343361,Evo2,fm_evo2_1b_base_MCC,lp_fm_evo2_1b_base_MCC,-0.0067236958184345025,False,True,False
tf/Human_TFBS_3,tf,0.0739955008193533,0.0687491773043386,Evo2,fm_evo2_1b_base_MCC,lp_fm_evo2_1b_base_MCC,0.005246323515014695,True,False,False
tf/Human_TFBS_4,tf,0.0460980115005973,0.0247794077927181,Evo2,fm_evo2_1b_base_MCC,lp_fm_evo2_1b_base_MCC,0.0213186037078792,True,False,False
tf/Human_TFBS_5,tf,0.3691201268097915,0.0836446335009258,Evo2,fm_evo2_1b_base_MCC,lp_fm_evo2_1b_base_MCC,0.2854754933088657,True,False,False
virus/covid_variants,virus,0.2431583755163715,0.0147823213849098,Evo2,fm_evo2_1b_base_MCC,lp_fm_evo2_1b_base_MCC,0.22837605413146173,True,False,False
